chrome-extension-main/content.js(7,7): error TS2451: Cannot redeclare block-scoped variable 'SENSITIVE_PATTERNS'.
chrome-extension-main/content.js(18,24): error TS7006: Parameter 'text' implicitly has an 'any' type.
chrome-extension-main/content.js(24,9): error TS7053: Element implicitly has an 'any' type because expression of type 'string' can't be used to index type '{ creditCard: RegExp; phoneNumber: RegExp; aadhaarLoose: RegExp; panLoose: RegExp; bankAccountLoose: RegExp; awsKey: RegExp; email: RegExp; ... 8 more ...; highEntropySecret: RegExp; }'.
  No index signature with a parameter of type 'string' was found on type '{ creditCard: RegExp; phoneNumber: RegExp; aadhaarLoose: RegExp; panLoose: RegExp; bankAccountLoose: RegExp; awsKey: RegExp; email: RegExp; ... 8 more ...; highEntropySecret: RegExp; }'.
chrome-extension-main/content.js(26,13): error TS7053: Element implicitly has an 'any' type because expression of type 'string' can't be used to index type '{ creditCard: RegExp; phoneNumber: RegExp; aadhaarLoose: RegExp; panLoose: RegExp; bankAccountLoose: RegExp; awsKey: RegExp; email: RegExp; ... 8 more ...; highEntropySecret: RegExp; }'.
  No index signature with a parameter of type 'string' was found on type '{ creditCard: RegExp; phoneNumber: RegExp; aadhaarLoose: RegExp; panLoose: RegExp; bankAccountLoose: RegExp; awsKey: RegExp; email: RegExp; ... 8 more ...; highEntropySecret: RegExp; }'.
chrome-extension-main/content.js(28,49): error TS7053: Element implicitly has an 'any' type because expression of type 'string' can't be used to index type '{ creditCard: RegExp; phoneNumber: RegExp; aadhaarLoose: RegExp; panLoose: RegExp; bankAccountLoose: RegExp; awsKey: RegExp; email: RegExp; ... 8 more ...; highEntropySecret: RegExp; }'.
  No index signature with a parameter of type 'string' was found on type '{ creditCard: RegExp; phoneNumber: RegExp; aadhaarLoose: RegExp; panLoose: RegExp; bankAccountLoose: RegExp; awsKey: RegExp; email: RegExp; ... 8 more ...; highEntropySecret: RegExp; }'.
chrome-extension-main/content.js(35,23): error TS7006: Parameter 'analysis' implicitly has an 'any' type.
chrome-extension-main/content.js(37,13): error TS2304: Cannot find name 'chrome'.
chrome-extension-main/content.js(37,31): error TS2304: Cannot find name 'chrome'.
chrome-extension-main/content.js(38,13): error TS2304: Cannot find name 'chrome'.
chrome-extension-main/content.js(38,66): error TS7006: Parameter 'result' implicitly has an 'any' type.
chrome-extension-main/content.js(39,21): error TS2304: Cannot find name 'chrome'.
chrome-extension-main/content.js(45,47): error TS7006: Parameter 'type' implicitly has an 'any' type.
chrome-extension-main/content.js(57,17): error TS2304: Cannot find name 'chrome'.
chrome-extension-main/content.js(66,28): error TS7006: Parameter 'analysis' implicitly has an 'any' type.
chrome-extension-main/content.js(66,38): error TS7006: Parameter 'targetElement' implicitly has an 'any' type.
chrome-extension-main/content.js(99,24): error TS7006: Parameter 'message' implicitly has an 'any' type.
chrome-extension-main/content.js(155,28): error TS7006: Parameter 'event' implicitly has an 'any' type.
chrome-extension-main/content.js(155,35): error TS7006: Parameter 'userInput' implicitly has an 'any' type.
chrome-extension-main/content.js(155,46): error TS7006: Parameter 'inputElement' implicitly has an 'any' type.
chrome-extension-main/content.js(177,5): error TS2451: Cannot redeclare block-scoped variable 'activeTextInput'.
chrome-extension-main/content.js(181,9): error TS18047: 'e.target' is possibly 'null'.
chrome-extension-main/content.js(181,18): error TS2339: Property 'tagName' does not exist on type 'EventTarget'.
chrome-extension-main/content.js(181,44): error TS18047: 'e.target' is possibly 'null'.
chrome-extension-main/content.js(181,53): error TS2339: Property 'role' does not exist on type 'EventTarget'.
chrome-extension-main/content.js(181,75): error TS18047: 'e.target' is possibly 'null'.
chrome-extension-main/content.js(181,84): error TS2339: Property 'isContentEditable' does not exist on type 'EventTarget'.
chrome-extension-main/content.js(188,24): error TS18047: 'event.target' is possibly 'null'.
chrome-extension-main/content.js(188,37): error TS2339: Property 'tagName' does not exist on type 'EventTarget'.
chrome-extension-main/content.js(189,24): error TS18047: 'event.target' is possibly 'null'.
chrome-extension-main/content.js(189,37): error TS2339: Property 'role' does not exist on type 'EventTarget'.
chrome-extension-main/content.js(190,24): error TS18047: 'event.target' is possibly 'null'.
chrome-extension-main/content.js(190,37): error TS2339: Property 'contentEditable' does not exist on type 'EventTarget'.
chrome-extension-main/content.js(193,27): error TS18047: 'event.target' is possibly 'null'.
chrome-extension-main/content.js(193,40): error TS2339: Property 'innerText' does not exist on type 'EventTarget'.
chrome-extension-main/content.js(193,53): error TS18047: 'event.target' is possibly 'null'.
chrome-extension-main/content.js(193,66): error TS2339: Property 'value' does not exist on type 'EventTarget'.
chrome-extension-main/content.js(206,24): error TS2339: Property 'tagName' does not exist on type 'EventTarget'.
chrome-extension-main/content.js(206,55): error TS2339: Property 'role' does not exist on type 'EventTarget'.
chrome-extension-main/content.js(207,38): error TS2339: Property 'getAttribute' does not exist on type 'EventTarget'.
chrome-extension-main/content.js(208,40): error TS2339: Property 'getAttribute' does not exist on type 'EventTarget'.
chrome-extension-main/content.js(209,39): error TS2339: Property 'getAttribute' does not exist on type 'EventTarget'.
chrome-extension-main/content.js(213,78): error TS2339: Property 'type' does not exist on type 'EventTarget'.
chrome-extension-main/content.js(218,29): error TS2339: Property 'parentElement' does not exist on type 'EventTarget'.
chrome-extension-main/content.js(223,34): error TS7005: Variable 'activeTextInput' implicitly has an 'any' type.
chrome-extension-main/content.js(234,12): error TS2339: Property 'SentinelScanner' does not exist on type 'Window & typeof globalThis'.
chrome-extension-main/content.js(234,45): error TS2339: Property 'SentinelScanner' does not exist on type 'Window & typeof globalThis'.
chrome-extension-main/content.js(235,12): error TS2339: Property 'SentinelScanner' does not exist on type 'Window & typeof globalThis'.
content.js(7,7): error TS2451: Cannot redeclare block-scoped variable 'SENSITIVE_PATTERNS'.
content.js(26,24): error TS7006: Parameter 'matchesFound' implicitly has an 'any' type.
content.js(36,38): error TS7006: Parameter 'match' implicitly has an 'any' type.
content.js(36,48): error TS7053: Element implicitly has an 'any' type because expression of type 'any' can't be used to index type '{ phoneNumber: string; aadhaarLoose: string; aadhaarNumber: string; panLoose: string; panNumber: string; bankAccountLoose: string; }'.
content.js(40,24): error TS7006: Parameter 'text' implicitly has an 'any' type.
content.js(46,9): error TS7053: Element implicitly has an 'any' type because expression of type 'string' can't be used to index type '{ creditCard: RegExp; phoneNumber: RegExp; aadhaarLoose: RegExp; panLoose: RegExp; bankAccountLoose: RegExp; awsKey: RegExp; email: RegExp; ... 8 more ...; highEntropySecret: RegExp; }'.
  No index signature with a parameter of type 'string' was found on type '{ creditCard: RegExp; phoneNumber: RegExp; aadhaarLoose: RegExp; panLoose: RegExp; bankAccountLoose: RegExp; awsKey: RegExp; email: RegExp; ... 8 more ...; highEntropySecret: RegExp; }'.
content.js(48,13): error TS7053: Element implicitly has an 'any' type because expression of type 'string' can't be used to index type '{ creditCard: RegExp; phoneNumber: RegExp; aadhaarLoose: RegExp; panLoose: RegExp; bankAccountLoose: RegExp; awsKey: RegExp; email: RegExp; ... 8 more ...; highEntropySecret: RegExp; }'.
  No index signature with a parameter of type 'string' was found on type '{ creditCard: RegExp; phoneNumber: RegExp; aadhaarLoose: RegExp; panLoose: RegExp; bankAccountLoose: RegExp; awsKey: RegExp; email: RegExp; ... 8 more ...; highEntropySecret: RegExp; }'.
content.js(50,49): error TS7053: Element implicitly has an 'any' type because expression of type 'string' can't be used to index type '{ creditCard: RegExp; phoneNumber: RegExp; aadhaarLoose: RegExp; panLoose: RegExp; bankAccountLoose: RegExp; awsKey: RegExp; email: RegExp; ... 8 more ...; highEntropySecret: RegExp; }'.
  No index signature with a parameter of type 'string' was found on type '{ creditCard: RegExp; phoneNumber: RegExp; aadhaarLoose: RegExp; panLoose: RegExp; bankAccountLoose: RegExp; awsKey: RegExp; email: RegExp; ... 8 more ...; highEntropySecret: RegExp; }'.
content.js(56,26): error TS7006: Parameter 'message' implicitly has an 'any' type.
content.js(56,35): error TS7006: Parameter 'type' implicitly has an 'any' type.
content.js(85,12): error TS7005: Variable 'activeTextInput' implicitly has an 'any' type.
content.js(88,23): error TS7006: Parameter 'inputEl' implicitly has an 'any' type.
content.js(88,32): error TS7006: Parameter 'text' implicitly has an 'any' type.
content.js(100,54): error TS2345: Argument of type 'null' is not assignable to parameter of type 'string | undefined'.
content.js(113,16): error TS2339: Property 'JSZip' does not exist on type 'Window & typeof globalThis'.
content.js(113,53): error TS2339: Property 'JSZip' does not exist on type 'Window & typeof globalThis'.
content.js(119,28): error TS2339: Property 'JSZip' does not exist on type 'Window & typeof globalThis'.
content.js(120,36): error TS2339: Property 'JSZip' does not exist on type 'Window & typeof globalThis'.
content.js(131,22): error TS2304: Cannot find name 'chrome'.
content.js(132,46): error TS2339: Property 'JSZip' does not exist on type 'Window & typeof globalThis'.
content.js(138,36): error TS7006: Parameter 'file' implicitly has an 'any' type.
content.js(145,21): error TS2339: Property 'JSZip' does not exist on type 'Window & typeof globalThis'.
content.js(152,34): error TS2339: Property 'JSZip' does not exist on type 'Window & typeof globalThis'.
content.js(163,23): error TS7006: Parameter 'analysis' implicitly has an 'any' type.
content.js(165,13): error TS2304: Cannot find name 'chrome'.
content.js(165,31): error TS2304: Cannot find name 'chrome'.
content.js(166,13): error TS2304: Cannot find name 'chrome'.
content.js(166,66): error TS7006: Parameter 'result' implicitly has an 'any' type.
content.js(167,21): error TS2304: Cannot find name 'chrome'.
content.js(173,47): error TS7006: Parameter 'type' implicitly has an 'any' type.
content.js(185,17): error TS2304: Cannot find name 'chrome'.
content.js(194,22): error TS7006: Parameter 'obj' implicitly has an 'any' type.
content.js(196,15): error TS2304: Cannot find name 'chrome'.
content.js(196,25): error TS2304: Cannot find name 'chrome'.
content.js(196,43): error TS2304: Cannot find name 'chrome'.
content.js(206,9): error TS2304: Cannot find name 'chrome'.
content.js(206,52): error TS7006: Parameter 'res' implicitly has an 'any' type.
content.js(211,13): error TS2304: Cannot find name 'chrome'.
content.js(214,57): error TS2339: Property 'message' does not exist on type '{}'.
content.js(214,69): error TS2339: Property 'message' does not exist on type '{}'.
content.js(219,28): error TS7006: Parameter 'analysis' implicitly has an 'any' type.
content.js(219,38): error TS7006: Parameter 'targetElement' implicitly has an 'any' type.
content.js(219,53): error TS7006: Parameter 'options' implicitly has an 'any' type.
content.js(310,24): error TS7006: Parameter 'message' implicitly has an 'any' type.
content.js(406,28): error TS7006: Parameter 'event' implicitly has an 'any' type.
content.js(406,35): error TS7006: Parameter 'userInput' implicitly has an 'any' type.
content.js(406,46): error TS7006: Parameter 'inputElement' implicitly has an 'any' type.
content.js(433,5): error TS2451: Cannot redeclare block-scoped variable 'activeTextInput'.
content.js(433,5): error TS7034: Variable 'activeTextInput' implicitly has type 'any' in some locations where its type cannot be determined.
content.js(434,5): error TS7034: Variable 'lastSendButton' implicitly has type 'any' in some locations where its type cannot be determined.
content.js(438,9): error TS7005: Variable 'lastSendButton' implicitly has an 'any' type.
content.js(451,9): error TS18047: 'e.target' is possibly 'null'.
content.js(451,18): error TS2339: Property 'tagName' does not exist on type 'EventTarget'.
content.js(451,44): error TS18047: 'e.target' is possibly 'null'.
content.js(451,53): error TS2339: Property 'role' does not exist on type 'EventTarget'.
content.js(451,75): error TS18047: 'e.target' is possibly 'null'.
content.js(451,84): error TS2339: Property 'isContentEditable' does not exist on type 'EventTarget'.
content.js(457,9): error TS18047: 'e.target' is possibly 'null'.
content.js(457,18): error TS2339: Property 'tagName' does not exist on type 'EventTarget'.
content.js(457,44): error TS18047: 'e.target' is possibly 'null'.
content.js(457,53): error TS2339: Property 'role' does not exist on type 'EventTarget'.
content.js(457,75): error TS18047: 'e.target' is possibly 'null'.
content.js(457,84): error TS2339: Property 'isContentEditable' does not exist on type 'EventTarget'.
content.js(464,24): error TS18047: 'event.target' is possibly 'null'.
content.js(464,37): error TS2339: Property 'tagName' does not exist on type 'EventTarget'.
content.js(465,24): error TS18047: 'event.target' is possibly 'null'.
content.js(465,37): error TS2339: Property 'role' does not exist on type 'EventTarget'.
content.js(466,24): error TS18047: 'event.target' is possibly 'null'.
content.js(466,37): error TS2339: Property 'contentEditable' does not exist on type 'EventTarget'.
content.js(469,27): error TS18047: 'event.target' is possibly 'null'.
content.js(469,40): error TS2339: Property 'innerText' does not exist on type 'EventTarget'.
content.js(469,53): error TS18047: 'event.target' is possibly 'null'.
content.js(469,66): error TS2339: Property 'value' does not exist on type 'EventTarget'.
content.js(482,24): error TS2339: Property 'tagName' does not exist on type 'EventTarget'.
content.js(482,55): error TS2339: Property 'role' does not exist on type 'EventTarget'.
content.js(483,38): error TS2339: Property 'getAttribute' does not exist on type 'EventTarget'.
content.js(484,40): error TS2339: Property 'getAttribute' does not exist on type 'EventTarget'.
content.js(485,39): error TS2339: Property 'getAttribute' does not exist on type 'EventTarget'.
content.js(489,78): error TS2339: Property 'type' does not exist on type 'EventTarget'.
content.js(495,29): error TS2339: Property 'parentElement' does not exist on type 'EventTarget'.
content.js(500,34): error TS7005: Variable 'activeTextInput' implicitly has an 'any' type.
content.js(580,16): error TS2339: Property 'SentinelScanner' does not exist on type 'Window & typeof globalThis'.
content.js(580,49): error TS2339: Property 'SentinelScanner' does not exist on type 'Window & typeof globalThis'.
content.js(581,16): error TS2339: Property 'SentinelScanner' does not exist on type 'Window & typeof globalThis'.
content.js(601,26): error TS2339: Property 'detail' does not exist on type 'Event'.
content.js(605,29): error TS2339: Property 'detail' does not exist on type 'Event'.
content.js(610,27): error TS7006: Parameter 'reqId' implicitly has an 'any' type.
content.js(610,34): error TS7006: Parameter 'allow' implicitly has an 'any' type.
content.js(615,71): error TS2339: Property 'message' does not exist on type '{}'.
content.js(615,83): error TS2339: Property 'message' does not exist on type '{}'.
content.js(662,85): error TS2304: Cannot find name 'fname'.
content.js(662,110): error TS2339: Property 'message' does not exist on type '{}'.
content.js(662,124): error TS2339: Property 'message' does not exist on type '{}'.
content.js(684,34): error TS2339: Property 'querySelectorAll' does not exist on type 'Node'.
content.js(685,54): error TS2339: Property 'querySelectorAll' does not exist on type 'Node'.
content.js(687,34): error TS2339: Property 'tagName' does not exist on type 'Node'.
logs.js(3,9): error TS2304: Cannot find name 'chrome'.
logs.js(3,53): error TS7006: Parameter 'result' implicitly has an 'any' type.
logs.js(7,13): error TS18047: 'logBody' is possibly 'null'.
logs.js(10,17): error TS18047: 'logBody' is possibly 'null'.
logs.js(15,36): error TS7006: Parameter 'log' implicitly has an 'any' type.
logs.js(27,17): error TS18047: 'logBody' is possibly 'null'.
logs.js(40,17): error TS2304: Cannot find name 'chrome'.
logs.js(49,13): error TS2304: Cannot find name 'chrome'.
logs.js(49,57): error TS7006: Parameter 'result' implicitly has an 'any' type.
logs.js(56,32): error TS7006: Parameter 'e' implicitly has an 'any' type.
page-guard.js(2,14): error TS2339: Property '__sentinelPageGuardInstalled' does not exist on type 'Window & typeof globalThis'.
page-guard.js(5,10): error TS2339: Property '__sentinelPageGuardInstalled' does not exist on type 'Window & typeof globalThis'.
page-guard.js(7,28): error TS7006: Parameter 'value' implicitly has an 'any' type.
page-guard.js(19,32): error TS7006: Parameter 'filename' implicitly has an 'any' type.
page-guard.js(46,34): error TS7006: Parameter 'body' implicitly has an 'any' type.
page-guard.js(47,9): error TS7034: Variable 'imageFiles' implicitly has type 'any[]' in some locations where its type cannot be determined.
page-guard.js(50,14): error TS7005: Variable 'imageFiles' implicitly has an 'any[]' type.
page-guard.js(59,43): error TS2339: Property 'name' does not exist on type 'FormDataEntryValue'.
  Property 'name' does not exist on type 'string'.
page-guard.js(59,72): error TS2339: Property 'type' does not exist on type 'FormDataEntryValue'.
  Property 'type' does not exist on type 'string'.
page-guard.js(59,106): error TS2339: Property 'size' does not exist on type 'FormDataEntryValue'.
  Property 'size' does not exist on type 'string'.
page-guard.js(75,85): error TS2339: Property 'name' does not exist on type 'Blob'.
page-guard.js(91,31): error TS7006: Parameter 'imageFile' implicitly has an 'any' type.
page-guard.js(91,42): error TS7006: Parameter 'reason' implicitly has an 'any' type.
page-guard.js(112,34): error TS7006: Parameter 'imageFile' implicitly has an 'any' type.
page-guard.js(112,45): error TS7006: Parameter 'reason' implicitly has an 'any' type.
page-guard.js(112,53): error TS7006: Parameter 'timeoutMs' implicitly has an 'any' type.
page-guard.js(133,15): error TS2339: Property 'timeout' does not exist on type '{ resolve: (value: any) => void; }'.
page-guard.js(148,24): error TS2339: Property 'detail' does not exist on type 'Event'.
page-guard.js(148,36): error TS2339: Property 'detail' does not exist on type 'Event'.
page-guard.js(162,49): error TS7006: Parameter 'blob' implicitly has an 'any' type.
page-guard.js(201,54): error TS2345: Argument of type 'IArguments' is not assignable to parameter of type '[input: URL | RequestInfo, init?: RequestInit | undefined]'.
page-guard.js(207,58): error TS7006: Parameter 'blob' implicitly has an 'any' type.
page-guard.js(212,58): error TS2345: Argument of type 'IArguments' is not assignable to parameter of type '[input: URL | RequestInfo, init?: RequestInit | undefined]'.
page-guard.js(219,60): error TS7006: Parameter 'text' implicitly has an 'any' type.
page-guard.js(224,60): error TS2345: Argument of type 'IArguments' is not assignable to parameter of type '[input: URL | RequestInfo, init?: RequestInit | undefined]'.
page-guard.js(230,52): error TS2345: Argument of type 'IArguments' is not assignable to parameter of type '[input: URL | RequestInfo, init?: RequestInit | undefined]'.
page-guard.js(231,73): error TS2345: Argument of type 'IArguments' is not assignable to parameter of type '[input: URL | RequestInfo, init?: RequestInit | undefined]'.
page-guard.js(232,71): error TS2345: Argument of type 'IArguments' is not assignable to parameter of type '[input: URL | RequestInfo, init?: RequestInit | undefined]'.
page-guard.js(234,48): error TS2345: Argument of type 'IArguments' is not assignable to parameter of type '[input: URL | RequestInfo, init?: RequestInit | undefined]'.
page-guard.js(247,50): error TS2345: Argument of type 'IArguments' is not assignable to parameter of type '[input: URL | RequestInfo, init?: RequestInit | undefined]'.
page-guard.js(255,64): error TS2339: Property 'name' does not exist on type 'Blob'.
page-guard.js(257,52): error TS2345: Argument of type 'IArguments' is not assignable to parameter of type '[input: URL | RequestInfo, init?: RequestInit | undefined]'.
page-guard.js(268,52): error TS2345: Argument of type 'IArguments' is not assignable to parameter of type '[input: URL | RequestInfo, init?: RequestInit | undefined]'.
page-guard.js(279,40): error TS2345: Argument of type 'IArguments' is not assignable to parameter of type '[input: URL | RequestInfo, init?: RequestInit | undefined]'.
page-guard.js(285,45): error TS7006: Parameter 'body' implicitly has an 'any' type.
page-guard.js(294,37): error TS2345: Argument of type 'IArguments' is not assignable to parameter of type '[body?: Document | XMLHttpRequestBodyInit | null | undefined]'.
page-guard.js(301,35): error TS2345: Argument of type 'IArguments' is not assignable to parameter of type '[body?: Document | XMLHttpRequestBodyInit | null | undefined]'.
page-guard.js(309,48): error TS2339: Property 'name' does not exist on type 'Blob'.
page-guard.js(311,41): error TS2345: Argument of type 'IArguments' is not assignable to parameter of type '[body?: Document | XMLHttpRequestBodyInit | null | undefined]'.
page-guard.js(316,60): error TS2345: Argument of type 'IArguments' is not assignable to parameter of type '[body?: Document | XMLHttpRequestBodyInit | null | undefined]'.
page-guard.js(324,39): error TS2345: Argument of type 'IArguments' is not assignable to parameter of type '[body?: Document | XMLHttpRequestBodyInit | null | undefined]'.
page-guard.js(329,58): error TS2345: Argument of type 'IArguments' is not assignable to parameter of type '[body?: Document | XMLHttpRequestBodyInit | null | undefined]'.
page-guard.js(363,22): error TS2721: Cannot invoke an object which is possibly 'null'.
page-guard.js(373,43): error TS7006: Parameter 'name' implicitly has an 'any' type.
page-guard.js(373,49): error TS7006: Parameter 'value' implicitly has an 'any' type.
page-guard.js(379,46): error TS2339: Property 'name' does not exist on type 'Blob'.
page-guard.js(385,52): error TS2345: Argument of type 'IArguments' is not assignable to parameter of type '[name: string, blobValue: Blob, filename?: string | undefined]'.
page-guard.js(401,24): error TS2339: Property 'files' does not exist on type 'Element'.
page-guard.js(401,36): error TS2339: Property 'files' does not exist on type 'Element'.
page-guard.js(402,28): error TS2339: Property 'files' does not exist on type 'Element'.
page-guard.js(414,39): error TS2339: Property 'value' does not exist on type 'Element'.
page-guard.js(426,48): error TS2345: Argument of type 'IArguments' is not assignable to parameter of type '[]'.
page-guard.js(435,42): error TS7006: Parameter 'data' implicitly has an 'any' type.
page-guard.js(446,53): error TS2339: Property 'length' does not exist on type 'ArrayBuffer | ArrayBufferView<ArrayBufferLike>'.
  Property 'length' does not exist on type 'ArrayBuffer'.
page-guard.js(466,44): error TS2345: Argument of type 'IArguments' is not assignable to parameter of type '[data: string | Blob | BufferSource]'.
pattern-generator.js(78,27): error TS7053: Element implicitly has an 'any' type because expression of type 'string' can't be used to index type '{ chat: string[]; coding: string[]; image: string[]; video: string[]; audio: string[]; writing: string[]; design: string[]; research: string[]; business: string[]; education: string[]; translation: string[]; search: string[]; social: string[]; devops: string[]; payment: string[]; security: string[]; }'.
  No index signature with a parameter of type 'string' was found on type '{ chat: string[]; coding: string[]; image: string[]; video: string[]; audio: string[]; writing: string[]; design: string[]; research: string[]; business: string[]; education: string[]; translation: string[]; search: string[]; social: string[]; devops: string[]; payment: string[]; security: string[]; }'.
pattern-generator.js(187,21): error TS2362: The left-hand side of an arithmetic operation must be of type 'any', 'number', 'bigint' or an enum type.
pattern-generator.js(187,28): error TS2363: The right-hand side of an arithmetic operation must be of type 'any', 'number', 'bigint' or an enum type.
pattern-generator.js(190,36): error TS2339: Property 'toUpperCase' does not exist on type 'string | number'.
  Property 'toUpperCase' does not exist on type 'number'.
pattern-generator.js(220,24): error TS7006: Parameter 'domain' implicitly has an 'any' type.
pattern-generator.js(255,27): error TS7006: Parameter 'patterns' implicitly has an 'any' type.
pattern-generator.js(273,27): error TS2345: Argument of type 'any' is not assignable to parameter of type 'never'.
pattern-generator.js(292,8): error TS2339: Property 'SentinelGationPatternGenerator' does not exist on type 'Window & typeof globalThis'.
popup.js(3,5): error TS2304: Cannot find name 'chrome'.
popup.js(3,42): error TS7006: Parameter 'result' implicitly has an 'any' type.
popup.js(10,13): error TS2531: Object is possibly 'null'.
popup.js(15,13): error TS2531: Object is possibly 'null'.
popup.js(18,13): error TS2531: Object is possibly 'null'.
popup.js(26,13): error TS2531: Object is possibly 'null'.
popup.js(35,13): error TS2304: Cannot find name 'chrome'.
popup_ml.js(4,5): error TS7034: Variable '__pgai_vec' implicitly has type 'any' in some locations where its type cannot be determined.
popup_ml.js(5,5): error TS7034: Variable '__pgai_clf' implicitly has type 'any' in some locations where its type cannot be determined.
popup_ml.js(7,5): error TS7034: Variable 'ocrWorker' implicitly has type 'any' in some locations where its type cannot be determined.
popup_ml.js(14,20): error TS2304: Cannot find name 'chrome'.
popup_ml.js(15,20): error TS2304: Cannot find name 'chrome'.
popup_ml.js(32,16): error TS2304: Cannot find name 'Tesseract'.
popup_ml.js(32,46): error TS2304: Cannot find name 'Tesseract'.
popup_ml.js(36,17): error TS2304: Cannot find name 'Tesseract'.
popup_ml.js(37,19): error TS2304: Cannot find name 'chrome'.
popup_ml.js(38,17): error TS2304: Cannot find name 'chrome'.
popup_ml.js(39,17): error TS2304: Cannot find name 'chrome'.
popup_ml.js(40,15): error TS7006: Parameter 'm' implicitly has an 'any' type.
popup_ml.js(63,26): error TS7006: Parameter 'file' implicitly has an 'any' type.
popup_ml.js(63,32): error TS7006: Parameter 'maxDim' implicitly has an 'any' type.
popup_ml.js(81,11): error TS18047: 'ctx' is possibly 'null'.
popup_ml.js(97,23): error TS7006: Parameter 'text' implicitly has an 'any' type.
popup_ml.js(97,29): error TS7006: Parameter 'res' implicitly has an 'any' type.
popup_ml.js(105,38): error TS7006: Parameter 'p' implicitly has an 'any' type.
popup_ml.js(105,40): error TS7006: Parameter 'i' implicitly has an 'any' type.
popup_ml.js(113,20): error TS7006: Parameter 'text' implicitly has an 'any' type.
popup_ml.js(133,38): error TS2339: Property 'value' does not exist on type 'HTMLElement'.
popup_ml.js(145,21): error TS2304: Cannot find name 'predictPII'.
popup_ml.js(145,38): error TS7005: Variable '__pgai_vec' implicitly has an 'any' type.
popup_ml.js(145,50): error TS7005: Variable '__pgai_clf' implicitly has an 'any' type.
popup_ml.js(157,38): error TS2339: Property 'value' does not exist on type 'HTMLElement'.
popup_ml.js(159,28): error TS2339: Property 'value' does not exist on type 'HTMLElement'.
popup_ml.js(171,50): error TS2339: Property 'files' does not exist on type 'EventTarget'.
popup_ml.js(171,69): error TS2339: Property 'files' does not exist on type 'EventTarget'.
popup_ml.js(181,32): error TS7005: Variable 'ocrWorker' implicitly has an 'any' type.
popup_ml.js(189,21): error TS2304: Cannot find name 'predictPII'.
popup_ml.js(189,38): error TS7005: Variable '__pgai_vec' implicitly has an 'any' type.
popup_ml.js(189,50): error TS7005: Variable '__pgai_clf' implicitly has an 'any' type.
popup_ml.js(199,36): error TS7006: Parameter 'file' implicitly has an 'any' type.
popup_ml.js(207,30): error TS7005: Variable 'ocrWorker' implicitly has an 'any' type.
popup_ml.js(209,36): error TS2339: Property 'value' does not exist on type 'HTMLElement'.
popup_ml.js(211,21): error TS2304: Cannot find name 'predictPII'.
popup_ml.js(211,38): error TS7005: Variable '__pgai_vec' implicitly has an 'any' type.
popup_ml.js(211,50): error TS7005: Variable '__pgai_clf' implicitly has an 'any' type.
remove_console.js(1,20): error TS2591: Cannot find name 'fs'. Do you need to install type definitions for node? Try `npm i --save-dev @types/node` and then add 'node' to the types field in your tsconfig.
remove_console.js(2,24): error TS7006: Parameter 'file' implicitly has an 'any' type.
remove_script.js(1,20): error TS2591: Cannot find name 'fs'. Do you need to install type definitions for node? Try `npm i --save-dev @types/node` and then add 'node' to the types field in your tsconfig.
remove_script.js(2,24): error TS7006: Parameter 'file' implicitly has an 'any' type.
scanner.js(57,7): error TS7034: Variable 'ocrWorker' implicitly has type 'any' in some locations where its type cannot be determined.
scanner.js(64,7): error TS7034: Variable 'pendingPasteImage' implicitly has type 'any' in some locations where its type cannot be determined.
scanner.js(65,7): error TS7034: Variable 'pendingPasteTarget' implicitly has type 'any' in some locations where its type cannot be determined.
scanner.js(70,20): error TS7006: Parameter 'fileList' implicitly has an 'any' type.
scanner.js(74,24): error TS7006: Parameter 'file' implicitly has an 'any' type.
scanner.js(79,22): error TS7006: Parameter 'file' implicitly has an 'any' type.
scanner.js(84,24): error TS7006: Parameter 'fileName' implicitly has an 'any' type.
scanner.js(88,25): error TS7006: Parameter 'matchesFound' implicitly has an 'any' type.
scanner.js(88,39): error TS7006: Parameter 'redactedText' implicitly has an 'any' type.
scanner.js(96,23): error TS7006: Parameter 'tags' implicitly has an 'any' type.
scanner.js(100,34): error TS7006: Parameter 'analysis' implicitly has an 'any' type.
scanner.js(109,27): error TS7006: Parameter 'inputEl' implicitly has an 'any' type.
scanner.js(116,25): error TS7006: Parameter 'event' implicitly has an 'any' type.
scanner.js(137,24): error TS7006: Parameter 'analysis' implicitly has an 'any' type.
scanner.js(137,34): error TS7006: Parameter 'targetElement' implicitly has an 'any' type.
scanner.js(137,49): error TS7006: Parameter 'reason' implicitly has an 'any' type.
scanner.js(141,12): error TS2349: This expression is not callable.
  Type 'never' has no call signatures.
scanner.js(145,12): error TS2349: This expression is not callable.
  Type 'never' has no call signatures.
scanner.js(149,34): error TS7006: Parameter 'filename' implicitly has an 'any' type.
scanner.js(149,44): error TS7006: Parameter 'reason' implicitly has an 'any' type.
scanner.js(199,44): error TS7006: Parameter 'filename' implicitly has an 'any' type.
scanner.js(199,54): error TS7006: Parameter 'reason' implicitly has an 'any' type.
scanner.js(199,62): error TS7006: Parameter 'inputElement' implicitly has an 'any' type.
scanner.js(305,5): error TS18047: 'allowBtn' is possibly 'null'.
scanner.js(305,14): error TS2339: Property 'onclick' does not exist on type 'Element'.
scanner.js(305,34): error TS7006: Parameter 'e' implicitly has an 'any' type.
scanner.js(315,5): error TS18047: 'denyBtn' is possibly 'null'.
scanner.js(315,13): error TS2339: Property 'onclick' does not exist on type 'Element'.
scanner.js(315,33): error TS7006: Parameter 'e' implicitly has an 'any' type.
scanner.js(335,51): error TS7006: Parameter 'filename' implicitly has an 'any' type.
scanner.js(335,61): error TS7006: Parameter 'reason' implicitly has an 'any' type.
scanner.js(335,69): error TS7006: Parameter 'dropEvent' implicitly has an 'any' type.
scanner.js(335,80): error TS7006: Parameter 'imageFiles' implicitly has an 'any' type.
scanner.js(417,5): error TS18047: 'allowBtn' is possibly 'null'.
scanner.js(423,5): error TS18047: 'denyBtn' is possibly 'null'.
scanner.js(438,52): error TS7006: Parameter 'filename' implicitly has an 'any' type.
scanner.js(438,62): error TS7006: Parameter 'reason' implicitly has an 'any' type.
scanner.js(515,5): error TS18047: 'allowBtn' is possibly 'null'.
scanner.js(520,11): error TS7005: Variable 'pendingPasteTarget' implicitly has an 'any' type.
scanner.js(520,33): error TS7005: Variable 'pendingPasteImage' implicitly has an 'any' type.
scanner.js(547,5): error TS18047: 'denyBtn' is possibly 'null'.
scanner.js(558,10): error TS7005: Variable 'pendingPasteImage' implicitly has an 'any' type.
scanner.js(562,40): error TS7005: Variable 'pendingPasteTarget' implicitly has an 'any' type.
scanner.js(568,15): error TS2339: Property 'files' does not exist on type 'Element'.
scanner.js(582,9): error TS7005: Variable 'pendingPasteTarget' implicitly has an 'any' type.
scanner.js(594,15): error TS2322: Type 'string | ArrayBuffer' is not assignable to type 'string'.
  Type 'ArrayBuffer' is not assignable to type 'string'.
scanner.js(595,25): error TS7005: Variable 'pendingPasteImage' implicitly has an 'any' type.
scanner.js(623,46): error TS2339: Property 'length' does not exist on type 'string | ArrayBuffer'.
  Property 'length' does not exist on type 'ArrayBuffer'.
scanner.js(649,31): error TS7006: Parameter 'reasonTag' implicitly has an 'any' type.
scanner.js(649,42): error TS7006: Parameter 'details' implicitly has an 'any' type.
scanner.js(654,37): error TS7006: Parameter 'text' implicitly has an 'any' type.
scanner.js(657,13): error TS7006: Parameter 'x' implicitly has an 'any' type.
scanner.js(658,16): error TS7006: Parameter 'x' implicitly has an 'any' type.
scanner.js(661,22): error TS7006: Parameter 'numberString' implicitly has an 'any' type.
scanner.js(680,34): error TS7006: Parameter 'text' implicitly has an 'any' type.
scanner.js(747,27): error TS7006: Parameter 'n' implicitly has an 'any' type.
scanner.js(764,23): error TS7006: Parameter 'event' implicitly has an 'any' type.
scanner.js(772,28): error TS7006: Parameter 'file' implicitly has an 'any' type.
scanner.js(782,16): error TS2339: Property 'Tesseract' does not exist on type 'Window & typeof globalThis'.
scanner.js(788,23): error TS2339: Property 'Tesseract' does not exist on type 'Window & typeof globalThis'.
scanner.js(793,23): error TS2304: Cannot find name 'chrome'.
scanner.js(804,32): error TS2339: Property 'Tesseract' does not exist on type 'Window & typeof globalThis'.
scanner.js(809,16): error TS2339: Property 'pdfjsLib' does not exist on type 'Window & typeof globalThis'.
scanner.js(815,23): error TS2339: Property 'pdfjsLib' does not exist on type 'Window & typeof globalThis'.
scanner.js(820,23): error TS2304: Cannot find name 'chrome'.
scanner.js(836,28): error TS2339: Property 'pdfjsLib' does not exist on type 'Window & typeof globalThis'.
scanner.js(841,9): error TS7005: Variable 'ocrWorker' implicitly has an 'any' type.
scanner.js(846,17): error TS2339: Property 'Tesseract' does not exist on type 'Window & typeof globalThis'.
scanner.js(851,19): error TS2304: Cannot find name 'chrome'.
scanner.js(852,17): error TS2304: Cannot find name 'chrome'.
scanner.js(853,17): error TS2304: Cannot find name 'chrome'.
scanner.js(860,32): error TS2339: Property 'Tesseract' does not exist on type 'Window & typeof globalThis'.
scanner.js(864,34): error TS2339: Property 'Tesseract' does not exist on type 'Window & typeof globalThis'.
scanner.js(880,48): error TS7006: Parameter 'imageData' implicitly has an 'any' type.
scanner.js(886,19): error TS2339: Property 'Tesseract' does not exist on type 'Window & typeof globalThis'.
scanner.js(916,46): error TS7006: Parameter 'file' implicitly has an 'any' type.
scanner.js(925,46): error TS7006: Parameter 'buffer' implicitly has an 'any' type.
scanner.js(926,17): error TS2339: Property 'pdfjsLib' does not exist on type 'Window & typeof globalThis'.
scanner.js(926,43): error TS2339: Property 'pdfjsLib' does not exist on type 'Window & typeof globalThis'.
scanner.js(931,18): error TS2339: Property 'pdfjsLib' does not exist on type 'Window & typeof globalThis'.
scanner.js(931,58): error TS2339: Property 'pdfjsLib' does not exist on type 'Window & typeof globalThis'.
scanner.js(932,16): error TS2339: Property 'pdfjsLib' does not exist on type 'Window & typeof globalThis'.
scanner.js(932,57): error TS2304: Cannot find name 'chrome'.
scanner.js(935,27): error TS2339: Property 'pdfjsLib' does not exist on type 'Window & typeof globalThis'.
scanner.js(943,53): error TS7006: Parameter 'item' implicitly has an 'any' type.
scanner.js(953,41): error TS7006: Parameter 'page' implicitly has an 'any' type.
scanner.js(953,47): error TS7006: Parameter 'scale' implicitly has an 'any' type.
scanner.js(968,44): error TS7006: Parameter 'pdf' implicitly has an 'any' type.
scanner.js(969,25): error TS2339: Property 'Tesseract' does not exist on type 'Window & typeof globalThis'.
scanner.js(991,37): error TS7006: Parameter 'buffer' implicitly has an 'any' type.
scanner.js(1001,41): error TS7006: Parameter 'file' implicitly has an 'any' type.
scanner.js(1012,40): error TS2339: Property 'pdfjsLib' does not exist on type 'Window & typeof globalThis'.
scanner.js(1014,35): error TS2339: Property 'pdfjsLib' does not exist on type 'Window & typeof globalThis'.
scanner.js(1037,34): error TS7006: Parameter 'dataUrl' implicitly has an 'any' type.
scanner.js(1049,9): error TS18047: 'ctx' is possibly 'null'.
scanner.js(1052,27): error TS18047: 'ctx' is possibly 'null'.
scanner.js(1066,9): error TS18047: 'ctx' is possibly 'null'.
scanner.js(1079,38): error TS7006: Parameter 'ocrData' implicitly has an 'any' type.
scanner.js(1087,15): error TS7006: Parameter 'word' implicitly has an 'any' type.
scanner.js(1088,12): error TS7006: Parameter 'word' implicitly has an 'any' type.
scanner.js(1095,31): error TS7006: Parameter 'files' implicitly has an 'any' type.
scanner.js(1095,38): error TS7006: Parameter 'options' implicitly has an 'any' type.
scanner.js(1130,20): error TS2349: This expression is not callable.
  Type 'never' has no call signatures.
scanner.js(1171,41): error TS2339: Property 'message' does not exist on type '{}'.
scanner.js(1171,57): error TS2339: Property 'message' does not exist on type '{}'.
scanner.js(1196,18): error TS2349: This expression is not callable.
  Type 'never' has no call signatures.
scanner.js(1228,29): error TS7006: Parameter 'files' implicitly has an 'any' type.
scanner.js(1232,27): error TS7006: Parameter 'files' implicitly has an 'any' type.
scanner.js(1243,18): error TS2304: Cannot find name 'chrome'.
scanner.js(1254,35): error TS7006: Parameter 'eventTarget' implicitly has an 'any' type.
scanner.js(1271,40): error TS7006: Parameter 'event' implicitly has an 'any' type.
scanner.js(1323,29): error TS7006: Parameter 'event' implicitly has an 'any' type.
scanner.js(1347,30): error TS7006: Parameter 'event' implicitly has an 'any' type.
scanner.js(1438,28): error TS2339: Property 'matches' does not exist on type 'EventTarget'.
scanner.js(1438,46): error TS2339: Property 'matches' does not exist on type 'EventTarget'.
scanner.js(1466,17): error TS7006: Parameter 'options' implicitly has an 'any' type.
scanner.js(1475,10): error TS2339: Property 'SentinelScanner' does not exist on type 'Window & typeof globalThis'.
tests/smoke_test.js(1,27): error TS2307: Cannot find module 'puppeteer' or its corresponding type declarations.
tests/smoke_test.js(2,22): error TS2591: Cannot find name 'path'. Do you need to install type definitions for node? Try `npm i --save-dev @types/node` and then add 'node' to the types field in your tsconfig.
tests/smoke_test.js(5,38): error TS2304: Cannot find name '__dirname'.
tests/smoke_test.js(20,22): error TS7006: Parameter 'msg' implicitly has an 'any' type.
tests/smoke_test.js(38,22): error TS2339: Property 'SentinelScanner' does not exist on type 'Window & typeof globalThis'.
tests/smoke_test.js(38,48): error TS2339: Property 'SentinelGateUpdater' does not exist on type 'Window & typeof globalThis'.
tests/smoke_test.js(38,78): error TS2339: Property '__sentinelPageGuardInstalled' does not exist on type 'Window & typeof globalThis'.
updater.js(96,28): error TS2304: Cannot find name 'chrome'.
updater.js(112,15): error TS2304: Cannot find name 'chrome'.
updater.js(122,26): error TS2304: Cannot find name 'chrome'.
updater.js(163,15): error TS2304: Cannot find name 'chrome'.
updater.js(177,25): error TS7006: Parameter 'current' implicitly has an 'any' type.
updater.js(177,34): error TS7006: Parameter 'newThreats' implicitly has an 'any' type.
updater.js(182,30): error TS7006: Parameter 'threat' implicitly has an 'any' type.
updater.js(182,73): error TS7006: Parameter 't' implicitly has an 'any' type.
updater.js(193,26): error TS2304: Cannot find name 'chrome'.
updater.js(229,36): error TS7006: Parameter 'type' implicitly has an 'any' type.
updater.js(231,48): error TS7006: Parameter 'p' implicitly has an 'any' type.
updater.js(238,35): error TS7006: Parameter 'value' implicitly has an 'any' type.
updater.js(242,25): error TS7006: Parameter 'threat' implicitly has an 'any' type.
updater.js(259,31): error TS7006: Parameter 'w' implicitly has an 'any' type.
updater.js(260,35): error TS7006: Parameter 'w' implicitly has an 'any' type.
updater.js(265,10): error TS2339: Property 'SentinelGateUpdater' does not exist on type 'Window & typeof globalThis'.
updater.js(280,26): error TS2304: Cannot find name 'chrome'.
vendor/tesseract/tesseract-core-simd.wasm.js(3,103): error TS2339: Property 'src' does not exist on type 'HTMLOrSVGScriptElement'.
  Property 'src' does not exist on type 'SVGScriptElement'.
vendor/tesseract/tesseract-core-simd.wasm.js(4,14): error TS2304: Cannot find name '__filename'.
vendor/tesseract/tesseract-core-simd.wasm.js(4,69): error TS2304: Cannot find name '__filename'.
vendor/tesseract/tesseract-core-simd.wasm.js(8,5): error TS7034: Variable 'b' implicitly has type 'any' in some locations where its type cannot be determined.
vendor/tesseract/tesseract-core-simd.wasm.js(8,76): error TS7034: Variable 'aa' implicitly has type 'any' in some locations where its type cannot be determined.
vendor/tesseract/tesseract-core-simd.wasm.js(8,79): error TS7034: Variable 'ba' implicitly has type 'any' in some locations where its type cannot be determined.
vendor/tesseract/tesseract-core-simd.wasm.js(8,84): error TS2339: Property 'ready' does not exist on type '{}'.
vendor/tesseract/tesseract-core-simd.wasm.js(8,173): error TS7006: Parameter 'a' implicitly has an 'any' type.
vendor/tesseract/tesseract-core-simd.wasm.js(8,175): error TS7006: Parameter 'c' implicitly has an 'any' type.
vendor/tesseract/tesseract-core-simd.wasm.js(8,273): error TS2591: Cannot find name 'process'. Do you need to install type definitions for node? Try `npm i --save-dev @types/node` and then add 'node' to the types field in your tsconfig.
vendor/tesseract/tesseract-core-simd.wasm.js(8,299): error TS2591: Cannot find name 'process'. Do you need to install type definitions for node? Try `npm i --save-dev @types/node` and then add 'node' to the types field in your tsconfig.
vendor/tesseract/tesseract-core-simd.wasm.js(8,334): error TS2591: Cannot find name 'process'. Do you need to install type definitions for node? Try `npm i --save-dev @types/node` and then add 'node' to the types field in your tsconfig.
vendor/tesseract/tesseract-core-simd.wasm.js(8,361): error TS7034: Variable 'ja' implicitly has type 'any' in some locations where its type cannot be determined.
vendor/tesseract/tesseract-core-simd.wasm.js(8,364): error TS7034: Variable 'ka' implicitly has type 'any' in some locations where its type cannot be determined.
vendor/tesseract/tesseract-core-simd.wasm.js(8,367): error TS7034: Variable 'la' implicitly has type 'any' in some locations where its type cannot be determined.
vendor/tesseract/tesseract-core-simd.wasm.js(9,23): error TS2591: Cannot find name 'fs'. Do you need to install type definitions for node? Try `npm i --save-dev @types/node` and then add 'node' to the types field in your tsconfig.
vendor/tesseract/tesseract-core-simd.wasm.js(9,40): error TS2591: Cannot find name 'path'. Do you need to install type definitions for node? Try `npm i --save-dev @types/node` and then add 'node' to the types field in your tsconfig.
vendor/tesseract/tesseract-core-simd.wasm.js(9,71): error TS2304: Cannot find name '__dirname'.
vendor/tesseract/tesseract-core-simd.wasm.js(9,89): error TS7006: Parameter 'a' implicitly has an 'any' type.
vendor/tesseract/tesseract-core-simd.wasm.js(9,91): error TS7006: Parameter 'c' implicitly has an 'any' type.
vendor/tesseract/tesseract-core-simd.wasm.js(9,236): error TS7006: Parameter 'a' implicitly has an 'any' type.
vendor/tesseract/tesseract-core-simd.wasm.js(9,242): error TS7005: Variable 'ja' implicitly has an 'any' type.
vendor/tesseract/tesseract-core-simd.wasm.js(9,297): error TS7006: Parameter 'a' implicitly has an 'any' type.
vendor/tesseract/tesseract-core-simd.wasm.js(9,299): error TS7006: Parameter 'c' implicitly has an 'any' type.
vendor/tesseract/tesseract-core-simd.wasm.js(9,301): error TS7006: Parameter 'd' implicitly has an 'any' type.
vendor/tesseract/tesseract-core-simd.wasm.js(9,415): error TS7006: Parameter 'h' implicitly has an 'any' type.
vendor/tesseract/tesseract-core-simd.wasm.js(9,417): error TS7006: Parameter 'k' implicitly has an 'any' type.
vendor/tesseract/tesseract-core-simd.wasm.js(9,451): error TS2339: Property 'thisProgram' does not exist on type '{}'.
vendor/tesseract/tesseract-core-simd.wasm.js(9,466): error TS2591: Cannot find name 'process'. Do you need to install type definitions for node? Try `npm i --save-dev @types/node` and then add 'node' to the types field in your tsconfig.
vendor/tesseract/tesseract-core-simd.wasm.js(9,491): error TS2591: Cannot find name 'process'. Do you need to install type definitions for node? Try `npm i --save-dev @types/node` and then add 'node' to the types field in your tsconfig.
vendor/tesseract/tesseract-core-simd.wasm.js(10,7): error TS2591: Cannot find name 'process'. Do you need to install type definitions for node? Try `npm i --save-dev @types/node` and then add 'node' to the types field in your tsconfig.
vendor/tesseract/tesseract-core-simd.wasm.js(10,40): error TS2591: Cannot find name 'process'. Do you need to install type definitions for node? Try `npm i --save-dev @types/node` and then add 'node' to the types field in your tsconfig.
vendor/tesseract/tesseract-core-simd.wasm.js(10,71): error TS2339: Property 'inspect' does not exist on type '{}'.
vendor/tesseract/tesseract-core-simd.wasm.js(10,231): error TS2339: Property 'src' does not exist on type 'HTMLOrSVGScriptElement'.
  Property 'src' does not exist on type 'SVGScriptElement'.
vendor/tesseract/tesseract-core-simd.wasm.js(10,350): error TS7006: Parameter 'a' implicitly has an 'any' type.
vendor/tesseract/tesseract-core-simd.wasm.js(10,458): error TS2740: Type 'never[]' is missing the following properties from type 'XMLHttpRequest': onreadystatechange, readyState, response, responseText, and 30 more.
vendor/tesseract/tesseract-core-simd.wasm.js(11,19): error TS2339: Property 'push' does not exist on type 'XMLHttpRequest'.
vendor/tesseract/tesseract-core-simd.wasm.js(11,57): error TS2339: Property 'join' does not exist on type 'XMLHttpRequest'.
vendor/tesseract/tesseract-core-simd.wasm.js(11,85): error TS7006: Parameter 'a' implicitly has an 'any' type.
vendor/tesseract/tesseract-core-simd.wasm.js(11,258): error TS7006: Parameter 'a' implicitly has an 'any' type.
vendor/tesseract/tesseract-core-simd.wasm.js(11,260): error TS7006: Parameter 'c' implicitly has an 'any' type.
vendor/tesseract/tesseract-core-simd.wasm.js(11,262): error TS7006: Parameter 'd' implicitly has an 'any' type.
vendor/tesseract/tesseract-core-simd.wasm.js(12,10): error TS2339: Property 'print' does not exist on type '{}'.
vendor/tesseract/tesseract-core-simd.wasm.js(12,48): error TS2339: Property 'printErr' does not exist on type '{}'.
vendor/tesseract/tesseract-core-simd.wasm.js(12,105): error TS2322: Type 'null' is not assignable to type '{}'.
vendor/tesseract/tesseract-core-simd.wasm.js(12,115): error TS2339: Property 'thisProgram' does not exist on type '{}'.
vendor/tesseract/tesseract-core-simd.wasm.js(12,134): error TS2339: Property 'thisProgram' does not exist on type '{}'.
vendor/tesseract/tesseract-core-simd.wasm.js(12,149): error TS2339: Property 'quit' does not exist on type '{}'.
vendor/tesseract/tesseract-core-simd.wasm.js(12,161): error TS2339: Property 'quit' does not exist on type '{}'.
vendor/tesseract/tesseract-core-simd.wasm.js(12,171): error TS7034: Variable 'ra' implicitly has type 'any' in some locations where its type cannot be determined.
vendor/tesseract/tesseract-core-simd.wasm.js(12,176): error TS2339: Property 'wasmBinary' does not exist on type '{}'.
vendor/tesseract/tesseract-core-simd.wasm.js(12,194): error TS2339: Property 'wasmBinary' does not exist on type '{}'.
vendor/tesseract/tesseract-core-simd.wasm.js(12,226): error TS2339: Property 'noExitRuntime' does not exist on type '{}'.
vendor/tesseract/tesseract-core-simd.wasm.js(12,315): error TS7034: Variable 'sa' implicitly has type 'any' in some locations where its type cannot be determined.
vendor/tesseract/tesseract-core-simd.wasm.js(12,324): error TS7034: Variable 'p' implicitly has type 'any' in some locations where its type cannot be determined.
vendor/tesseract/tesseract-core-simd.wasm.js(12,326): error TS7034: Variable 'ua' implicitly has type 'any' in some locations where its type cannot be determined.
vendor/tesseract/tesseract-core-simd.wasm.js(12,329): error TS7034: Variable 'va' implicitly has type 'any' in some locations where its type cannot be determined.
vendor/tesseract/tesseract-core-simd.wasm.js(12,332): error TS7034: Variable 'r' implicitly has type 'any' in some locations where its type cannot be determined.
vendor/tesseract/tesseract-core-simd.wasm.js(12,334): error TS7034: Variable 'u' implicitly has type 'any' in some locations where its type cannot be determined.
vendor/tesseract/tesseract-core-simd.wasm.js(12,336): error TS7034: Variable 'wa' implicitly has type 'any' in some locations where its type cannot be determined.
vendor/tesseract/tesseract-core-simd.wasm.js(12,339): error TS7034: Variable 'xa' implicitly has type 'any' in some locations where its type cannot be determined.
vendor/tesseract/tesseract-core-simd.wasm.js(13,21): error TS7005: Variable 'sa' implicitly has an 'any' type.
vendor/tesseract/tesseract-core-simd.wasm.js(13,31): error TS7005: Variable 'b' implicitly has an 'any' type.
vendor/tesseract/tesseract-core-simd.wasm.js(13,58): error TS7005: Variable 'b' implicitly has an 'any' type.
vendor/tesseract/tesseract-core-simd.wasm.js(13,88): error TS7005: Variable 'b' implicitly has an 'any' type.
vendor/tesseract/tesseract-core-simd.wasm.js(13,117): error TS7005: Variable 'b' implicitly has an 'any' type.
vendor/tesseract/tesseract-core-simd.wasm.js(13,147): error TS7005: Variable 'b' implicitly has an 'any' type.
vendor/tesseract/tesseract-core-simd.wasm.js(13,176): error TS7005: Variable 'b' implicitly has an 'any' type.
vendor/tesseract/tesseract-core-simd.wasm.js(13,207): error TS7005: Variable 'b' implicitly has an 'any' type.
vendor/tesseract/tesseract-core-simd.wasm.js(13,240): error TS7005: Variable 'b' implicitly has an 'any' type.
vendor/tesseract/tesseract-core-simd.wasm.js(13,277): error TS7034: Variable 'za' implicitly has type 'any' in some locations where its type cannot be determined.
vendor/tesseract/tesseract-core-simd.wasm.js(13,280): error TS7034: Variable 'Aa' implicitly has type 'any[]' in some locations where its type cannot be determined.
vendor/tesseract/tesseract-core-simd.wasm.js(13,286): error TS7034: Variable 'Ba' implicitly has type 'any[]' in some locations where its type cannot be determined.
vendor/tesseract/tesseract-core-simd.wasm.js(13,292): error TS7034: Variable 'Ca' implicitly has type 'any[]' in some locations where its type cannot be determined.
vendor/tesseract/tesseract-core-simd.wasm.js(13,324): error TS7005: Variable 'b' implicitly has an 'any' type.
vendor/tesseract/tesseract-core-simd.wasm.js(13,364): error TS7034: Variable 'Ga' implicitly has type 'any' in some locations where its type cannot be determined.
vendor/tesseract/tesseract-core-simd.wasm.js(13,372): error TS7034: Variable 'Ha' implicitly has type 'any' in some locations where its type cannot be determined.
vendor/tesseract/tesseract-core-simd.wasm.js(13,399): error TS7005: Variable 'b' implicitly has an 'any' type.
vendor/tesseract/tesseract-core-simd.wasm.js(13,425): error TS7005: Variable 'b' implicitly has an 'any' type.
vendor/tesseract/tesseract-core-simd.wasm.js(14,20): error TS7005: Variable 'b' implicitly has an 'any' type.
vendor/tesseract/tesseract-core-simd.wasm.js(14,46): error TS7005: Variable 'b' implicitly has an 'any' type.
vendor/tesseract/tesseract-core-simd.wasm.js(14,93): error TS7005: Variable 'Ga' implicitly has an 'any' type.
vendor/tesseract/tesseract-core-simd.wasm.js(14,112): error TS7005: Variable 'Ga' implicitly has an 'any' type.
vendor/tesseract/tesseract-core-simd.wasm.js(14,125): error TS7005: Variable 'Ha' implicitly has an 'any' type.
vendor/tesseract/tesseract-core-simd.wasm.js(14,163): error TS7006: Parameter 'a' implicitly has an 'any' type.
vendor/tesseract/tesseract-core-simd.wasm.js(14,169): error TS7005: Variable 'b' implicitly has an 'any' type.
vendor/tesseract/tesseract-core-simd.wasm.js(14,179): error TS7005: Variable 'b' implicitly has an 'any' type.
vendor/tesseract/tesseract-core-simd.wasm.js(14,300): error TS7005: Variable 'ba' implicitly has an 'any' type.
vendor/tesseract/tesseract-core-simd.wasm.js(14,362): error TS7034: Variable 'La' implicitly has type 'any' in some locations where its type cannot be determined.
vendor/tesseract/tesseract-core-simd.wasm.js(14,4610142): error TS2339: Property 'locateFile' does not exist on type '{}'.
vendor/tesseract/tesseract-core-simd.wasm.js(14,4610155): error TS2339: Property 'locateFile' does not exist on type '{}'.
vendor/tesseract/tesseract-core-simd.wasm.js(15,13): error TS7006: Parameter 'a' implicitly has an 'any' type.
vendor/tesseract/tesseract-core-simd.wasm.js(15,26): error TS7005: Variable 'La' implicitly has an 'any' type.
vendor/tesseract/tesseract-core-simd.wasm.js(15,30): error TS7005: Variable 'ra' implicitly has an 'any' type.
vendor/tesseract/tesseract-core-simd.wasm.js(15,88): error TS7005: Variable 'la' implicitly has an 'any' type.
vendor/tesseract/tesseract-core-simd.wasm.js(16,13): error TS7006: Parameter 'a' implicitly has an 'any' type.
vendor/tesseract/tesseract-core-simd.wasm.js(16,20): error TS7005: Variable 'ra' implicitly has an 'any' type.
vendor/tesseract/tesseract-core-simd.wasm.js(16,245): error TS7005: Variable 'ka' implicitly has an 'any' type.
vendor/tesseract/tesseract-core-simd.wasm.js(16,275): error TS7005: Variable 'ka' implicitly has an 'any' type.
vendor/tesseract/tesseract-core-simd.wasm.js(16,280): error TS7006: Parameter 'e' implicitly has an 'any' type.
vendor/tesseract/tesseract-core-simd.wasm.js(16,362): error TS7006: Parameter 'a' implicitly has an 'any' type.
vendor/tesseract/tesseract-core-simd.wasm.js(16,364): error TS7006: Parameter 'c' implicitly has an 'any' type.
vendor/tesseract/tesseract-core-simd.wasm.js(16,366): error TS7006: Parameter 'd' implicitly has an 'any' type.
vendor/tesseract/tesseract-core-simd.wasm.js(17,13): error TS7006: Parameter 'a' implicitly has an 'any' type.
vendor/tesseract/tesseract-core-simd.wasm.js(17,15): error TS7006: Parameter 'c' implicitly has an 'any' type.
vendor/tesseract/tesseract-core-simd.wasm.js(17,24): error TS7005: Variable 'La' implicitly has an 'any' type.
vendor/tesseract/tesseract-core-simd.wasm.js(17,34): error TS7005: Variable 'ra' implicitly has an 'any' type.
vendor/tesseract/tesseract-core-simd.wasm.js(18,20): error TS7006: Parameter 'a' implicitly has an 'any' type.
vendor/tesseract/tesseract-core-simd.wasm.js(18,24): error TS7005: Variable 'b' implicitly has an 'any' type.
vendor/tesseract/tesseract-core-simd.wasm.js(18,45): error TS7005: Variable 'b' implicitly has an 'any' type.
vendor/tesseract/tesseract-core-simd.wasm.js(18,76): error TS7006: Parameter 'a' implicitly has an 'any' type.
vendor/tesseract/tesseract-core-simd.wasm.js(18,80): error TS7005: Variable 'b' implicitly has an 'any' type.
vendor/tesseract/tesseract-core-simd.wasm.js(18,101): error TS7005: Variable 'b' implicitly has an 'any' type.
vendor/tesseract/tesseract-core-simd.wasm.js(18,132): error TS7006: Parameter 'a' implicitly has an 'any' type.
vendor/tesseract/tesseract-core-simd.wasm.js(18,136): error TS7005: Variable 'b' implicitly has an 'any' type.
vendor/tesseract/tesseract-core-simd.wasm.js(18,157): error TS7005: Variable 'b' implicitly has an 'any' type.
vendor/tesseract/tesseract-core-simd.wasm.js(18,194): error TS7006: Parameter 'a' implicitly has an 'any' type.
vendor/tesseract/tesseract-core-simd.wasm.js(18,297): error TS7006: Parameter 'a' implicitly has an 'any' type.
vendor/tesseract/tesseract-core-simd.wasm.js(18,327): error TS7005: Variable 'b' implicitly has an 'any' type.
vendor/tesseract/tesseract-core-simd.wasm.js(18,342): error TS7006: Parameter 'a' implicitly has an 'any' type.
vendor/tesseract/tesseract-core-simd.wasm.js(19,13): error TS7006: Parameter 'a' implicitly has an 'any' type.
vendor/tesseract/tesseract-core-simd.wasm.js(19,15): error TS7006: Parameter 'c' implicitly has an 'any' type.
vendor/tesseract/tesseract-core-simd.wasm.js(19,17): error TS7006: Parameter 'd' implicitly has an 'any' type.
vendor/tesseract/tesseract-core-simd.wasm.js(19,19): error TS7006: Parameter 'e' implicitly has an 'any' type.
vendor/tesseract/tesseract-core-simd.wasm.js(20,13): error TS7006: Parameter 'a' implicitly has an 'any' type.
vendor/tesseract/tesseract-core-simd.wasm.js(20,15): error TS7006: Parameter 'c' implicitly has an 'any' type.
vendor/tesseract/tesseract-core-simd.wasm.js(20,452): error TS7006: Parameter 'a' implicitly has an 'any' type.
vendor/tesseract/tesseract-core-simd.wasm.js(20,467): error TS7005: Variable 'ua' implicitly has an 'any' type.
vendor/tesseract/tesseract-core-simd.wasm.js(21,13): error TS7006: Parameter 'a' implicitly has an 'any' type.
vendor/tesseract/tesseract-core-simd.wasm.js(21,75): error TS7005: Variable 'p' implicitly has an 'any' type.
vendor/tesseract/tesseract-core-simd.wasm.js(21,100): error TS7005: Variable 'p' implicitly has an 'any' type.
vendor/tesseract/tesseract-core-simd.wasm.js(21,126): error TS7005: Variable 'va' implicitly has an 'any' type.
vendor/tesseract/tesseract-core-simd.wasm.js(21,153): error TS7005: Variable 'r' implicitly has an 'any' type.
vendor/tesseract/tesseract-core-simd.wasm.js(21,179): error TS7005: Variable 'r' implicitly has an 'any' type.
vendor/tesseract/tesseract-core-simd.wasm.js(21,207): error TS7005: Variable 'wa' implicitly has an 'any' type.
vendor/tesseract/tesseract-core-simd.wasm.js(21,237): error TS7005: Variable 'xa' implicitly has an 'any' type.
vendor/tesseract/tesseract-core-simd.wasm.js(21,262): error TS7005: Variable 'u' implicitly has an 'any' type.
vendor/tesseract/tesseract-core-simd.wasm.js(22,13): error TS7006: Parameter 'a' implicitly has an 'any' type.
vendor/tesseract/tesseract-core-simd.wasm.js(22,15): error TS7006: Parameter 'c' implicitly has an 'any' type.
vendor/tesseract/tesseract-core-simd.wasm.js(23,13): error TS7006: Parameter 'a' implicitly has an 'any' type.
vendor/tesseract/tesseract-core-simd.wasm.js(23,46): error TS7006: Parameter 'c' implicitly has an 'any' type.
vendor/tesseract/tesseract-core-simd.wasm.js(23,85): error TS7006: Parameter 'c' implicitly has an 'any' type.
vendor/tesseract/tesseract-core-simd.wasm.js(23,124): error TS7006: Parameter 'c' implicitly has an 'any' type.
vendor/tesseract/tesseract-core-simd.wasm.js(23,126): error TS7006: Parameter 'd' implicitly has an 'any' type.
vendor/tesseract/tesseract-core-simd.wasm.js(24,19): error TS7006: Parameter 'a' implicitly has an 'any' type.
vendor/tesseract/tesseract-core-simd.wasm.js(24,21): error TS7006: Parameter 'c' implicitly has an 'any' type.
vendor/tesseract/tesseract-core-simd.wasm.js(24,191): error TS7006: Parameter 'a' implicitly has an 'any' type.
vendor/tesseract/tesseract-core-simd.wasm.js(24,266): error TS7006: Parameter 'e' implicitly has an 'any' type.
vendor/tesseract/tesseract-core-simd.wasm.js(24,339): error TS7006: Parameter 'a' implicitly has an 'any' type.
vendor/tesseract/tesseract-core-simd.wasm.js(24,349): error TS2531: Object is possibly 'null'.
vendor/tesseract/tesseract-core-simd.wasm.js(24,437): error TS2322: Type 'string' is not assignable to type 'string[]'.
vendor/tesseract/tesseract-core-simd.wasm.js(24,472): error TS2339: Property 'substr' does not exist on type 'string[]'.
vendor/tesseract/tesseract-core-simd.wasm.js(25,7): error TS7006: Parameter 'a' implicitly has an 'any' type.
vendor/tesseract/tesseract-core-simd.wasm.js(25,121): error TS7006: Parameter 'a' implicitly has an 'any' type.
vendor/tesseract/tesseract-core-simd.wasm.js(25,123): error TS7006: Parameter 'c' implicitly has an 'any' type.
vendor/tesseract/tesseract-core-simd.wasm.js(25,230): error TS7006: Parameter 'd' implicitly has an 'any' type.
vendor/tesseract/tesseract-core-simd.wasm.js(25,283): error TS2591: Cannot find name 'crypto'. Do you need to install type definitions for node? Try `npm i --save-dev @types/node` and then add 'node' to the types field in your tsconfig.
vendor/tesseract/tesseract-core-simd.wasm.js(25,320): error TS7006: Parameter 'd' implicitly has an 'any' type.
vendor/tesseract/tesseract-core-simd.wasm.js(25,370): error TS7006: Parameter 'd' implicitly has an 'any' type.
vendor/tesseract/tesseract-core-simd.wasm.js(25,444): error TS7006: Parameter 'a' implicitly has an 'any' type.
vendor/tesseract/tesseract-core-simd.wasm.js(25,453): error TS2722: Cannot invoke an object which is possibly 'undefined'.
vendor/tesseract/tesseract-core-simd.wasm.js(25,454): error TS2630: Cannot assign to 'ib' because it is a function.
vendor/tesseract/tesseract-core-simd.wasm.js(26,219): error TS2339: Property 'charAt' does not exist on type 'never'.
vendor/tesseract/tesseract-core-simd.wasm.js(27,9): error TS7006: Parameter 'a' implicitly has an 'any' type.
vendor/tesseract/tesseract-core-simd.wasm.js(27,11): error TS7006: Parameter 'c' implicitly has an 'any' type.
vendor/tesseract/tesseract-core-simd.wasm.js(27,27): error TS7006: Parameter 'k' implicitly has an 'any' type.
vendor/tesseract/tesseract-core-simd.wasm.js(27,294): error TS2322: Type 'never[]' is not assignable to type 'number'.
vendor/tesseract/tesseract-core-simd.wasm.js(27,324): error TS2339: Property 'push' does not exist on type 'number'.
vendor/tesseract/tesseract-core-simd.wasm.js(27,339): error TS2339: Property 'concat' does not exist on type 'number'.
vendor/tesseract/tesseract-core-simd.wasm.js(27,367): error TS2339: Property 'join' does not exist on type 'number'.
vendor/tesseract/tesseract-core-simd.wasm.js(27,390): error TS7006: Parameter 'a' implicitly has an 'any' type.
vendor/tesseract/tesseract-core-simd.wasm.js(27,392): error TS7006: Parameter 'c' implicitly has an 'any' type.
vendor/tesseract/tesseract-core-simd.wasm.js(27,466): error TS7034: Variable 'mb' implicitly has type 'any[]' in some locations where its type cannot be determined.
vendor/tesseract/tesseract-core-simd.wasm.js(28,13): error TS7006: Parameter 'a' implicitly has an 'any' type.
vendor/tesseract/tesseract-core-simd.wasm.js(28,15): error TS7006: Parameter 'c' implicitly has an 'any' type.
vendor/tesseract/tesseract-core-simd.wasm.js(29,23): error TS7006: Parameter 'a' implicitly has an 'any' type.
vendor/tesseract/tesseract-core-simd.wasm.js(29,32): error TS7005: Variable 'mb' implicitly has an 'any[]' type.
vendor/tesseract/tesseract-core-simd.wasm.js(29,111): error TS7006: Parameter 'a' implicitly has an 'any' type.
vendor/tesseract/tesseract-core-simd.wasm.js(29,152): error TS7006: Parameter 'a' implicitly has an 'any' type.
vendor/tesseract/tesseract-core-simd.wasm.js(29,192): error TS7006: Parameter 'a' implicitly has an 'any' type.
vendor/tesseract/tesseract-core-simd.wasm.js(29,194): error TS7006: Parameter 'c' implicitly has an 'any' type.
vendor/tesseract/tesseract-core-simd.wasm.js(29,196): error TS7006: Parameter 'd' implicitly has an 'any' type.
vendor/tesseract/tesseract-core-simd.wasm.js(29,198): error TS7006: Parameter 'e' implicitly has an 'any' type.
vendor/tesseract/tesseract-core-simd.wasm.js(29,467): error TS7006: Parameter 'a' implicitly has an 'any' type.
vendor/tesseract/tesseract-core-simd.wasm.js(29,469): error TS7006: Parameter 'c' implicitly has an 'any' type.
vendor/tesseract/tesseract-core-simd.wasm.js(29,471): error TS7006: Parameter 'd' implicitly has an 'any' type.
vendor/tesseract/tesseract-core-simd.wasm.js(29,473): error TS7006: Parameter 'e' implicitly has an 'any' type.
vendor/tesseract/tesseract-core-simd.wasm.js(30,140): error TS7006: Parameter 'a' implicitly has an 'any' type.
vendor/tesseract/tesseract-core-simd.wasm.js(30,187): error TS2591: Cannot find name 'Buffer'. Do you need to install type definitions for node? Try `npm i --save-dev @types/node` and then add 'node' to the types field in your tsconfig.
vendor/tesseract/tesseract-core-simd.wasm.js(30,227): error TS2591: Cannot find name 'process'. Do you need to install type definitions for node? Try `npm i --save-dev @types/node` and then add 'node' to the types field in your tsconfig.
vendor/tesseract/tesseract-core-simd.wasm.js(30,268): error TS18046: 'g' is of type 'unknown'.
vendor/tesseract/tesseract-core-simd.wasm.js(30,492): error TS2304: Cannot find name 'readline'.
vendor/tesseract/tesseract-core-simd.wasm.js(31,4): error TS2304: Cannot find name 'readline'.
vendor/tesseract/tesseract-core-simd.wasm.js(31,107): error TS7006: Parameter 'a' implicitly has an 'any' type.
vendor/tesseract/tesseract-core-simd.wasm.js(31,109): error TS7006: Parameter 'c' implicitly has an 'any' type.
vendor/tesseract/tesseract-core-simd.wasm.js(31,201): error TS7006: Parameter 'a' implicitly has an 'any' type.
vendor/tesseract/tesseract-core-simd.wasm.js(31,284): error TS7006: Parameter 'a' implicitly has an 'any' type.
vendor/tesseract/tesseract-core-simd.wasm.js(31,286): error TS7006: Parameter 'c' implicitly has an 'any' type.
vendor/tesseract/tesseract-core-simd.wasm.js(31,378): error TS7006: Parameter 'a' implicitly has an 'any' type.
vendor/tesseract/tesseract-core-simd.wasm.js(32,25): error TS7006: Parameter 'a' implicitly has an 'any' type.
vendor/tesseract/tesseract-core-simd.wasm.js(32,27): error TS7006: Parameter 'c' implicitly has an 'any' type.
vendor/tesseract/tesseract-core-simd.wasm.js(32,29): error TS7006: Parameter 'd' implicitly has an 'any' type.
vendor/tesseract/tesseract-core-simd.wasm.js(32,31): error TS7006: Parameter 'e' implicitly has an 'any' type.
vendor/tesseract/tesseract-core-simd.wasm.js(32,84): error TS2322: Type '{ dir: { node: { Rf: (a: any) => { dev: any; ino: any; mode: any; nlink: number; uid: number; gid: number; rdev: any; size: any; atime: Date; mtime: Date; ctime: Date; xh: number; blocks: number; }; ... 7 more ...; symlink: (a: any, c: any, d: any) => any; }; stream: { ...; }; }; file: { ...; }; link: { ...; }; Zg: ...' is not assignable to type 'null'.
vendor/tesseract/tesseract-core-simd.wasm.js(33,44): error TS18047: 'B.Uf' is possibly 'null'.
vendor/tesseract/tesseract-core-simd.wasm.js(33,63): error TS18047: 'B.Uf' is possibly 'null'.
vendor/tesseract/tesseract-core-simd.wasm.js(33,111): error TS18047: 'B.Uf' is possibly 'null'.
vendor/tesseract/tesseract-core-simd.wasm.js(33,131): error TS18047: 'B.Uf' is possibly 'null'.
vendor/tesseract/tesseract-core-simd.wasm.js(33,185): error TS18047: 'B.Uf' is possibly 'null'.
vendor/tesseract/tesseract-core-simd.wasm.js(33,205): error TS18047: 'B.Uf' is possibly 'null'.
vendor/tesseract/tesseract-core-simd.wasm.js(33,243): error TS18047: 'B.Uf' is possibly 'null'.
vendor/tesseract/tesseract-core-simd.wasm.js(33,261): error TS18047: 'B.Uf' is possibly 'null'.
vendor/tesseract/tesseract-core-simd.wasm.js(33,361): error TS7006: Parameter 'a' implicitly has an 'any' type.
vendor/tesseract/tesseract-core-simd.wasm.js(33,464): error TS7006: Parameter 'a' implicitly has an 'any' type.
vendor/tesseract/tesseract-core-simd.wasm.js(33,466): error TS7006: Parameter 'c' implicitly has an 'any' type.
vendor/tesseract/tesseract-core-simd.wasm.js(34,148): error TS7006: Parameter 'a' implicitly has an 'any' type.
vendor/tesseract/tesseract-core-simd.wasm.js(34,150): error TS7006: Parameter 'c' implicitly has an 'any' type.
vendor/tesseract/tesseract-core-simd.wasm.js(34,297): error TS7006: Parameter 'a' implicitly has an 'any' type.
vendor/tesseract/tesseract-core-simd.wasm.js(35,147): error TS7006: Parameter 'a' implicitly has an 'any' type.
vendor/tesseract/tesseract-core-simd.wasm.js(35,149): error TS7006: Parameter 'c' implicitly has an 'any' type.
vendor/tesseract/tesseract-core-simd.wasm.js(35,313): error TS7006: Parameter 'a' implicitly has an 'any' type.
vendor/tesseract/tesseract-core-simd.wasm.js(35,315): error TS7006: Parameter 'c' implicitly has an 'any' type.
vendor/tesseract/tesseract-core-simd.wasm.js(35,317): error TS7006: Parameter 'd' implicitly has an 'any' type.
vendor/tesseract/tesseract-core-simd.wasm.js(35,319): error TS7006: Parameter 'e' implicitly has an 'any' type.
vendor/tesseract/tesseract-core-simd.wasm.js(35,368): error TS7006: Parameter 'a' implicitly has an 'any' type.
vendor/tesseract/tesseract-core-simd.wasm.js(35,370): error TS7006: Parameter 'c' implicitly has an 'any' type.
vendor/tesseract/tesseract-core-simd.wasm.js(35,372): error TS7006: Parameter 'd' implicitly has an 'any' type.
vendor/tesseract/tesseract-core-simd.wasm.js(36,90): error TS7006: Parameter 'a' implicitly has an 'any' type.
vendor/tesseract/tesseract-core-simd.wasm.js(36,92): error TS7006: Parameter 'c' implicitly has an 'any' type.
vendor/tesseract/tesseract-core-simd.wasm.js(36,149): error TS7006: Parameter 'a' implicitly has an 'any' type.
vendor/tesseract/tesseract-core-simd.wasm.js(36,151): error TS7006: Parameter 'c' implicitly has an 'any' type.
vendor/tesseract/tesseract-core-simd.wasm.js(36,261): error TS7006: Parameter 'a' implicitly has an 'any' type.
vendor/tesseract/tesseract-core-simd.wasm.js(36,358): error TS7006: Parameter 'a' implicitly has an 'any' type.
vendor/tesseract/tesseract-core-simd.wasm.js(36,360): error TS7006: Parameter 'c' implicitly has an 'any' type.
vendor/tesseract/tesseract-core-simd.wasm.js(36,362): error TS7006: Parameter 'd' implicitly has an 'any' type.
vendor/tesseract/tesseract-core-simd.wasm.js(36,430): error TS7006: Parameter 'a' implicitly has an 'any' type.
vendor/tesseract/tesseract-core-simd.wasm.js(36,503): error TS7006: Parameter 'a' implicitly has an 'any' type.
vendor/tesseract/tesseract-core-simd.wasm.js(37,1): error TS7006: Parameter 'c' implicitly has an 'any' type.
vendor/tesseract/tesseract-core-simd.wasm.js(37,3): error TS7006: Parameter 'd' implicitly has an 'any' type.
vendor/tesseract/tesseract-core-simd.wasm.js(37,5): error TS7006: Parameter 'e' implicitly has an 'any' type.
vendor/tesseract/tesseract-core-simd.wasm.js(37,7): error TS7006: Parameter 'g' implicitly has an 'any' type.
vendor/tesseract/tesseract-core-simd.wasm.js(37,183): error TS7006: Parameter 'a' implicitly has an 'any' type.
vendor/tesseract/tesseract-core-simd.wasm.js(37,185): error TS7006: Parameter 'c' implicitly has an 'any' type.
vendor/tesseract/tesseract-core-simd.wasm.js(37,187): error TS7006: Parameter 'd' implicitly has an 'any' type.
vendor/tesseract/tesseract-core-simd.wasm.js(37,189): error TS7006: Parameter 'e' implicitly has an 'any' type.
vendor/tesseract/tesseract-core-simd.wasm.js(37,191): error TS7006: Parameter 'g' implicitly has an 'any' type.
vendor/tesseract/tesseract-core-simd.wasm.js(37,193): error TS7006: Parameter 'h' implicitly has an 'any' type.
vendor/tesseract/tesseract-core-simd.wasm.js(37,207): error TS7005: Variable 'p' implicitly has an 'any' type.
vendor/tesseract/tesseract-core-simd.wasm.js(38,93): error TS7006: Parameter 'a' implicitly has an 'any' type.
vendor/tesseract/tesseract-core-simd.wasm.js(38,95): error TS7006: Parameter 'c' implicitly has an 'any' type.
vendor/tesseract/tesseract-core-simd.wasm.js(38,97): error TS7006: Parameter 'd' implicitly has an 'any' type.
vendor/tesseract/tesseract-core-simd.wasm.js(38,213): error TS7006: Parameter 'a' implicitly has an 'any' type.
vendor/tesseract/tesseract-core-simd.wasm.js(38,215): error TS7006: Parameter 'c' implicitly has an 'any' type.
vendor/tesseract/tesseract-core-simd.wasm.js(38,217): error TS7006: Parameter 'd' implicitly has an 'any' type.
vendor/tesseract/tesseract-core-simd.wasm.js(38,284): error TS7006: Parameter 'a' implicitly has an 'any' type.
vendor/tesseract/tesseract-core-simd.wasm.js(38,286): error TS7006: Parameter 'c' implicitly has an 'any' type.
vendor/tesseract/tesseract-core-simd.wasm.js(38,288): error TS7006: Parameter 'd' implicitly has an 'any' type.
vendor/tesseract/tesseract-core-simd.wasm.js(38,290): error TS7006: Parameter 'e' implicitly has an 'any' type.
vendor/tesseract/tesseract-core-simd.wasm.js(38,292): error TS7006: Parameter 'g' implicitly has an 'any' type.
vendor/tesseract/tesseract-core-simd.wasm.js(38,371): error TS7005: Variable 'p' implicitly has an 'any' type.
vendor/tesseract/tesseract-core-simd.wasm.js(39,1): error TS7005: Variable 'p' implicitly has an 'any' type.
vendor/tesseract/tesseract-core-simd.wasm.js(39,68): error TS7006: Parameter 'a' implicitly has an 'any' type.
vendor/tesseract/tesseract-core-simd.wasm.js(39,70): error TS7006: Parameter 'c' implicitly has an 'any' type.
vendor/tesseract/tesseract-core-simd.wasm.js(39,72): error TS7006: Parameter 'd' implicitly has an 'any' type.
vendor/tesseract/tesseract-core-simd.wasm.js(39,74): error TS7006: Parameter 'e' implicitly has an 'any' type.
vendor/tesseract/tesseract-core-simd.wasm.js(39,126): error TS7006: Parameter 'a' implicitly has an 'any' type.
vendor/tesseract/tesseract-core-simd.wasm.js(39,128): error TS7006: Parameter 'c' implicitly has an 'any' type.
vendor/tesseract/tesseract-core-simd.wasm.js(39,130): error TS7006: Parameter 'd' implicitly has an 'any' type.
vendor/tesseract/tesseract-core-simd.wasm.js(39,147): error TS7005: Variable 'ka' implicitly has an 'any' type.
vendor/tesseract/tesseract-core-simd.wasm.js(39,152): error TS7006: Parameter 'g' implicitly has an 'any' type.
vendor/tesseract/tesseract-core-simd.wasm.js(39,241): error TS2554: Expected 0 arguments, but got 1.
vendor/tesseract/tesseract-core-simd.wasm.js(39,313): error TS2554: Expected 0 arguments, but got 1.
vendor/tesseract/tesseract-core-simd.wasm.js(39,325): error TS2339: Property 'preloadPlugins' does not exist on type '{}'.
vendor/tesseract/tesseract-core-simd.wasm.js(39,356): error TS7006: Parameter 'a' implicitly has an 'any' type.
vendor/tesseract/tesseract-core-simd.wasm.js(39,358): error TS7006: Parameter 'c' implicitly has an 'any' type.
vendor/tesseract/tesseract-core-simd.wasm.js(39,360): error TS7006: Parameter 'd' implicitly has an 'any' type.
vendor/tesseract/tesseract-core-simd.wasm.js(39,362): error TS7006: Parameter 'e' implicitly has an 'any' type.
vendor/tesseract/tesseract-core-simd.wasm.js(39,385): error TS2304: Cannot find name 'Browser'.
vendor/tesseract/tesseract-core-simd.wasm.js(39,394): error TS2304: Cannot find name 'Browser'.
vendor/tesseract/tesseract-core-simd.wasm.js(39,436): error TS7006: Parameter 'h' implicitly has an 'any' type.
vendor/tesseract/tesseract-core-simd.wasm.js(40,13): error TS7006: Parameter 'a' implicitly has an 'any' type.
vendor/tesseract/tesseract-core-simd.wasm.js(40,15): error TS7006: Parameter 'c' implicitly has an 'any' type.
vendor/tesseract/tesseract-core-simd.wasm.js(41,5): error TS7022: 'A' implicitly has type 'any' because it does not have a type annotation and is referenced directly or indirectly in its own initializer.
vendor/tesseract/tesseract-core-simd.wasm.js(41,104): error TS7006: Parameter 'a' implicitly has an 'any' type.
vendor/tesseract/tesseract-core-simd.wasm.js(41,193): error TS2339: Property 'Vg' does not exist on type '{}'.
vendor/tesseract/tesseract-core-simd.wasm.js(41,237): error TS7006: Parameter 'k' implicitly has an 'any' type.
vendor/tesseract/tesseract-core-simd.wasm.js(41,317): error TS2339: Property 'parent' does not exist on type '{}'.
vendor/tesseract/tesseract-core-simd.wasm.js(41,381): error TS2339: Property 'Eg' does not exist on type '{}'.
vendor/tesseract/tesseract-core-simd.wasm.js(41,409): error TS2339: Property 'Qf' does not exist on type '{}'.
vendor/tesseract/tesseract-core-simd.wasm.js(41,416): error TS2322: Type 'number' is not assignable to type 'boolean'.
vendor/tesseract/tesseract-core-simd.wasm.js(41,482): error TS2339: Property 'Vg' does not exist on type '{}'.
vendor/tesseract/tesseract-core-simd.wasm.js(41,497): error TS2356: An arithmetic operand must be of type 'any', 'number', 'bigint' or an enum type.
vendor/tesseract/tesseract-core-simd.wasm.js(42,28): error TS7006: Parameter 'a' implicitly has an 'any' type.
vendor/tesseract/tesseract-core-simd.wasm.js(42,150): error TS7006: Parameter 'a' implicitly has an 'any' type.
vendor/tesseract/tesseract-core-simd.wasm.js(42,152): error TS7006: Parameter 'c' implicitly has an 'any' type.
vendor/tesseract/tesseract-core-simd.wasm.js(42,249): error TS7006: Parameter 'a' implicitly has an 'any' type.
vendor/tesseract/tesseract-core-simd.wasm.js(42,311): error TS7006: Parameter 'a' implicitly has an 'any' type.
vendor/tesseract/tesseract-core-simd.wasm.js(42,439): error TS7006: Parameter 'a' implicitly has an 'any' type.
vendor/tesseract/tesseract-core-simd.wasm.js(42,441): error TS7006: Parameter 'c' implicitly has an 'any' type.
vendor/tesseract/tesseract-core-simd.wasm.js(43,100): error TS7006: Parameter 'a' implicitly has an 'any' type.
vendor/tesseract/tesseract-core-simd.wasm.js(43,102): error TS7006: Parameter 'c' implicitly has an 'any' type.
vendor/tesseract/tesseract-core-simd.wasm.js(43,104): error TS7006: Parameter 'd' implicitly has an 'any' type.
vendor/tesseract/tesseract-core-simd.wasm.js(43,106): error TS7006: Parameter 'e' implicitly has an 'any' type.
vendor/tesseract/tesseract-core-simd.wasm.js(43,152): error TS7006: Parameter 'a' implicitly has an 'any' type.
vendor/tesseract/tesseract-core-simd.wasm.js(43,168): error TS7006: Parameter 'a' implicitly has an 'any' type.
vendor/tesseract/tesseract-core-simd.wasm.js(43,187): error TS7006: Parameter 'a' implicitly has an 'any' type.
vendor/tesseract/tesseract-core-simd.wasm.js(43,204): error TS7006: Parameter 'a' implicitly has an 'any' type.
vendor/tesseract/tesseract-core-simd.wasm.js(43,228): error TS7006: Parameter 'a' implicitly has an 'any' type.
vendor/tesseract/tesseract-core-simd.wasm.js(43,252): error TS7006: Parameter 'a' implicitly has an 'any' type.
vendor/tesseract/tesseract-core-simd.wasm.js(43,276): error TS7006: Parameter 'a' implicitly has an 'any' type.
vendor/tesseract/tesseract-core-simd.wasm.js(43,299): error TS7006: Parameter 'a' implicitly has an 'any' type.
vendor/tesseract/tesseract-core-simd.wasm.js(43,327): error TS7006: Parameter 'a' implicitly has an 'any' type.
vendor/tesseract/tesseract-core-simd.wasm.js(43,356): error TS7006: Parameter 'a' implicitly has an 'any' type.
vendor/tesseract/tesseract-core-simd.wasm.js(43,380): error TS7006: Parameter 'a' implicitly has an 'any' type.
vendor/tesseract/tesseract-core-simd.wasm.js(43,440): error TS7006: Parameter 'a' implicitly has an 'any' type.
vendor/tesseract/tesseract-core-simd.wasm.js(43,442): error TS7006: Parameter 'c' implicitly has an 'any' type.
vendor/tesseract/tesseract-core-simd.wasm.js(44,82): error TS7006: Parameter 'a' implicitly has an 'any' type.
vendor/tesseract/tesseract-core-simd.wasm.js(44,136): error TS7006: Parameter 'a' implicitly has an 'any' type.
vendor/tesseract/tesseract-core-simd.wasm.js(44,138): error TS7006: Parameter 'c' implicitly has an 'any' type.
vendor/tesseract/tesseract-core-simd.wasm.js(44,202): error TS7006: Parameter 'a' implicitly has an 'any' type.
vendor/tesseract/tesseract-core-simd.wasm.js(44,204): error TS7006: Parameter 'c' implicitly has an 'any' type.
vendor/tesseract/tesseract-core-simd.wasm.js(44,206): error TS7006: Parameter 'd' implicitly has an 'any' type.
vendor/tesseract/tesseract-core-simd.wasm.js(44,247): error TS18046: 'g' is of type 'unknown'.
vendor/tesseract/tesseract-core-simd.wasm.js(44,397): error TS7006: Parameter 'a' implicitly has an 'any' type.
vendor/tesseract/tesseract-core-simd.wasm.js(44,399): error TS7006: Parameter 'c' implicitly has an 'any' type.
vendor/tesseract/tesseract-core-simd.wasm.js(45,66): error TS7006: Parameter 'a' implicitly has an 'any' type.
vendor/tesseract/tesseract-core-simd.wasm.js(45,86): error TS7006: Parameter 'a' implicitly has an 'any' type.
vendor/tesseract/tesseract-core-simd.wasm.js(45,88): error TS7006: Parameter 'c' implicitly has an 'any' type.
vendor/tesseract/tesseract-core-simd.wasm.js(45,90): error TS7006: Parameter 'd' implicitly has an 'any' type.
vendor/tesseract/tesseract-core-simd.wasm.js(45,500): error TS7006: Parameter 'a' implicitly has an 'any' type.
vendor/tesseract/tesseract-core-simd.wasm.js(46,30): error TS7006: Parameter 'a' implicitly has an 'any' type.
vendor/tesseract/tesseract-core-simd.wasm.js(46,118): error TS7006: Parameter 'a' implicitly has an 'any' type.
vendor/tesseract/tesseract-core-simd.wasm.js(46,129): error TS7006: Parameter 'a' implicitly has an 'any' type.
vendor/tesseract/tesseract-core-simd.wasm.js(46,142): error TS7006: Parameter 'a' implicitly has an 'any' type.
vendor/tesseract/tesseract-core-simd.wasm.js(46,144): error TS7006: Parameter 'c' implicitly has an 'any' type.
vendor/tesseract/tesseract-core-simd.wasm.js(46,159): error TS7006: Parameter 'a' implicitly has an 'any' type.
vendor/tesseract/tesseract-core-simd.wasm.js(46,161): error TS7006: Parameter 'c' implicitly has an 'any' type.
vendor/tesseract/tesseract-core-simd.wasm.js(46,185): error TS7006: Parameter 'a' implicitly has an 'any' type.
vendor/tesseract/tesseract-core-simd.wasm.js(46,199): error TS7006: Parameter 'a' implicitly has an 'any' type.
vendor/tesseract/tesseract-core-simd.wasm.js(46,292): error TS7006: Parameter 'a' implicitly has an 'any' type.
vendor/tesseract/tesseract-core-simd.wasm.js(46,294): error TS7006: Parameter 'c' implicitly has an 'any' type.
vendor/tesseract/tesseract-core-simd.wasm.js(46,310): error TS7006: Parameter 'k' implicitly has an 'any' type.
vendor/tesseract/tesseract-core-simd.wasm.js(46,341): error TS7023: 'e' implicitly has return type 'any' because it does not have a return type annotation and is referenced directly or indirectly in one of its return expressions.
vendor/tesseract/tesseract-core-simd.wasm.js(46,343): error TS7006: Parameter 'k' implicitly has an 'any' type.
vendor/tesseract/tesseract-core-simd.wasm.js(46,358): error TS2339: Property 'Gh' does not exist on type '(k: any) => any'.
vendor/tesseract/tesseract-core-simd.wasm.js(46,370): error TS2339: Property 'Gh' does not exist on type '(k: any) => any'.
vendor/tesseract/tesseract-core-simd.wasm.js(47,37): error TS7006: Parameter 'k' implicitly has an 'any' type.
vendor/tesseract/tesseract-core-simd.wasm.js(47,94): error TS7006: Parameter 'a' implicitly has an 'any' type.
vendor/tesseract/tesseract-core-simd.wasm.js(47,96): error TS7006: Parameter 'c' implicitly has an 'any' type.
vendor/tesseract/tesseract-core-simd.wasm.js(47,98): error TS7006: Parameter 'd' implicitly has an 'any' type.
vendor/tesseract/tesseract-core-simd.wasm.js(47,383): error TS7006: Parameter 'a' implicitly has an 'any' type.
vendor/tesseract/tesseract-core-simd.wasm.js(48,21): error TS2339: Property 'fg' does not exist on type 'string'.
vendor/tesseract/tesseract-core-simd.wasm.js(48,37): error TS2339: Property 'Lf' does not exist on type 'string'.
vendor/tesseract/tesseract-core-simd.wasm.js(48,113): error TS7006: Parameter 'a' implicitly has an 'any' type.
vendor/tesseract/tesseract-core-simd.wasm.js(48,115): error TS7006: Parameter 'c' implicitly has an 'any' type.
vendor/tesseract/tesseract-core-simd.wasm.js(48,140): error TS7006: Parameter 'a' implicitly has an 'any' type.
vendor/tesseract/tesseract-core-simd.wasm.js(48,142): error TS7006: Parameter 'c' implicitly has an 'any' type.
vendor/tesseract/tesseract-core-simd.wasm.js(48,144): error TS7006: Parameter 'd' implicitly has an 'any' type.
vendor/tesseract/tesseract-core-simd.wasm.js(48,335): error TS7006: Parameter 'a' implicitly has an 'any' type.
vendor/tesseract/tesseract-core-simd.wasm.js(48,337): error TS7006: Parameter 'c' implicitly has an 'any' type.
vendor/tesseract/tesseract-core-simd.wasm.js(48,388): error TS7006: Parameter 'a' implicitly has an 'any' type.
vendor/tesseract/tesseract-core-simd.wasm.js(48,390): error TS7006: Parameter 'c' implicitly has an 'any' type.
vendor/tesseract/tesseract-core-simd.wasm.js(48,438): error TS7006: Parameter 'a' implicitly has an 'any' type.
vendor/tesseract/tesseract-core-simd.wasm.js(48,440): error TS7006: Parameter 'c' implicitly has an 'any' type.
vendor/tesseract/tesseract-core-simd.wasm.js(49,43): error TS18046: 'g' is of type 'unknown'.
vendor/tesseract/tesseract-core-simd.wasm.js(49,64): error TS7006: Parameter 'a' implicitly has an 'any' type.
vendor/tesseract/tesseract-core-simd.wasm.js(49,66): error TS7006: Parameter 'c' implicitly has an 'any' type.
vendor/tesseract/tesseract-core-simd.wasm.js(49,68): error TS7006: Parameter 'd' implicitly has an 'any' type.
vendor/tesseract/tesseract-core-simd.wasm.js(49,142): error TS7006: Parameter 'a' implicitly has an 'any' type.
vendor/tesseract/tesseract-core-simd.wasm.js(49,144): error TS7006: Parameter 'c' implicitly has an 'any' type.
vendor/tesseract/tesseract-core-simd.wasm.js(49,353): error TS7006: Parameter 'a' implicitly has an 'any' type.
vendor/tesseract/tesseract-core-simd.wasm.js(49,355): error TS7006: Parameter 'c' implicitly has an 'any' type.
vendor/tesseract/tesseract-core-simd.wasm.js(50,473): error TS7006: Parameter 'a' implicitly has an 'any' type.
vendor/tesseract/tesseract-core-simd.wasm.js(51,160): error TS7006: Parameter 'a' implicitly has an 'any' type.
vendor/tesseract/tesseract-core-simd.wasm.js(51,254): error TS7006: Parameter 'a' implicitly has an 'any' type.
vendor/tesseract/tesseract-core-simd.wasm.js(51,476): error TS7006: Parameter 'a' implicitly has an 'any' type.
vendor/tesseract/tesseract-core-simd.wasm.js(52,88): error TS7006: Parameter 'a' implicitly has an 'any' type.
vendor/tesseract/tesseract-core-simd.wasm.js(52,90): error TS7006: Parameter 'c' implicitly has an 'any' type.
vendor/tesseract/tesseract-core-simd.wasm.js(52,199): error TS7006: Parameter 'a' implicitly has an 'any' type.
vendor/tesseract/tesseract-core-simd.wasm.js(52,222): error TS7006: Parameter 'a' implicitly has an 'any' type.
vendor/tesseract/tesseract-core-simd.wasm.js(52,224): error TS7006: Parameter 'c' implicitly has an 'any' type.
vendor/tesseract/tesseract-core-simd.wasm.js(52,226): error TS7006: Parameter 'd' implicitly has an 'any' type.
vendor/tesseract/tesseract-core-simd.wasm.js(52,374): error TS7006: Parameter 'a' implicitly has an 'any' type.
vendor/tesseract/tesseract-core-simd.wasm.js(52,376): error TS7006: Parameter 'c' implicitly has an 'any' type.
vendor/tesseract/tesseract-core-simd.wasm.js(52,406): error TS7006: Parameter 'a' implicitly has an 'any' type.
vendor/tesseract/tesseract-core-simd.wasm.js(52,408): error TS7006: Parameter 'c' implicitly has an 'any' type.
vendor/tesseract/tesseract-core-simd.wasm.js(52,473): error TS7006: Parameter 'a' implicitly has an 'any' type.
vendor/tesseract/tesseract-core-simd.wasm.js(52,475): error TS7006: Parameter 'c' implicitly has an 'any' type.
vendor/tesseract/tesseract-core-simd.wasm.js(52,477): error TS7006: Parameter 'd' implicitly has an 'any' type.
vendor/tesseract/tesseract-core-simd.wasm.js(52,479): error TS7006: Parameter 'e' implicitly has an 'any' type.
vendor/tesseract/tesseract-core-simd.wasm.js(53,98): error TS7006: Parameter 'a' implicitly has an 'any' type.
vendor/tesseract/tesseract-core-simd.wasm.js(53,100): error TS7006: Parameter 'c' implicitly has an 'any' type.
vendor/tesseract/tesseract-core-simd.wasm.js(53,102): error TS7006: Parameter 'd' implicitly has an 'any' type.
vendor/tesseract/tesseract-core-simd.wasm.js(53,134): error TS7006: Parameter 'a' implicitly has an 'any' type.
vendor/tesseract/tesseract-core-simd.wasm.js(53,136): error TS7006: Parameter 'c' implicitly has an 'any' type.
vendor/tesseract/tesseract-core-simd.wasm.js(53,138): error TS7006: Parameter 'd' implicitly has an 'any' type.
vendor/tesseract/tesseract-core-simd.wasm.js(53,208): error TS7006: Parameter 'a' implicitly has an 'any' type.
vendor/tesseract/tesseract-core-simd.wasm.js(53,210): error TS7006: Parameter 'c' implicitly has an 'any' type.
vendor/tesseract/tesseract-core-simd.wasm.js(53,478): error TS7006: Parameter 'a' implicitly has an 'any' type.
vendor/tesseract/tesseract-core-simd.wasm.js(53,480): error TS7006: Parameter 'c' implicitly has an 'any' type.
vendor/tesseract/tesseract-core-simd.wasm.js(54,71): error TS7006: Parameter 'a' implicitly has an 'any' type.
vendor/tesseract/tesseract-core-simd.wasm.js(54,73): error TS7006: Parameter 'c' implicitly has an 'any' type.
vendor/tesseract/tesseract-core-simd.wasm.js(54,75): error TS7006: Parameter 'd' implicitly has an 'any' type.
vendor/tesseract/tesseract-core-simd.wasm.js(54,147): error TS7006: Parameter 'a' implicitly has an 'any' type.
vendor/tesseract/tesseract-core-simd.wasm.js(54,149): error TS7006: Parameter 'c' implicitly has an 'any' type.
vendor/tesseract/tesseract-core-simd.wasm.js(54,151): error TS7006: Parameter 'd' implicitly has an 'any' type.
vendor/tesseract/tesseract-core-simd.wasm.js(54,473): error TS2322: Type 'boolean' is not assignable to type 'number'.
vendor/tesseract/tesseract-core-simd.wasm.js(55,21): error TS2322: Type 'boolean' is not assignable to type 'number'.
vendor/tesseract/tesseract-core-simd.wasm.js(55,306): error TS7005: Variable 'b' implicitly has an 'any' type.
vendor/tesseract/tesseract-core-simd.wasm.js(55,384): error TS7006: Parameter 'a' implicitly has an 'any' type.
vendor/tesseract/tesseract-core-simd.wasm.js(56,10): error TS7006: Parameter 'a' implicitly has an 'any' type.
vendor/tesseract/tesseract-core-simd.wasm.js(56,29): error TS7006: Parameter 'a' implicitly has an 'any' type.
vendor/tesseract/tesseract-core-simd.wasm.js(56,31): error TS7006: Parameter 'c' implicitly has an 'any' type.
vendor/tesseract/tesseract-core-simd.wasm.js(56,33): error TS7006: Parameter 'd' implicitly has an 'any' type.
vendor/tesseract/tesseract-core-simd.wasm.js(56,209): error TS7006: Parameter 'a' implicitly has an 'any' type.
vendor/tesseract/tesseract-core-simd.wasm.js(56,211): error TS7006: Parameter 'c' implicitly has an 'any' type.
vendor/tesseract/tesseract-core-simd.wasm.js(56,213): error TS7006: Parameter 'd' implicitly has an 'any' type.
vendor/tesseract/tesseract-core-simd.wasm.js(56,215): error TS7006: Parameter 'e' implicitly has an 'any' type.
vendor/tesseract/tesseract-core-simd.wasm.js(56,217): error TS7006: Parameter 'g' implicitly has an 'any' type.
vendor/tesseract/tesseract-core-simd.wasm.js(57,42): error TS7006: Parameter 'a' implicitly has an 'any' type.
vendor/tesseract/tesseract-core-simd.wasm.js(57,44): error TS7006: Parameter 'c' implicitly has an 'any' type.
vendor/tesseract/tesseract-core-simd.wasm.js(57,46): error TS7006: Parameter 'd' implicitly has an 'any' type.
vendor/tesseract/tesseract-core-simd.wasm.js(57,48): error TS7006: Parameter 'e' implicitly has an 'any' type.
vendor/tesseract/tesseract-core-simd.wasm.js(57,50): error TS7006: Parameter 'g' implicitly has an 'any' type.
vendor/tesseract/tesseract-core-simd.wasm.js(57,52): error TS7006: Parameter 'h' implicitly has an 'any' type.
vendor/tesseract/tesseract-core-simd.wasm.js(57,417): error TS7006: Parameter 'a' implicitly has an 'any' type.
vendor/tesseract/tesseract-core-simd.wasm.js(57,419): error TS7006: Parameter 'c' implicitly has an 'any' type.
vendor/tesseract/tesseract-core-simd.wasm.js(57,421): error TS7006: Parameter 'd' implicitly has an 'any' type.
vendor/tesseract/tesseract-core-simd.wasm.js(58,145): error TS7006: Parameter 'a' implicitly has an 'any' type.
vendor/tesseract/tesseract-core-simd.wasm.js(58,147): error TS7006: Parameter 'c' implicitly has an 'any' type.
vendor/tesseract/tesseract-core-simd.wasm.js(58,149): error TS7006: Parameter 'd' implicitly has an 'any' type.
vendor/tesseract/tesseract-core-simd.wasm.js(58,151): error TS7006: Parameter 'e' implicitly has an 'any' type.
vendor/tesseract/tesseract-core-simd.wasm.js(58,153): error TS7006: Parameter 'g' implicitly has an 'any' type.
vendor/tesseract/tesseract-core-simd.wasm.js(58,328): error TS7006: Parameter 'a' implicitly has an 'any' type.
vendor/tesseract/tesseract-core-simd.wasm.js(58,330): error TS7006: Parameter 'c' implicitly has an 'any' type.
vendor/tesseract/tesseract-core-simd.wasm.js(58,332): error TS7006: Parameter 'd' implicitly has an 'any' type.
vendor/tesseract/tesseract-core-simd.wasm.js(58,334): error TS7006: Parameter 'e' implicitly has an 'any' type.
vendor/tesseract/tesseract-core-simd.wasm.js(58,336): error TS7006: Parameter 'g' implicitly has an 'any' type.
vendor/tesseract/tesseract-core-simd.wasm.js(58,382): error TS7006: Parameter 'a' implicitly has an 'any' type.
vendor/tesseract/tesseract-core-simd.wasm.js(58,384): error TS7006: Parameter 'c' implicitly has an 'any' type.
vendor/tesseract/tesseract-core-simd.wasm.js(58,386): error TS7006: Parameter 'd' implicitly has an 'any' type.
vendor/tesseract/tesseract-core-simd.wasm.js(58,455): error TS7006: Parameter 'a' implicitly has an 'any' type.
vendor/tesseract/tesseract-core-simd.wasm.js(58,467): error TS2339: Property 'flags' does not exist on type '{}'.
vendor/tesseract/tesseract-core-simd.wasm.js(58,475): error TS2339: Property 'flags' does not exist on type '{}'.
vendor/tesseract/tesseract-core-simd.wasm.js(58,486): error TS2339: Property 'encoding' does not exist on type '{}'.
vendor/tesseract/tesseract-core-simd.wasm.js(58,497): error TS2339: Property 'encoding' does not exist on type '{}'.
vendor/tesseract/tesseract-core-simd.wasm.js(59,24): error TS2339: Property 'encoding' does not exist on type '{}'.
vendor/tesseract/tesseract-core-simd.wasm.js(59,47): error TS2339: Property 'encoding' does not exist on type '{}'.
vendor/tesseract/tesseract-core-simd.wasm.js(59,96): error TS2339: Property 'encoding' does not exist on type '{}'.
vendor/tesseract/tesseract-core-simd.wasm.js(59,129): error TS2339: Property 'flags' does not exist on type '{}'.
vendor/tesseract/tesseract-core-simd.wasm.js(59,206): error TS2339: Property 'encoding' does not exist on type '{}'.
vendor/tesseract/tesseract-core-simd.wasm.js(59,238): error TS2339: Property 'encoding' does not exist on type '{}'.
vendor/tesseract/tesseract-core-simd.wasm.js(59,286): error TS7006: Parameter 'a' implicitly has an 'any' type.
vendor/tesseract/tesseract-core-simd.wasm.js(59,288): error TS7006: Parameter 'c' implicitly has an 'any' type.
vendor/tesseract/tesseract-core-simd.wasm.js(59,300): error TS2339: Property 'flags' does not exist on type '{}'.
vendor/tesseract/tesseract-core-simd.wasm.js(59,308): error TS2339: Property 'flags' does not exist on type '{}'.
vendor/tesseract/tesseract-core-simd.wasm.js(59,332): error TS2339: Property 'flags' does not exist on type '{}'.
vendor/tesseract/tesseract-core-simd.wasm.js(59,340): error TS2339: Property 'mode' does not exist on type '{}'.
vendor/tesseract/tesseract-core-simd.wasm.js(59,445): error TS2339: Property 'yh' does not exist on type '{}'.
vendor/tesseract/tesseract-core-simd.wasm.js(60,10): error TS2339: Property 'yh' does not exist on type '{}'.
vendor/tesseract/tesseract-core-simd.wasm.js(60,87): error TS7006: Parameter 'a' implicitly has an 'any' type.
vendor/tesseract/tesseract-core-simd.wasm.js(60,371): error TS7006: Parameter 'e' implicitly has an 'any' type.
vendor/tesseract/tesseract-core-simd.wasm.js(60,373): error TS7006: Parameter 'g' implicitly has an 'any' type.
vendor/tesseract/tesseract-core-simd.wasm.js(60,375): error TS7006: Parameter 'h' implicitly has an 'any' type.
vendor/tesseract/tesseract-core-simd.wasm.js(60,377): error TS7006: Parameter 'k' implicitly has an 'any' type.
vendor/tesseract/tesseract-core-simd.wasm.js(61,318): error TS7006: Parameter 'd' implicitly has an 'any' type.
vendor/tesseract/tesseract-core-simd.wasm.js(61,320): error TS7006: Parameter 'e' implicitly has an 'any' type.
vendor/tesseract/tesseract-core-simd.wasm.js(61,480): error TS7005: Variable 'b' implicitly has an 'any' type.
vendor/tesseract/tesseract-core-simd.wasm.js(62,1): error TS7005: Variable 'b' implicitly has an 'any' type.
vendor/tesseract/tesseract-core-simd.wasm.js(62,45): error TS7005: Variable 'b' implicitly has an 'any' type.
vendor/tesseract/tesseract-core-simd.wasm.js(62,80): error TS7005: Variable 'b' implicitly has an 'any' type.
vendor/tesseract/tesseract-core-simd.wasm.js(62,126): error TS7005: Variable 'b' implicitly has an 'any' type.
vendor/tesseract/tesseract-core-simd.wasm.js(62,161): error TS7005: Variable 'b' implicitly has an 'any' type.
vendor/tesseract/tesseract-core-simd.wasm.js(62,309): error TS7006: Parameter 'a' implicitly has an 'any' type.
vendor/tesseract/tesseract-core-simd.wasm.js(62,311): error TS7006: Parameter 'c' implicitly has an 'any' type.
vendor/tesseract/tesseract-core-simd.wasm.js(62,366): error TS7006: Parameter 'd' implicitly has an 'any' type.
vendor/tesseract/tesseract-core-simd.wasm.js(63,135): error TS7006: Parameter 'a' implicitly has an 'any' type.
vendor/tesseract/tesseract-core-simd.wasm.js(63,137): error TS7006: Parameter 'c' implicitly has an 'any' type.
vendor/tesseract/tesseract-core-simd.wasm.js(63,139): error TS7006: Parameter 'd' implicitly has an 'any' type.
vendor/tesseract/tesseract-core-simd.wasm.js(63,162): error TS7005: Variable 'b' implicitly has an 'any' type.
vendor/tesseract/tesseract-core-simd.wasm.js(63,173): error TS7005: Variable 'b' implicitly has an 'any' type.
vendor/tesseract/tesseract-core-simd.wasm.js(63,181): error TS7005: Variable 'b' implicitly has an 'any' type.
vendor/tesseract/tesseract-core-simd.wasm.js(63,193): error TS7005: Variable 'b' implicitly has an 'any' type.
vendor/tesseract/tesseract-core-simd.wasm.js(63,202): error TS7005: Variable 'b' implicitly has an 'any' type.
vendor/tesseract/tesseract-core-simd.wasm.js(63,214): error TS7005: Variable 'b' implicitly has an 'any' type.
vendor/tesseract/tesseract-core-simd.wasm.js(63,325): error TS7006: Parameter 'a' implicitly has an 'any' type.
vendor/tesseract/tesseract-core-simd.wasm.js(63,327): error TS7006: Parameter 'c' implicitly has an 'any' type.
vendor/tesseract/tesseract-core-simd.wasm.js(63,379): error TS7006: Parameter 'a' implicitly has an 'any' type.
vendor/tesseract/tesseract-core-simd.wasm.js(63,381): error TS7006: Parameter 'c' implicitly has an 'any' type.
vendor/tesseract/tesseract-core-simd.wasm.js(64,195): error TS18046: 'g' is of type 'unknown'.
vendor/tesseract/tesseract-core-simd.wasm.js(64,214): error TS7006: Parameter 'a' implicitly has an 'any' type.
vendor/tesseract/tesseract-core-simd.wasm.js(64,216): error TS7006: Parameter 'c' implicitly has an 'any' type.
vendor/tesseract/tesseract-core-simd.wasm.js(64,367): error TS2454: Variable 'e' is used before being assigned.
vendor/tesseract/tesseract-core-simd.wasm.js(64,374): error TS7006: Parameter 'a' implicitly has an 'any' type.
vendor/tesseract/tesseract-core-simd.wasm.js(64,376): error TS7006: Parameter 'c' implicitly has an 'any' type.
vendor/tesseract/tesseract-core-simd.wasm.js(64,378): error TS7006: Parameter 'd' implicitly has an 'any' type.
vendor/tesseract/tesseract-core-simd.wasm.js(64,380): error TS7006: Parameter 'e' implicitly has an 'any' type.
vendor/tesseract/tesseract-core-simd.wasm.js(64,382): error TS7006: Parameter 'g' implicitly has an 'any' type.
vendor/tesseract/tesseract-core-simd.wasm.js(64,464): error TS7006: Parameter 'a' implicitly has an 'any' type.
vendor/tesseract/tesseract-core-simd.wasm.js(64,466): error TS7006: Parameter 'c' implicitly has an 'any' type.
vendor/tesseract/tesseract-core-simd.wasm.js(64,468): error TS7006: Parameter 'd' implicitly has an 'any' type.
vendor/tesseract/tesseract-core-simd.wasm.js(64,470): error TS7006: Parameter 'e' implicitly has an 'any' type.
vendor/tesseract/tesseract-core-simd.wasm.js(64,472): error TS7006: Parameter 'g' implicitly has an 'any' type.
vendor/tesseract/tesseract-core-simd.wasm.js(64,474): error TS7006: Parameter 'h' implicitly has an 'any' type.
vendor/tesseract/tesseract-core-simd.wasm.js(65,263): error TS7006: Parameter 'a' implicitly has an 'any' type.
vendor/tesseract/tesseract-core-simd.wasm.js(65,265): error TS7006: Parameter 'c' implicitly has an 'any' type.
vendor/tesseract/tesseract-core-simd.wasm.js(65,267): error TS7006: Parameter 'd' implicitly has an 'any' type.
vendor/tesseract/tesseract-core-simd.wasm.js(65,269): error TS7006: Parameter 'e' implicitly has an 'any' type.
vendor/tesseract/tesseract-core-simd.wasm.js(65,384): error TS7006: Parameter 'h' implicitly has an 'any' type.
vendor/tesseract/tesseract-core-simd.wasm.js(65,457): error TS7006: Parameter 'h' implicitly has an 'any' type.
vendor/tesseract/tesseract-core-simd.wasm.js(65,459): error TS7006: Parameter 'k' implicitly has an 'any' type.
vendor/tesseract/tesseract-core-simd.wasm.js(65,461): error TS7006: Parameter 'm' implicitly has an 'any' type.
vendor/tesseract/tesseract-core-simd.wasm.js(65,463): error TS7006: Parameter 'v' implicitly has an 'any' type.
vendor/tesseract/tesseract-core-simd.wasm.js(66,166): error TS7006: Parameter 'h' implicitly has an 'any' type.
vendor/tesseract/tesseract-core-simd.wasm.js(66,168): error TS7006: Parameter 'k' implicitly has an 'any' type.
vendor/tesseract/tesseract-core-simd.wasm.js(66,170): error TS7006: Parameter 'm' implicitly has an 'any' type.
vendor/tesseract/tesseract-core-simd.wasm.js(66,172): error TS7006: Parameter 'v' implicitly has an 'any' type.
vendor/tesseract/tesseract-core-simd.wasm.js(66,308): error TS7006: Parameter 'a' implicitly has an 'any' type.
vendor/tesseract/tesseract-core-simd.wasm.js(67,4): error TS7005: Variable 'ja' implicitly has an 'any' type.
vendor/tesseract/tesseract-core-simd.wasm.js(67,151): error TS7006: Parameter 'a' implicitly has an 'any' type.
vendor/tesseract/tesseract-core-simd.wasm.js(67,153): error TS7006: Parameter 'c' implicitly has an 'any' type.
vendor/tesseract/tesseract-core-simd.wasm.js(67,155): error TS7006: Parameter 'd' implicitly has an 'any' type.
vendor/tesseract/tesseract-core-simd.wasm.js(67,157): error TS7006: Parameter 'e' implicitly has an 'any' type.
vendor/tesseract/tesseract-core-simd.wasm.js(67,159): error TS7006: Parameter 'g' implicitly has an 'any' type.
vendor/tesseract/tesseract-core-simd.wasm.js(67,188): error TS7008: Member 'Of' implicitly has an 'any[]' type.
vendor/tesseract/tesseract-core-simd.wasm.js(67,224): error TS7006: Parameter 'q' implicitly has an 'any' type.
vendor/tesseract/tesseract-core-simd.wasm.js(67,239): error TS2339: Property 'length' does not exist on type 'h'.
vendor/tesseract/tesseract-core-simd.wasm.js(67,268): error TS2339: Property 'chunkSize' does not exist on type 'h'.
vendor/tesseract/tesseract-core-simd.wasm.js(67,300): error TS2339: Property 'chunkSize' does not exist on type 'h'.
vendor/tesseract/tesseract-core-simd.wasm.js(67,342): error TS7006: Parameter 'q' implicitly has an 'any' type.
vendor/tesseract/tesseract-core-simd.wasm.js(68,136): error TS2322: Type 'string | boolean | null' is not assignable to type 'XMLHttpRequest'.
  Type 'null' is not assignable to type 'XMLHttpRequest'.
vendor/tesseract/tesseract-core-simd.wasm.js(68,233): error TS7006: Parameter 'E' implicitly has an 'any' type.
vendor/tesseract/tesseract-core-simd.wasm.js(69,283): error TS2322: Type 'any[] | Uint8Array<any>' is not assignable to type 'number'.
  Type 'any[]' is not assignable to type 'number'.
vendor/tesseract/tesseract-core-simd.wasm.js(70,367): error TS2353: Object literal may only specify known properties, and 'Pg' does not exist in type 'h'.
vendor/tesseract/tesseract-core-simd.wasm.js(70,387): error TS2353: Object literal may only specify known properties, and 'Pg' does not exist in type 'h'.
vendor/tesseract/tesseract-core-simd.wasm.js(70,424): error TS2339: Property 'Ef' does not exist on type 'h'.
vendor/tesseract/tesseract-core-simd.wasm.js(70,434): error TS2339: Property 'Ef' does not exist on type 'h'.
vendor/tesseract/tesseract-core-simd.wasm.js(70,439): error TS2339: Property 'url' does not exist on type 'h'.
vendor/tesseract/tesseract-core-simd.wasm.js(70,463): error TS2339: Property 'url' does not exist on type 'h'.
vendor/tesseract/tesseract-core-simd.wasm.js(71,54): error TS7053: Element implicitly has an 'any' type because expression of type 'string' can't be used to index type '{ read(q: any, t: any, F: any, U: any, l: any): any; eg(): never; }'.
  No index signature with a parameter of type 'string' was found on type '{ read(q: any, t: any, F: any, U: any, l: any): any; eg(): never; }'.
vendor/tesseract/tesseract-core-simd.wasm.js(71,120): error TS7006: Parameter 'q' implicitly has an 'any' type.
vendor/tesseract/tesseract-core-simd.wasm.js(71,122): error TS7006: Parameter 't' implicitly has an 'any' type.
vendor/tesseract/tesseract-core-simd.wasm.js(71,124): error TS7006: Parameter 'F' implicitly has an 'any' type.
vendor/tesseract/tesseract-core-simd.wasm.js(71,126): error TS7006: Parameter 'U' implicitly has an 'any' type.
vendor/tesseract/tesseract-core-simd.wasm.js(71,128): error TS7006: Parameter 'l' implicitly has an 'any' type.
vendor/tesseract/tesseract-core-simd.wasm.js(72,13): error TS7006: Parameter 'a' implicitly has an 'any' type.
vendor/tesseract/tesseract-core-simd.wasm.js(72,15): error TS7006: Parameter 'c' implicitly has an 'any' type.
vendor/tesseract/tesseract-core-simd.wasm.js(72,17): error TS7006: Parameter 'd' implicitly has an 'any' type.
vendor/tesseract/tesseract-core-simd.wasm.js(73,13): error TS7006: Parameter 'a' implicitly has an 'any' type.
vendor/tesseract/tesseract-core-simd.wasm.js(73,15): error TS7006: Parameter 'c' implicitly has an 'any' type.
vendor/tesseract/tesseract-core-simd.wasm.js(73,17): error TS7006: Parameter 'd' implicitly has an 'any' type.
vendor/tesseract/tesseract-core-simd.wasm.js(73,52): error TS2339: Property 'node' does not exist on type '{}'.
vendor/tesseract/tesseract-core-simd.wasm.js(73,76): error TS2339: Property 'node' does not exist on type '{}'.
vendor/tesseract/tesseract-core-simd.wasm.js(75,251): error TS18048: 'yb' is possibly 'undefined'.
vendor/tesseract/tesseract-core-simd.wasm.js(75,264): error TS7005: Variable 'r' implicitly has an 'any' type.
vendor/tesseract/tesseract-core-simd.wasm.js(75,266): error TS18048: 'yb' is possibly 'undefined'.
vendor/tesseract/tesseract-core-simd.wasm.js(75,287): error TS7006: Parameter 'a' implicitly has an 'any' type.
vendor/tesseract/tesseract-core-simd.wasm.js(75,398): error TS7006: Parameter 'a' implicitly has an 'any' type.
vendor/tesseract/tesseract-core-simd.wasm.js(76,113): error TS7006: Parameter 'a' implicitly has an 'any' type.
vendor/tesseract/tesseract-core-simd.wasm.js(76,190): error TS7006: Parameter 'a' implicitly has an 'any' type.
vendor/tesseract/tesseract-core-simd.wasm.js(76,223): error TS7005: Variable 'ua' implicitly has an 'any' type.
vendor/tesseract/tesseract-core-simd.wasm.js(76,244): error TS7034: Variable 'Hb' implicitly has type 'any[]' in some locations where its type cannot be determined.
vendor/tesseract/tesseract-core-simd.wasm.js(76,270): error TS2591: Cannot find name 'process'. Do you need to install type definitions for node? Try `npm i --save-dev @types/node` and then add 'node' to the types field in your tsconfig.
vendor/tesseract/tesseract-core-simd.wasm.js(77,19): error TS7005: Variable 'Lb' implicitly has an 'any' type.
vendor/tesseract/tesseract-core-simd.wasm.js(77,261): error TS7053: Element implicitly has an 'any' type because expression of type 'string' can't be used to index type '{}'.
  No index signature with a parameter of type 'string' was found on type '{}'.
vendor/tesseract/tesseract-core-simd.wasm.js(77,274): error TS7053: Element implicitly has an 'any' type because expression of type 'string' can't be used to index type '{ USER: string; LOGNAME: string; PATH: string; PWD: string; HOME: string; LANG: string; _: string; }'.
  No index signature with a parameter of type 'string' was found on type '{ USER: string; LOGNAME: string; PATH: string; PWD: string; HOME: string; LANG: string; _: string; }'.
vendor/tesseract/tesseract-core-simd.wasm.js(77,279): error TS7053: Element implicitly has an 'any' type because expression of type 'string' can't be used to index type '{ USER: string; LOGNAME: string; PATH: string; PWD: string; HOME: string; LANG: string; _: string; }'.
  No index signature with a parameter of type 'string' was found on type '{ USER: string; LOGNAME: string; PATH: string; PWD: string; HOME: string; LANG: string; _: string; }'.
vendor/tesseract/tesseract-core-simd.wasm.js(77,284): error TS7053: Element implicitly has an 'any' type because expression of type 'string' can't be used to index type '{}'.
  No index signature with a parameter of type 'string' was found on type '{}'.
vendor/tesseract/tesseract-core-simd.wasm.js(77,323): error TS7053: Element implicitly has an 'any' type because expression of type 'string' can't be used to index type '{ USER: string; LOGNAME: string; PATH: string; PWD: string; HOME: string; LANG: string; _: string; }'.
  No index signature with a parameter of type 'string' was found on type '{ USER: string; LOGNAME: string; PATH: string; PWD: string; HOME: string; LANG: string; _: string; }'.
vendor/tesseract/tesseract-core-simd.wasm.js(77,348): error TS7034: Variable 'Lb' implicitly has type 'any' in some locations where its type cannot be determined.
vendor/tesseract/tesseract-core-simd.wasm.js(78,13): error TS7006: Parameter 'a' implicitly has an 'any' type.
vendor/tesseract/tesseract-core-simd.wasm.js(78,15): error TS7006: Parameter 'c' implicitly has an 'any' type.
vendor/tesseract/tesseract-core-simd.wasm.js(78,17): error TS7006: Parameter 'd' implicitly has an 'any' type.
vendor/tesseract/tesseract-core-simd.wasm.js(78,19): error TS7006: Parameter 'e' implicitly has an 'any' type.
vendor/tesseract/tesseract-core-simd.wasm.js(78,33): error TS7006: Parameter 'l' implicitly has an 'any' type.
vendor/tesseract/tesseract-core-simd.wasm.js(78,35): error TS7006: Parameter 'w' implicitly has an 'any' type.
vendor/tesseract/tesseract-core-simd.wasm.js(78,37): error TS7006: Parameter 'E' implicitly has an 'any' type.
vendor/tesseract/tesseract-core-simd.wasm.js(78,125): error TS7006: Parameter 'l' implicitly has an 'any' type.
vendor/tesseract/tesseract-core-simd.wasm.js(78,127): error TS7006: Parameter 'w' implicitly has an 'any' type.
vendor/tesseract/tesseract-core-simd.wasm.js(78,159): error TS7006: Parameter 'l' implicitly has an 'any' type.
vendor/tesseract/tesseract-core-simd.wasm.js(78,161): error TS7006: Parameter 'w' implicitly has an 'any' type.
vendor/tesseract/tesseract-core-simd.wasm.js(78,175): error TS7006: Parameter 'qa' implicitly has an 'any' type.
vendor/tesseract/tesseract-core-simd.wasm.js(78,342): error TS7006: Parameter 'l' implicitly has an 'any' type.
vendor/tesseract/tesseract-core-simd.wasm.js(79,158): error TS7006: Parameter 'l' implicitly has an 'any' type.
vendor/tesseract/tesseract-core-simd.wasm.js(80,99): error TS7005: Variable 'r' implicitly has an 'any' type.
vendor/tesseract/tesseract-core-simd.wasm.js(80,116): error TS7005: Variable 'r' implicitly has an 'any' type.
vendor/tesseract/tesseract-core-simd.wasm.js(80,127): error TS7005: Variable 'r' implicitly has an 'any' type.
vendor/tesseract/tesseract-core-simd.wasm.js(80,140): error TS7005: Variable 'r' implicitly has an 'any' type.
vendor/tesseract/tesseract-core-simd.wasm.js(80,153): error TS7005: Variable 'r' implicitly has an 'any' type.
vendor/tesseract/tesseract-core-simd.wasm.js(80,167): error TS7005: Variable 'r' implicitly has an 'any' type.
vendor/tesseract/tesseract-core-simd.wasm.js(80,181): error TS7005: Variable 'r' implicitly has an 'any' type.
vendor/tesseract/tesseract-core-simd.wasm.js(80,195): error TS7005: Variable 'r' implicitly has an 'any' type.
vendor/tesseract/tesseract-core-simd.wasm.js(80,209): error TS7005: Variable 'r' implicitly has an 'any' type.
vendor/tesseract/tesseract-core-simd.wasm.js(80,223): error TS7005: Variable 'r' implicitly has an 'any' type.
vendor/tesseract/tesseract-core-simd.wasm.js(80,237): error TS7005: Variable 'r' implicitly has an 'any' type.
vendor/tesseract/tesseract-core-simd.wasm.js(81,379): error TS7006: Parameter 'l' implicitly has an 'any' type.
vendor/tesseract/tesseract-core-simd.wasm.js(81,427): error TS7006: Parameter 'l' implicitly has an 'any' type.
vendor/tesseract/tesseract-core-simd.wasm.js(81,460): error TS7006: Parameter 'l' implicitly has an 'any' type.
vendor/tesseract/tesseract-core-simd.wasm.js(81,508): error TS7006: Parameter 'l' implicitly has an 'any' type.
vendor/tesseract/tesseract-core-simd.wasm.js(82,15): error TS7006: Parameter 'l' implicitly has an 'any' type.
vendor/tesseract/tesseract-core-simd.wasm.js(82,63): error TS7006: Parameter 'l' implicitly has an 'any' type.
vendor/tesseract/tesseract-core-simd.wasm.js(82,98): error TS7006: Parameter 'l' implicitly has an 'any' type.
vendor/tesseract/tesseract-core-simd.wasm.js(82,137): error TS7006: Parameter 'l' implicitly has an 'any' type.
vendor/tesseract/tesseract-core-simd.wasm.js(82,191): error TS7006: Parameter 'l' implicitly has an 'any' type.
vendor/tesseract/tesseract-core-simd.wasm.js(82,221): error TS7006: Parameter 'l' implicitly has an 'any' type.
vendor/tesseract/tesseract-core-simd.wasm.js(82,256): error TS7006: Parameter 'l' implicitly has an 'any' type.
vendor/tesseract/tesseract-core-simd.wasm.js(82,319): error TS7006: Parameter 'l' implicitly has an 'any' type.
vendor/tesseract/tesseract-core-simd.wasm.js(82,413): error TS7006: Parameter 'l' implicitly has an 'any' type.
vendor/tesseract/tesseract-core-simd.wasm.js(82,450): error TS7006: Parameter 'l' implicitly has an 'any' type.
vendor/tesseract/tesseract-core-simd.wasm.js(82,513): error TS7006: Parameter 'l' implicitly has an 'any' type.
vendor/tesseract/tesseract-core-simd.wasm.js(83,40): error TS7006: Parameter 'l' implicitly has an 'any' type.
vendor/tesseract/tesseract-core-simd.wasm.js(83,103): error TS7006: Parameter 'l' implicitly has an 'any' type.
vendor/tesseract/tesseract-core-simd.wasm.js(83,136): error TS7006: Parameter 'l' implicitly has an 'any' type.
vendor/tesseract/tesseract-core-simd.wasm.js(83,194): error TS7006: Parameter 'l' implicitly has an 'any' type.
vendor/tesseract/tesseract-core-simd.wasm.js(83,424): error TS7006: Parameter 'l' implicitly has an 'any' type.
vendor/tesseract/tesseract-core-simd.wasm.js(83,454): error TS7006: Parameter 'l' implicitly has an 'any' type.
vendor/tesseract/tesseract-core-simd.wasm.js(84,15): error TS7006: Parameter 'l' implicitly has an 'any' type.
vendor/tesseract/tesseract-core-simd.wasm.js(84,75): error TS7006: Parameter 'l' implicitly has an 'any' type.
vendor/tesseract/tesseract-core-simd.wasm.js(84,110): error TS7006: Parameter 'l' implicitly has an 'any' type.
vendor/tesseract/tesseract-core-simd.wasm.js(84,222): error TS7006: Parameter 'l' implicitly has an 'any' type.
vendor/tesseract/tesseract-core-simd.wasm.js(84,388): error TS2322: Type 'any[]' is not assignable to type 'string'.
vendor/tesseract/tesseract-core-simd.wasm.js(84,422): error TS7005: Variable 'p' implicitly has an 'any' type.
vendor/tesseract/tesseract-core-simd.wasm.js(84,455): error TS7034: Variable 'Pb' implicitly has type 'any[]' in some locations where its type cannot be determined.
vendor/tesseract/tesseract-core-simd.wasm.js(85,13): error TS7006: Parameter 'a' implicitly has an 'any' type.
vendor/tesseract/tesseract-core-simd.wasm.js(85,22): error TS7005: Variable 'Pb' implicitly has an 'any[]' type.
vendor/tesseract/tesseract-core-simd.wasm.js(85,70): error TS7005: Variable 'za' implicitly has an 'any' type.
vendor/tesseract/tesseract-core-simd.wasm.js(85,102): error TS7006: Parameter 'a' implicitly has an 'any' type.
vendor/tesseract/tesseract-core-simd.wasm.js(85,104): error TS7006: Parameter 'c' implicitly has an 'any' type.
vendor/tesseract/tesseract-core-simd.wasm.js(85,106): error TS7006: Parameter 'd' implicitly has an 'any' type.
vendor/tesseract/tesseract-core-simd.wasm.js(85,108): error TS7006: Parameter 'e' implicitly has an 'any' type.
vendor/tesseract/tesseract-core-simd.wasm.js(87,15): error TS7006: Parameter 'a' implicitly has an 'any' type.
vendor/tesseract/tesseract-core-simd.wasm.js(87,17): error TS7006: Parameter 'c' implicitly has an 'any' type.
vendor/tesseract/tesseract-core-simd.wasm.js(87,19): error TS7006: Parameter 'd' implicitly has an 'any' type.
vendor/tesseract/tesseract-core-simd.wasm.js(87,21): error TS7006: Parameter 'e' implicitly has an 'any' type.
vendor/tesseract/tesseract-core-simd.wasm.js(87,23): error TS7006: Parameter 'g' implicitly has an 'any' type.
vendor/tesseract/tesseract-core-simd.wasm.js(87,25): error TS7006: Parameter 'h' implicitly has an 'any' type.
vendor/tesseract/tesseract-core-simd.wasm.js(87,27): error TS7006: Parameter 'k' implicitly has an 'any' type.
vendor/tesseract/tesseract-core-simd.wasm.js(87,29): error TS7006: Parameter 'm' implicitly has an 'any' type.
vendor/tesseract/tesseract-core-simd.wasm.js(87,31): error TS7006: Parameter 'v' implicitly has an 'any' type.
vendor/tesseract/tesseract-core-simd.wasm.js(87,33): error TS7006: Parameter 'q' implicitly has an 'any' type.
vendor/tesseract/tesseract-core-simd.wasm.js(87,47): error TS7006: Parameter 'l' implicitly has an 'any' type.
vendor/tesseract/tesseract-core-simd.wasm.js(87,61): error TS7006: Parameter 'E' implicitly has an 'any' type.
vendor/tesseract/tesseract-core-simd.wasm.js(87,102): error TS2554: Expected 0 arguments, but got 1.
vendor/tesseract/tesseract-core-simd.wasm.js(87,129): error TS2554: Expected 0 arguments, but got 1.
vendor/tesseract/tesseract-core-simd.wasm.js(87,179): error TS2554: Expected 0 arguments, but got 1.
vendor/tesseract/tesseract-core-simd.wasm.js(87,206): error TS7006: Parameter 'l' implicitly has an 'any' type.
vendor/tesseract/tesseract-core-simd.wasm.js(87,232): error TS2339: Property 'FS_createPath' does not exist on type '{}'.
vendor/tesseract/tesseract-core-simd.wasm.js(87,253): error TS2339: Property 'FS_createDataFile' does not exist on type '{}'.
vendor/tesseract/tesseract-core-simd.wasm.js(87,278): error TS2339: Property 'FS_createPreloadedFile' does not exist on type '{}'.
vendor/tesseract/tesseract-core-simd.wasm.js(87,308): error TS2339: Property 'FS_unlink' does not exist on type '{}'.
vendor/tesseract/tesseract-core-simd.wasm.js(87,329): error TS2339: Property 'FS_createLazyFile' does not exist on type '{}'.
vendor/tesseract/tesseract-core-simd.wasm.js(87,354): error TS2339: Property 'FS_createDevice' does not exist on type '{}'.
vendor/tesseract/tesseract-core-simd.wasm.js(88,46): error TS7006: Parameter 'a' implicitly has an 'any' type.
vendor/tesseract/tesseract-core-simd.wasm.js(90,13): error TS7006: Parameter 'a' implicitly has an 'any' type.
vendor/tesseract/tesseract-core-simd.wasm.js(90,93): error TS2591: Cannot find name 'Buffer'. Do you need to install type definitions for node? Try `npm i --save-dev @types/node` and then add 'node' to the types field in your tsconfig.
vendor/tesseract/tesseract-core-simd.wasm.js(91,20): error TS7006: Parameter 'a' implicitly has an 'any' type.
vendor/tesseract/tesseract-core-simd.wasm.js(91,22): error TS7006: Parameter 'c' implicitly has an 'any' type.
vendor/tesseract/tesseract-core-simd.wasm.js(91,24): error TS7006: Parameter 'd' implicitly has an 'any' type.
vendor/tesseract/tesseract-core-simd.wasm.js(91,26): error TS7006: Parameter 'e' implicitly has an 'any' type.
vendor/tesseract/tesseract-core-simd.wasm.js(91,134): error TS7006: Parameter 'a' implicitly has an 'any' type.
vendor/tesseract/tesseract-core-simd.wasm.js(91,136): error TS7006: Parameter 'c' implicitly has an 'any' type.
vendor/tesseract/tesseract-core-simd.wasm.js(91,138): error TS7006: Parameter 'd' implicitly has an 'any' type.
vendor/tesseract/tesseract-core-simd.wasm.js(91,193): error TS7006: Parameter 'a' implicitly has an 'any' type.
vendor/tesseract/tesseract-core-simd.wasm.js(91,195): error TS7006: Parameter 'c' implicitly has an 'any' type.
vendor/tesseract/tesseract-core-simd.wasm.js(91,197): error TS7006: Parameter 'd' implicitly has an 'any' type.
vendor/tesseract/tesseract-core-simd.wasm.js(92,26): error TS18046: 'h' is of type 'unknown'.
vendor/tesseract/tesseract-core-simd.wasm.js(92,48): error TS18046: 'h' is of type 'unknown'.
vendor/tesseract/tesseract-core-simd.wasm.js(92,66): error TS7006: Parameter 'a' implicitly has an 'any' type.
vendor/tesseract/tesseract-core-simd.wasm.js(92,68): error TS7006: Parameter 'c' implicitly has an 'any' type.
vendor/tesseract/tesseract-core-simd.wasm.js(92,164): error TS18046: 'e' is of type 'unknown'.
vendor/tesseract/tesseract-core-simd.wasm.js(92,186): error TS18046: 'e' is of type 'unknown'.
vendor/tesseract/tesseract-core-simd.wasm.js(92,204): error TS7006: Parameter 'a' implicitly has an 'any' type.
vendor/tesseract/tesseract-core-simd.wasm.js(92,206): error TS7006: Parameter 'c' implicitly has an 'any' type.
vendor/tesseract/tesseract-core-simd.wasm.js(92,278): error TS7005: Variable 'ua' implicitly has an 'any' type.
vendor/tesseract/tesseract-core-simd.wasm.js(92,345): error TS18046: 'g' is of type 'unknown'.
vendor/tesseract/tesseract-core-simd.wasm.js(92,367): error TS18046: 'g' is of type 'unknown'.
vendor/tesseract/tesseract-core-simd.wasm.js(92,385): error TS7006: Parameter 'a' implicitly has an 'any' type.
vendor/tesseract/tesseract-core-simd.wasm.js(92,387): error TS7006: Parameter 'c' implicitly has an 'any' type.
vendor/tesseract/tesseract-core-simd.wasm.js(92,389): error TS7006: Parameter 'd' implicitly has an 'any' type.
vendor/tesseract/tesseract-core-simd.wasm.js(93,264): error TS18046: 'h' is of type 'unknown'.
vendor/tesseract/tesseract-core-simd.wasm.js(93,286): error TS18046: 'h' is of type 'unknown'.
vendor/tesseract/tesseract-core-simd.wasm.js(93,304): error TS7006: Parameter 'a' implicitly has an 'any' type.
vendor/tesseract/tesseract-core-simd.wasm.js(93,306): error TS7006: Parameter 'c' implicitly has an 'any' type.
vendor/tesseract/tesseract-core-simd.wasm.js(93,308): error TS7006: Parameter 'd' implicitly has an 'any' type.
vendor/tesseract/tesseract-core-simd.wasm.js(93,310): error TS7006: Parameter 'e' implicitly has an 'any' type.
vendor/tesseract/tesseract-core-simd.wasm.js(93,435): error TS18046: 'h' is of type 'unknown'.
vendor/tesseract/tesseract-core-simd.wasm.js(93,457): error TS18046: 'h' is of type 'unknown'.
vendor/tesseract/tesseract-core-simd.wasm.js(93,475): error TS7006: Parameter 'a' implicitly has an 'any' type.
vendor/tesseract/tesseract-core-simd.wasm.js(93,477): error TS7006: Parameter 'c' implicitly has an 'any' type.
vendor/tesseract/tesseract-core-simd.wasm.js(93,479): error TS7006: Parameter 'd' implicitly has an 'any' type.
vendor/tesseract/tesseract-core-simd.wasm.js(93,481): error TS7006: Parameter 'e' implicitly has an 'any' type.
vendor/tesseract/tesseract-core-simd.wasm.js(94,98): error TS18046: 'h' is of type 'unknown'.
vendor/tesseract/tesseract-core-simd.wasm.js(94,120): error TS18046: 'h' is of type 'unknown'.
vendor/tesseract/tesseract-core-simd.wasm.js(94,138): error TS7006: Parameter 'a' implicitly has an 'any' type.
vendor/tesseract/tesseract-core-simd.wasm.js(94,222): error TS18046: 'c' is of type 'unknown'.
vendor/tesseract/tesseract-core-simd.wasm.js(94,244): error TS18046: 'c' is of type 'unknown'.
vendor/tesseract/tesseract-core-simd.wasm.js(94,262): error TS7006: Parameter 'a' implicitly has an 'any' type.
vendor/tesseract/tesseract-core-simd.wasm.js(94,264): error TS7006: Parameter 'c' implicitly has an 'any' type.
vendor/tesseract/tesseract-core-simd.wasm.js(94,350): error TS18046: 'd' is of type 'unknown'.
vendor/tesseract/tesseract-core-simd.wasm.js(94,372): error TS18046: 'd' is of type 'unknown'.
vendor/tesseract/tesseract-core-simd.wasm.js(94,390): error TS7006: Parameter 'a' implicitly has an 'any' type.
vendor/tesseract/tesseract-core-simd.wasm.js(94,392): error TS7006: Parameter 'c' implicitly has an 'any' type.
vendor/tesseract/tesseract-core-simd.wasm.js(94,394): error TS7006: Parameter 'd' implicitly has an 'any' type.
vendor/tesseract/tesseract-core-simd.wasm.js(95,26): error TS18046: 'e' is of type 'unknown'.
vendor/tesseract/tesseract-core-simd.wasm.js(95,48): error TS18046: 'e' is of type 'unknown'.
vendor/tesseract/tesseract-core-simd.wasm.js(95,66): error TS7006: Parameter 'a' implicitly has an 'any' type.
vendor/tesseract/tesseract-core-simd.wasm.js(95,78): error TS7005: Variable 'u' implicitly has an 'any' type.
vendor/tesseract/tesseract-core-simd.wasm.js(95,97): error TS7005: Variable 'u' implicitly has an 'any' type.
vendor/tesseract/tesseract-core-simd.wasm.js(95,116): error TS7005: Variable 'u' implicitly has an 'any' type.
vendor/tesseract/tesseract-core-simd.wasm.js(95,170): error TS7005: Variable 'p' implicitly has an 'any' type.
vendor/tesseract/tesseract-core-simd.wasm.js(95,204): error TS7005: Variable 'u' implicitly has an 'any' type.
vendor/tesseract/tesseract-core-simd.wasm.js(95,278): error TS7006: Parameter 'a' implicitly has an 'any' type.
vendor/tesseract/tesseract-core-simd.wasm.js(95,280): error TS7006: Parameter 'c' implicitly has an 'any' type.
vendor/tesseract/tesseract-core-simd.wasm.js(95,299): error TS7005: Variable 'u' implicitly has an 'any' type.
vendor/tesseract/tesseract-core-simd.wasm.js(95,318): error TS7005: Variable 'r' implicitly has an 'any' type.
vendor/tesseract/tesseract-core-simd.wasm.js(96,108): error TS7006: Parameter 'a' implicitly has an 'any' type.
vendor/tesseract/tesseract-core-simd.wasm.js(96,110): error TS7006: Parameter 'c' implicitly has an 'any' type.
vendor/tesseract/tesseract-core-simd.wasm.js(96,129): error TS7005: Variable 'u' implicitly has an 'any' type.
vendor/tesseract/tesseract-core-simd.wasm.js(96,148): error TS7005: Variable 'r' implicitly has an 'any' type.
vendor/tesseract/tesseract-core-simd.wasm.js(97,12): error TS2362: The left-hand side of an arithmetic operation must be of type 'any', 'number', 'bigint' or an enum type.
vendor/tesseract/tesseract-core-simd.wasm.js(97,71): error TS7006: Parameter 'a' implicitly has an 'any' type.
vendor/tesseract/tesseract-core-simd.wasm.js(97,89): error TS7005: Variable 'r' implicitly has an 'any' type.
vendor/tesseract/tesseract-core-simd.wasm.js(97,105): error TS7005: Variable 'r' implicitly has an 'any' type.
vendor/tesseract/tesseract-core-simd.wasm.js(97,116): error TS7005: Variable 'r' implicitly has an 'any' type.
vendor/tesseract/tesseract-core-simd.wasm.js(97,127): error TS7005: Variable 'r' implicitly has an 'any' type.
vendor/tesseract/tesseract-core-simd.wasm.js(97,137): error TS7005: Variable 'r' implicitly has an 'any' type.
vendor/tesseract/tesseract-core-simd.wasm.js(97,147): error TS7005: Variable 'r' implicitly has an 'any' type.
vendor/tesseract/tesseract-core-simd.wasm.js(97,160): error TS7005: Variable 'r' implicitly has an 'any' type.
vendor/tesseract/tesseract-core-simd.wasm.js(98,84): error TS2339: Property 'getYear' does not exist on type 'Date'.
vendor/tesseract/tesseract-core-simd.wasm.js(98,131): error TS7006: Parameter 'a' implicitly has an 'any' type.
vendor/tesseract/tesseract-core-simd.wasm.js(98,133): error TS7006: Parameter 'c' implicitly has an 'any' type.
vendor/tesseract/tesseract-core-simd.wasm.js(98,135): error TS7006: Parameter 'd' implicitly has an 'any' type.
vendor/tesseract/tesseract-core-simd.wasm.js(98,137): error TS7006: Parameter 'e' implicitly has an 'any' type.
vendor/tesseract/tesseract-core-simd.wasm.js(98,139): error TS7006: Parameter 'g' implicitly has an 'any' type.
vendor/tesseract/tesseract-core-simd.wasm.js(98,141): error TS7006: Parameter 'h' implicitly has an 'any' type.
vendor/tesseract/tesseract-core-simd.wasm.js(98,143): error TS7006: Parameter 'k' implicitly has an 'any' type.
vendor/tesseract/tesseract-core-simd.wasm.js(98,269): error TS18046: 't' is of type 'unknown'.
vendor/tesseract/tesseract-core-simd.wasm.js(98,291): error TS18046: 't' is of type 'unknown'.
vendor/tesseract/tesseract-core-simd.wasm.js(98,309): error TS7006: Parameter 'a' implicitly has an 'any' type.
vendor/tesseract/tesseract-core-simd.wasm.js(98,311): error TS7006: Parameter 'c' implicitly has an 'any' type.
vendor/tesseract/tesseract-core-simd.wasm.js(98,313): error TS7006: Parameter 'd' implicitly has an 'any' type.
vendor/tesseract/tesseract-core-simd.wasm.js(98,315): error TS7006: Parameter 'e' implicitly has an 'any' type.
vendor/tesseract/tesseract-core-simd.wasm.js(98,317): error TS7006: Parameter 'g' implicitly has an 'any' type.
vendor/tesseract/tesseract-core-simd.wasm.js(98,319): error TS7006: Parameter 'h' implicitly has an 'any' type.
vendor/tesseract/tesseract-core-simd.wasm.js(98,408): error TS7005: Variable 'ua' implicitly has an 'any' type.
vendor/tesseract/tesseract-core-simd.wasm.js(98,492): error TS18046: 'v' is of type 'unknown'.
vendor/tesseract/tesseract-core-simd.wasm.js(99,8): error TS18046: 'v' is of type 'unknown'.
vendor/tesseract/tesseract-core-simd.wasm.js(99,26): error TS7006: Parameter 'a' implicitly has an 'any' type.
vendor/tesseract/tesseract-core-simd.wasm.js(99,28): error TS7006: Parameter 'c' implicitly has an 'any' type.
vendor/tesseract/tesseract-core-simd.wasm.js(99,30): error TS7006: Parameter 'd' implicitly has an 'any' type.
vendor/tesseract/tesseract-core-simd.wasm.js(99,44): error TS7006: Parameter 'v' implicitly has an 'any' type.
vendor/tesseract/tesseract-core-simd.wasm.js(99,391): error TS7006: Parameter 'a' implicitly has an 'any' type.
vendor/tesseract/tesseract-core-simd.wasm.js(99,393): error TS7006: Parameter 'c' implicitly has an 'any' type.
vendor/tesseract/tesseract-core-simd.wasm.js(99,395): error TS7006: Parameter 'd' implicitly has an 'any' type.
vendor/tesseract/tesseract-core-simd.wasm.js(99,428): error TS7005: Variable 'ua' implicitly has an 'any' type.
vendor/tesseract/tesseract-core-simd.wasm.js(99,440): error TS2362: The left-hand side of an arithmetic operation must be of type 'any', 'number', 'bigint' or an enum type.
vendor/tesseract/tesseract-core-simd.wasm.js(99,464): error TS7005: Variable 'r' implicitly has an 'any' type.
vendor/tesseract/tesseract-core-simd.wasm.js(99,469): error TS7005: Variable 'xa' implicitly has an 'any' type.
vendor/tesseract/tesseract-core-simd.wasm.js(99,492): error TS7053: Element implicitly has an 'any' type because expression of type 'any' can't be used to index type '{ 629164: (a: any) => void; 629233: (a: any) => void; 629302: (a: any) => void; }'.
vendor/tesseract/tesseract-core-simd.wasm.js(100,1): error TS7005: Variable 'Hb' implicitly has an 'any[]' type.
vendor/tesseract/tesseract-core-simd.wasm.js(100,54): error TS7006: Parameter 'a' implicitly has an 'any' type.
vendor/tesseract/tesseract-core-simd.wasm.js(100,56): error TS7006: Parameter 'c' implicitly has an 'any' type.
vendor/tesseract/tesseract-core-simd.wasm.js(100,58): error TS7006: Parameter 'd' implicitly has an 'any' type.
vendor/tesseract/tesseract-core-simd.wasm.js(100,61): error TS7005: Variable 'ua' implicitly has an 'any' type.
vendor/tesseract/tesseract-core-simd.wasm.js(100,96): error TS7006: Parameter 'a' implicitly has an 'any' type.
vendor/tesseract/tesseract-core-simd.wasm.js(100,103): error TS7034: Variable 'c' implicitly has type 'any' in some locations where its type cannot be determined.
vendor/tesseract/tesseract-core-simd.wasm.js(100,176): error TS7005: Variable 'c' implicitly has an 'any' type.
vendor/tesseract/tesseract-core-simd.wasm.js(100,282): error TS7005: Variable 'sa' implicitly has an 'any' type.
vendor/tesseract/tesseract-core-simd.wasm.js(100,296): error TS7005: Variable 'sa' implicitly has an 'any' type.
vendor/tesseract/tesseract-core-simd.wasm.js(100,383): error TS2322: Type 'undefined' is not assignable to type 'number'.
vendor/tesseract/tesseract-core-simd.wasm.js(100,427): error TS7006: Parameter 'a' implicitly has an 'any' type.
vendor/tesseract/tesseract-core-simd.wasm.js(100,429): error TS7006: Parameter 'c' implicitly has an 'any' type.
vendor/tesseract/tesseract-core-simd.wasm.js(100,462): error TS7006: Parameter 'e' implicitly has an 'any' type.
vendor/tesseract/tesseract-core-simd.wasm.js(100,464): error TS7006: Parameter 'g' implicitly has an 'any' type.
vendor/tesseract/tesseract-core-simd.wasm.js(101,87): error TS7006: Parameter 'a' implicitly has an 'any' type.
vendor/tesseract/tesseract-core-simd.wasm.js(101,89): error TS7006: Parameter 'c' implicitly has an 'any' type.
vendor/tesseract/tesseract-core-simd.wasm.js(101,147): error TS7006: Parameter 'g' implicitly has an 'any' type.
vendor/tesseract/tesseract-core-simd.wasm.js(101,197): error TS7006: Parameter 'a' implicitly has an 'any' type.
vendor/tesseract/tesseract-core-simd.wasm.js(101,222): error TS7005: Variable 'b' implicitly has an 'any' type.
vendor/tesseract/tesseract-core-simd.wasm.js(101,231): error TS7005: Variable 'b' implicitly has an 'any' type.
vendor/tesseract/tesseract-core-simd.wasm.js(101,277): error TS7006: Parameter 'a' implicitly has an 'any' type.
vendor/tesseract/tesseract-core-simd.wasm.js(101,366): error TS18046: 'd' is of type 'unknown'.
vendor/tesseract/tesseract-core-simd.wasm.js(101,388): error TS18046: 'd' is of type 'unknown'.
vendor/tesseract/tesseract-core-simd.wasm.js(101,406): error TS7006: Parameter 'a' implicitly has an 'any' type.
vendor/tesseract/tesseract-core-simd.wasm.js(101,408): error TS7006: Parameter 'c' implicitly has an 'any' type.
vendor/tesseract/tesseract-core-simd.wasm.js(101,410): error TS7006: Parameter 'd' implicitly has an 'any' type.
vendor/tesseract/tesseract-core-simd.wasm.js(101,412): error TS7006: Parameter 'e' implicitly has an 'any' type.
vendor/tesseract/tesseract-core-simd.wasm.js(101,469): error TS7005: Variable 'u' implicitly has an 'any' type.
vendor/tesseract/tesseract-core-simd.wasm.js(101,479): error TS7005: Variable 'u' implicitly has an 'any' type.
vendor/tesseract/tesseract-core-simd.wasm.js(102,1): error TS7005: Variable 'p' implicitly has an 'any' type.
vendor/tesseract/tesseract-core-simd.wasm.js(102,78): error TS2322: Type 'string' is not assignable to type 'never'.
vendor/tesseract/tesseract-core-simd.wasm.js(102,157): error TS18046: 'F' is of type 'unknown'.
vendor/tesseract/tesseract-core-simd.wasm.js(102,179): error TS18046: 'F' is of type 'unknown'.
vendor/tesseract/tesseract-core-simd.wasm.js(102,197): error TS7006: Parameter 'a' implicitly has an 'any' type.
vendor/tesseract/tesseract-core-simd.wasm.js(102,199): error TS7006: Parameter 'c' implicitly has an 'any' type.
vendor/tesseract/tesseract-core-simd.wasm.js(102,201): error TS7006: Parameter 'd' implicitly has an 'any' type.
vendor/tesseract/tesseract-core-simd.wasm.js(102,203): error TS7006: Parameter 'e' implicitly has an 'any' type.
vendor/tesseract/tesseract-core-simd.wasm.js(102,205): error TS7006: Parameter 'g' implicitly has an 'any' type.
vendor/tesseract/tesseract-core-simd.wasm.js(102,236): error TS2363: The right-hand side of an arithmetic operation must be of type 'any', 'number', 'bigint' or an enum type.
vendor/tesseract/tesseract-core-simd.wasm.js(103,26): error TS18046: 'k' is of type 'unknown'.
vendor/tesseract/tesseract-core-simd.wasm.js(103,48): error TS18046: 'k' is of type 'unknown'.
vendor/tesseract/tesseract-core-simd.wasm.js(103,66): error TS7006: Parameter 'a' implicitly has an 'any' type.
vendor/tesseract/tesseract-core-simd.wasm.js(103,68): error TS7006: Parameter 'c' implicitly has an 'any' type.
vendor/tesseract/tesseract-core-simd.wasm.js(103,70): error TS7006: Parameter 'd' implicitly has an 'any' type.
vendor/tesseract/tesseract-core-simd.wasm.js(103,72): error TS7006: Parameter 'e' implicitly has an 'any' type.
vendor/tesseract/tesseract-core-simd.wasm.js(103,129): error TS7005: Variable 'u' implicitly has an 'any' type.
vendor/tesseract/tesseract-core-simd.wasm.js(103,139): error TS7005: Variable 'u' implicitly has an 'any' type.
vendor/tesseract/tesseract-core-simd.wasm.js(103,170): error TS7005: Variable 'p' implicitly has an 'any' type.
vendor/tesseract/tesseract-core-simd.wasm.js(103,234): error TS2322: Type 'string' is not assignable to type 'never'.
vendor/tesseract/tesseract-core-simd.wasm.js(103,313): error TS18046: 'F' is of type 'unknown'.
vendor/tesseract/tesseract-core-simd.wasm.js(103,335): error TS18046: 'F' is of type 'unknown'.
vendor/tesseract/tesseract-core-simd.wasm.js(103,413): error TS7006: Parameter 'a' implicitly has an 'any' type.
vendor/tesseract/tesseract-core-simd.wasm.js(103,415): error TS7006: Parameter 'c' implicitly has an 'any' type.
vendor/tesseract/tesseract-core-simd.wasm.js(103,417): error TS7006: Parameter 'd' implicitly has an 'any' type.
vendor/tesseract/tesseract-core-simd.wasm.js(103,419): error TS7006: Parameter 'e' implicitly has an 'any' type.
vendor/tesseract/tesseract-core-simd.wasm.js(104,24): error TS7006: Parameter 'd' implicitly has an 'any' type.
vendor/tesseract/tesseract-core-simd.wasm.js(104,39): error TS7005: Variable 'b' implicitly has an 'any' type.
vendor/tesseract/tesseract-core-simd.wasm.js(104,50): error TS7005: Variable 'b' implicitly has an 'any' type.
vendor/tesseract/tesseract-core-simd.wasm.js(104,66): error TS7005: Variable 'b' implicitly has an 'any' type.
vendor/tesseract/tesseract-core-simd.wasm.js(104,86): error TS7005: Variable 'b' implicitly has an 'any' type.
vendor/tesseract/tesseract-core-simd.wasm.js(104,98): error TS2554: Expected 0 arguments, but got 1.
vendor/tesseract/tesseract-core-simd.wasm.js(104,143): error TS2554: Expected 0 arguments, but got 1.
vendor/tesseract/tesseract-core-simd.wasm.js(104,168): error TS2339: Property 'instantiateWasm' does not exist on type '{}'.
vendor/tesseract/tesseract-core-simd.wasm.js(104,197): error TS2339: Property 'instantiateWasm' does not exist on type '{}'.
vendor/tesseract/tesseract-core-simd.wasm.js(104,287): error TS2722: Cannot invoke an object which is possibly 'undefined'.
vendor/tesseract/tesseract-core-simd.wasm.js(104,287): error TS18048: 'ba' is possibly 'undefined'.
vendor/tesseract/tesseract-core-simd.wasm.js(104,307): error TS7006: Parameter 'd' implicitly has an 'any' type.
vendor/tesseract/tesseract-core-simd.wasm.js(105,10): error TS2339: Property '_emscripten_bind_ParagraphJustification___destroy___0' does not exist on type '{}'.
vendor/tesseract/tesseract-core-simd.wasm.js(105,85): error TS7005: Variable 'b' implicitly has an 'any' type.
vendor/tesseract/tesseract-core-simd.wasm.js(105,141): error TS7005: Variable 'b' implicitly has an 'any' type.
vendor/tesseract/tesseract-core-simd.wasm.js(105,178): error TS2339: Property '_emscripten_bind_BoolPtr___destroy___0' does not exist on type '{}'.
vendor/tesseract/tesseract-core-simd.wasm.js(105,238): error TS7005: Variable 'b' implicitly has an 'any' type.
vendor/tesseract/tesseract-core-simd.wasm.js(105,279): error TS7005: Variable 'b' implicitly has an 'any' type.
vendor/tesseract/tesseract-core-simd.wasm.js(105,316): error TS2339: Property '_emscripten_bind_TessResultRenderer_BeginDocument_1' does not exist on type '{}'.
vendor/tesseract/tesseract-core-simd.wasm.js(105,389): error TS7005: Variable 'b' implicitly has an 'any' type.
vendor/tesseract/tesseract-core-simd.wasm.js(105,443): error TS7005: Variable 'b' implicitly has an 'any' type.
vendor/tesseract/tesseract-core-simd.wasm.js(105,480): error TS2339: Property '_emscripten_bind_TessResultRenderer_AddImage_1' does not exist on type '{}'.
vendor/tesseract/tesseract-core-simd.wasm.js(106,22): error TS7005: Variable 'b' implicitly has an 'any' type.
vendor/tesseract/tesseract-core-simd.wasm.js(106,71): error TS7005: Variable 'b' implicitly has an 'any' type.
vendor/tesseract/tesseract-core-simd.wasm.js(106,108): error TS2339: Property '_emscripten_bind_TessResultRenderer_EndDocument_0' does not exist on type '{}'.
vendor/tesseract/tesseract-core-simd.wasm.js(106,179): error TS7005: Variable 'b' implicitly has an 'any' type.
vendor/tesseract/tesseract-core-simd.wasm.js(106,231): error TS7005: Variable 'b' implicitly has an 'any' type.
vendor/tesseract/tesseract-core-simd.wasm.js(106,268): error TS2339: Property '_emscripten_bind_TessResultRenderer_happy_0' does not exist on type '{}'.
vendor/tesseract/tesseract-core-simd.wasm.js(106,333): error TS7005: Variable 'b' implicitly has an 'any' type.
vendor/tesseract/tesseract-core-simd.wasm.js(106,379): error TS7005: Variable 'b' implicitly has an 'any' type.
vendor/tesseract/tesseract-core-simd.wasm.js(106,416): error TS2339: Property '_emscripten_bind_TessResultRenderer_file_extension_0' does not exist on type '{}'.
vendor/tesseract/tesseract-core-simd.wasm.js(106,490): error TS7005: Variable 'b' implicitly has an 'any' type.
vendor/tesseract/tesseract-core-simd.wasm.js(107,1): error TS7005: Variable 'b' implicitly has an 'any' type.
vendor/tesseract/tesseract-core-simd.wasm.js(107,39): error TS2339: Property '_emscripten_bind_TessResultRenderer_title_0' does not exist on type '{}'.
vendor/tesseract/tesseract-core-simd.wasm.js(107,104): error TS7005: Variable 'b' implicitly has an 'any' type.
vendor/tesseract/tesseract-core-simd.wasm.js(107,150): error TS7005: Variable 'b' implicitly has an 'any' type.
vendor/tesseract/tesseract-core-simd.wasm.js(107,188): error TS2339: Property '_emscripten_bind_TessResultRenderer_imagenum_0' does not exist on type '{}'.
vendor/tesseract/tesseract-core-simd.wasm.js(107,256): error TS7005: Variable 'b' implicitly has an 'any' type.
vendor/tesseract/tesseract-core-simd.wasm.js(107,305): error TS7005: Variable 'b' implicitly has an 'any' type.
vendor/tesseract/tesseract-core-simd.wasm.js(107,343): error TS2339: Property '_emscripten_bind_TessResultRenderer___destroy___0' does not exist on type '{}'.
vendor/tesseract/tesseract-core-simd.wasm.js(107,414): error TS7005: Variable 'b' implicitly has an 'any' type.
vendor/tesseract/tesseract-core-simd.wasm.js(107,466): error TS7005: Variable 'b' implicitly has an 'any' type.
vendor/tesseract/tesseract-core-simd.wasm.js(108,3): error TS2339: Property '_emscripten_bind_LongStarPtr___destroy___0' does not exist on type '{}'.
vendor/tesseract/tesseract-core-simd.wasm.js(108,67): error TS7005: Variable 'b' implicitly has an 'any' type.
vendor/tesseract/tesseract-core-simd.wasm.js(108,112): error TS7005: Variable 'b' implicitly has an 'any' type.
vendor/tesseract/tesseract-core-simd.wasm.js(108,150): error TS2339: Property '_emscripten_bind_VoidPtr___destroy___0' does not exist on type '{}'.
vendor/tesseract/tesseract-core-simd.wasm.js(108,210): error TS7005: Variable 'b' implicitly has an 'any' type.
vendor/tesseract/tesseract-core-simd.wasm.js(108,251): error TS7005: Variable 'b' implicitly has an 'any' type.
vendor/tesseract/tesseract-core-simd.wasm.js(108,289): error TS2339: Property '_emscripten_bind_ResultIterator_ResultIterator_1' does not exist on type '{}'.
vendor/tesseract/tesseract-core-simd.wasm.js(108,359): error TS7005: Variable 'b' implicitly has an 'any' type.
vendor/tesseract/tesseract-core-simd.wasm.js(108,410): error TS7005: Variable 'b' implicitly has an 'any' type.
vendor/tesseract/tesseract-core-simd.wasm.js(108,448): error TS2339: Property '_emscripten_bind_ResultIterator_Begin_0' does not exist on type '{}'.
vendor/tesseract/tesseract-core-simd.wasm.js(109,1): error TS7005: Variable 'b' implicitly has an 'any' type.
vendor/tesseract/tesseract-core-simd.wasm.js(109,43): error TS7005: Variable 'b' implicitly has an 'any' type.
vendor/tesseract/tesseract-core-simd.wasm.js(109,81): error TS2339: Property '_emscripten_bind_ResultIterator_RestartParagraph_0' does not exist on type '{}'.
vendor/tesseract/tesseract-core-simd.wasm.js(109,153): error TS7005: Variable 'b' implicitly has an 'any' type.
vendor/tesseract/tesseract-core-simd.wasm.js(109,206): error TS7005: Variable 'b' implicitly has an 'any' type.
vendor/tesseract/tesseract-core-simd.wasm.js(109,244): error TS2339: Property '_emscripten_bind_ResultIterator_IsWithinFirstTextlineOfParagraph_0' does not exist on type '{}'.
vendor/tesseract/tesseract-core-simd.wasm.js(109,332): error TS7005: Variable 'b' implicitly has an 'any' type.
vendor/tesseract/tesseract-core-simd.wasm.js(109,401): error TS7005: Variable 'b' implicitly has an 'any' type.
vendor/tesseract/tesseract-core-simd.wasm.js(109,439): error TS2339: Property '_emscripten_bind_ResultIterator_RestartRow_0' does not exist on type '{}'.
vendor/tesseract/tesseract-core-simd.wasm.js(110,1): error TS7005: Variable 'b' implicitly has an 'any' type.
vendor/tesseract/tesseract-core-simd.wasm.js(110,48): error TS7005: Variable 'b' implicitly has an 'any' type.
vendor/tesseract/tesseract-core-simd.wasm.js(110,86): error TS2339: Property '_emscripten_bind_ResultIterator_Next_1' does not exist on type '{}'.
vendor/tesseract/tesseract-core-simd.wasm.js(110,146): error TS7005: Variable 'b' implicitly has an 'any' type.
vendor/tesseract/tesseract-core-simd.wasm.js(110,187): error TS7005: Variable 'b' implicitly has an 'any' type.
vendor/tesseract/tesseract-core-simd.wasm.js(110,225): error TS2339: Property '_emscripten_bind_ResultIterator_IsAtBeginningOf_1' does not exist on type '{}'.
vendor/tesseract/tesseract-core-simd.wasm.js(110,296): error TS7005: Variable 'b' implicitly has an 'any' type.
vendor/tesseract/tesseract-core-simd.wasm.js(110,348): error TS7005: Variable 'b' implicitly has an 'any' type.
vendor/tesseract/tesseract-core-simd.wasm.js(110,386): error TS2339: Property '_emscripten_bind_ResultIterator_IsAtFinalElement_2' does not exist on type '{}'.
vendor/tesseract/tesseract-core-simd.wasm.js(110,458): error TS7005: Variable 'b' implicitly has an 'any' type.
vendor/tesseract/tesseract-core-simd.wasm.js(111,1): error TS7005: Variable 'b' implicitly has an 'any' type.
vendor/tesseract/tesseract-core-simd.wasm.js(111,39): error TS2339: Property '_emscripten_bind_ResultIterator_Cmp_1' does not exist on type '{}'.
vendor/tesseract/tesseract-core-simd.wasm.js(111,98): error TS7005: Variable 'b' implicitly has an 'any' type.
vendor/tesseract/tesseract-core-simd.wasm.js(111,138): error TS7005: Variable 'b' implicitly has an 'any' type.
vendor/tesseract/tesseract-core-simd.wasm.js(111,176): error TS2339: Property '_emscripten_bind_ResultIterator_SetBoundingBoxComponents_2' does not exist on type '{}'.
vendor/tesseract/tesseract-core-simd.wasm.js(111,256): error TS7005: Variable 'b' implicitly has an 'any' type.
vendor/tesseract/tesseract-core-simd.wasm.js(111,317): error TS7005: Variable 'b' implicitly has an 'any' type.
vendor/tesseract/tesseract-core-simd.wasm.js(111,355): error TS2339: Property '_emscripten_bind_ResultIterator_BoundingBox_5' does not exist on type '{}'.
vendor/tesseract/tesseract-core-simd.wasm.js(111,422): error TS7005: Variable 'b' implicitly has an 'any' type.
vendor/tesseract/tesseract-core-simd.wasm.js(111,470): error TS7005: Variable 'b' implicitly has an 'any' type.
vendor/tesseract/tesseract-core-simd.wasm.js(112,6): error TS2339: Property '_emscripten_bind_ResultIterator_BoundingBox_6' does not exist on type '{}'.
vendor/tesseract/tesseract-core-simd.wasm.js(112,73): error TS7005: Variable 'b' implicitly has an 'any' type.
vendor/tesseract/tesseract-core-simd.wasm.js(112,121): error TS7005: Variable 'b' implicitly has an 'any' type.
vendor/tesseract/tesseract-core-simd.wasm.js(112,159): error TS2339: Property '_emscripten_bind_ResultIterator_BoundingBoxInternal_5' does not exist on type '{}'.
vendor/tesseract/tesseract-core-simd.wasm.js(112,234): error TS7005: Variable 'b' implicitly has an 'any' type.
vendor/tesseract/tesseract-core-simd.wasm.js(112,290): error TS7005: Variable 'b' implicitly has an 'any' type.
vendor/tesseract/tesseract-core-simd.wasm.js(112,328): error TS2339: Property '_emscripten_bind_ResultIterator_Empty_1' does not exist on type '{}'.
vendor/tesseract/tesseract-core-simd.wasm.js(112,389): error TS7005: Variable 'b' implicitly has an 'any' type.
vendor/tesseract/tesseract-core-simd.wasm.js(112,431): error TS7005: Variable 'b' implicitly has an 'any' type.
vendor/tesseract/tesseract-core-simd.wasm.js(112,469): error TS2339: Property '_emscripten_bind_ResultIterator_BlockType_0' does not exist on type '{}'.
vendor/tesseract/tesseract-core-simd.wasm.js(113,22): error TS7005: Variable 'b' implicitly has an 'any' type.
vendor/tesseract/tesseract-core-simd.wasm.js(113,68): error TS7005: Variable 'b' implicitly has an 'any' type.
vendor/tesseract/tesseract-core-simd.wasm.js(113,106): error TS2339: Property '_emscripten_bind_ResultIterator_BlockPolygon_0' does not exist on type '{}'.
vendor/tesseract/tesseract-core-simd.wasm.js(113,174): error TS7005: Variable 'b' implicitly has an 'any' type.
vendor/tesseract/tesseract-core-simd.wasm.js(113,223): error TS7005: Variable 'b' implicitly has an 'any' type.
vendor/tesseract/tesseract-core-simd.wasm.js(113,261): error TS2339: Property '_emscripten_bind_ResultIterator_GetBinaryImage_1' does not exist on type '{}'.
vendor/tesseract/tesseract-core-simd.wasm.js(113,331): error TS7005: Variable 'b' implicitly has an 'any' type.
vendor/tesseract/tesseract-core-simd.wasm.js(113,382): error TS7005: Variable 'b' implicitly has an 'any' type.
vendor/tesseract/tesseract-core-simd.wasm.js(113,420): error TS2339: Property '_emscripten_bind_ResultIterator_GetImage_5' does not exist on type '{}'.
vendor/tesseract/tesseract-core-simd.wasm.js(113,484): error TS7005: Variable 'b' implicitly has an 'any' type.
vendor/tesseract/tesseract-core-simd.wasm.js(114,1): error TS7005: Variable 'b' implicitly has an 'any' type.
vendor/tesseract/tesseract-core-simd.wasm.js(114,39): error TS2339: Property '_emscripten_bind_ResultIterator_Baseline_5' does not exist on type '{}'.
vendor/tesseract/tesseract-core-simd.wasm.js(114,103): error TS7005: Variable 'b' implicitly has an 'any' type.
vendor/tesseract/tesseract-core-simd.wasm.js(114,148): error TS7005: Variable 'b' implicitly has an 'any' type.
vendor/tesseract/tesseract-core-simd.wasm.js(114,186): error TS2339: Property '_emscripten_bind_ResultIterator_Orientation_4' does not exist on type '{}'.
vendor/tesseract/tesseract-core-simd.wasm.js(114,253): error TS7005: Variable 'b' implicitly has an 'any' type.
vendor/tesseract/tesseract-core-simd.wasm.js(114,301): error TS7005: Variable 'b' implicitly has an 'any' type.
vendor/tesseract/tesseract-core-simd.wasm.js(114,339): error TS2339: Property '_emscripten_bind_ResultIterator_ParagraphInfo_4' does not exist on type '{}'.
vendor/tesseract/tesseract-core-simd.wasm.js(114,408): error TS7005: Variable 'b' implicitly has an 'any' type.
vendor/tesseract/tesseract-core-simd.wasm.js(114,458): error TS7005: Variable 'b' implicitly has an 'any' type.
vendor/tesseract/tesseract-core-simd.wasm.js(114,496): error TS2339: Property '_emscripten_bind_ResultIterator_ParagraphIsLtr_0' does not exist on type '{}'.
vendor/tesseract/tesseract-core-simd.wasm.js(115,22): error TS7005: Variable 'b' implicitly has an 'any' type.
vendor/tesseract/tesseract-core-simd.wasm.js(115,73): error TS7005: Variable 'b' implicitly has an 'any' type.
vendor/tesseract/tesseract-core-simd.wasm.js(115,111): error TS2339: Property '_emscripten_bind_ResultIterator_GetUTF8Text_1' does not exist on type '{}'.
vendor/tesseract/tesseract-core-simd.wasm.js(115,178): error TS7005: Variable 'b' implicitly has an 'any' type.
vendor/tesseract/tesseract-core-simd.wasm.js(115,226): error TS7005: Variable 'b' implicitly has an 'any' type.
vendor/tesseract/tesseract-core-simd.wasm.js(115,264): error TS2339: Property '_emscripten_bind_ResultIterator_SetLineSeparator_1' does not exist on type '{}'.
vendor/tesseract/tesseract-core-simd.wasm.js(115,336): error TS7005: Variable 'b' implicitly has an 'any' type.
vendor/tesseract/tesseract-core-simd.wasm.js(115,389): error TS7005: Variable 'b' implicitly has an 'any' type.
vendor/tesseract/tesseract-core-simd.wasm.js(115,427): error TS2339: Property '_emscripten_bind_ResultIterator_SetParagraphSeparator_1' does not exist on type '{}'.
vendor/tesseract/tesseract-core-simd.wasm.js(116,1): error TS7005: Variable 'b' implicitly has an 'any' type.
vendor/tesseract/tesseract-core-simd.wasm.js(116,59): error TS7005: Variable 'b' implicitly has an 'any' type.
vendor/tesseract/tesseract-core-simd.wasm.js(116,97): error TS2339: Property '_emscripten_bind_ResultIterator_Confidence_1' does not exist on type '{}'.
vendor/tesseract/tesseract-core-simd.wasm.js(116,163): error TS7005: Variable 'b' implicitly has an 'any' type.
vendor/tesseract/tesseract-core-simd.wasm.js(116,210): error TS7005: Variable 'b' implicitly has an 'any' type.
vendor/tesseract/tesseract-core-simd.wasm.js(116,248): error TS2339: Property '_emscripten_bind_ResultIterator_WordFontAttributes_8' does not exist on type '{}'.
vendor/tesseract/tesseract-core-simd.wasm.js(116,322): error TS7005: Variable 'b' implicitly has an 'any' type.
vendor/tesseract/tesseract-core-simd.wasm.js(116,377): error TS7005: Variable 'b' implicitly has an 'any' type.
vendor/tesseract/tesseract-core-simd.wasm.js(116,415): error TS2339: Property '_emscripten_bind_ResultIterator_WordRecognitionLanguage_0' does not exist on type '{}'.
vendor/tesseract/tesseract-core-simd.wasm.js(116,494): error TS7005: Variable 'b' implicitly has an 'any' type.
vendor/tesseract/tesseract-core-simd.wasm.js(117,1): error TS7005: Variable 'b' implicitly has an 'any' type.
vendor/tesseract/tesseract-core-simd.wasm.js(117,39): error TS2339: Property '_emscripten_bind_ResultIterator_WordDirection_0' does not exist on type '{}'.
vendor/tesseract/tesseract-core-simd.wasm.js(117,108): error TS7005: Variable 'b' implicitly has an 'any' type.
vendor/tesseract/tesseract-core-simd.wasm.js(117,158): error TS7005: Variable 'b' implicitly has an 'any' type.
vendor/tesseract/tesseract-core-simd.wasm.js(117,196): error TS2339: Property '_emscripten_bind_ResultIterator_WordIsFromDictionary_0' does not exist on type '{}'.
vendor/tesseract/tesseract-core-simd.wasm.js(117,272): error TS7005: Variable 'b' implicitly has an 'any' type.
vendor/tesseract/tesseract-core-simd.wasm.js(117,329): error TS7005: Variable 'b' implicitly has an 'any' type.
vendor/tesseract/tesseract-core-simd.wasm.js(117,367): error TS2339: Property '_emscripten_bind_ResultIterator_WordIsNumeric_0' does not exist on type '{}'.
vendor/tesseract/tesseract-core-simd.wasm.js(117,436): error TS7005: Variable 'b' implicitly has an 'any' type.
vendor/tesseract/tesseract-core-simd.wasm.js(117,486): error TS7005: Variable 'b' implicitly has an 'any' type.
vendor/tesseract/tesseract-core-simd.wasm.js(118,18): error TS2339: Property '_emscripten_bind_ResultIterator_HasBlamerInfo_0' does not exist on type '{}'.
vendor/tesseract/tesseract-core-simd.wasm.js(118,87): error TS7005: Variable 'b' implicitly has an 'any' type.
vendor/tesseract/tesseract-core-simd.wasm.js(118,137): error TS7005: Variable 'b' implicitly has an 'any' type.
vendor/tesseract/tesseract-core-simd.wasm.js(118,175): error TS2339: Property '_emscripten_bind_ResultIterator_HasTruthString_0' does not exist on type '{}'.
vendor/tesseract/tesseract-core-simd.wasm.js(118,245): error TS7005: Variable 'b' implicitly has an 'any' type.
vendor/tesseract/tesseract-core-simd.wasm.js(118,296): error TS7005: Variable 'b' implicitly has an 'any' type.
vendor/tesseract/tesseract-core-simd.wasm.js(118,334): error TS2339: Property '_emscripten_bind_ResultIterator_EquivalentToTruth_1' does not exist on type '{}'.
vendor/tesseract/tesseract-core-simd.wasm.js(118,407): error TS7005: Variable 'b' implicitly has an 'any' type.
vendor/tesseract/tesseract-core-simd.wasm.js(118,461): error TS7005: Variable 'b' implicitly has an 'any' type.
vendor/tesseract/tesseract-core-simd.wasm.js(118,499): error TS2339: Property '_emscripten_bind_ResultIterator_WordTruthUTF8Text_0' does not exist on type '{}'.
vendor/tesseract/tesseract-core-simd.wasm.js(119,22): error TS7005: Variable 'b' implicitly has an 'any' type.
vendor/tesseract/tesseract-core-simd.wasm.js(119,76): error TS7005: Variable 'b' implicitly has an 'any' type.
vendor/tesseract/tesseract-core-simd.wasm.js(119,114): error TS2339: Property '_emscripten_bind_ResultIterator_WordNormedUTF8Text_0' does not exist on type '{}'.
vendor/tesseract/tesseract-core-simd.wasm.js(119,188): error TS7005: Variable 'b' implicitly has an 'any' type.
vendor/tesseract/tesseract-core-simd.wasm.js(119,243): error TS7005: Variable 'b' implicitly has an 'any' type.
vendor/tesseract/tesseract-core-simd.wasm.js(119,281): error TS2339: Property '_emscripten_bind_ResultIterator_WordLattice_1' does not exist on type '{}'.
vendor/tesseract/tesseract-core-simd.wasm.js(119,348): error TS7005: Variable 'b' implicitly has an 'any' type.
vendor/tesseract/tesseract-core-simd.wasm.js(119,396): error TS7005: Variable 'b' implicitly has an 'any' type.
vendor/tesseract/tesseract-core-simd.wasm.js(119,434): error TS2339: Property '_emscripten_bind_ResultIterator_SymbolIsSuperscript_0' does not exist on type '{}'.
vendor/tesseract/tesseract-core-simd.wasm.js(120,1): error TS7005: Variable 'b' implicitly has an 'any' type.
vendor/tesseract/tesseract-core-simd.wasm.js(120,57): error TS7005: Variable 'b' implicitly has an 'any' type.
vendor/tesseract/tesseract-core-simd.wasm.js(120,95): error TS2339: Property '_emscripten_bind_ResultIterator_SymbolIsSubscript_0' does not exist on type '{}'.
vendor/tesseract/tesseract-core-simd.wasm.js(120,168): error TS7005: Variable 'b' implicitly has an 'any' type.
vendor/tesseract/tesseract-core-simd.wasm.js(120,222): error TS7005: Variable 'b' implicitly has an 'any' type.
vendor/tesseract/tesseract-core-simd.wasm.js(120,260): error TS2339: Property '_emscripten_bind_ResultIterator_SymbolIsDropcap_0' does not exist on type '{}'.
vendor/tesseract/tesseract-core-simd.wasm.js(120,331): error TS7005: Variable 'b' implicitly has an 'any' type.
vendor/tesseract/tesseract-core-simd.wasm.js(120,383): error TS7005: Variable 'b' implicitly has an 'any' type.
vendor/tesseract/tesseract-core-simd.wasm.js(120,421): error TS2339: Property '_emscripten_bind_ResultIterator___destroy___0' does not exist on type '{}'.
vendor/tesseract/tesseract-core-simd.wasm.js(120,488): error TS7005: Variable 'b' implicitly has an 'any' type.
vendor/tesseract/tesseract-core-simd.wasm.js(121,1): error TS7005: Variable 'b' implicitly has an 'any' type.
vendor/tesseract/tesseract-core-simd.wasm.js(121,39): error TS2339: Property '_emscripten_bind_TextlineOrder___destroy___0' does not exist on type '{}'.
vendor/tesseract/tesseract-core-simd.wasm.js(121,105): error TS7005: Variable 'b' implicitly has an 'any' type.
vendor/tesseract/tesseract-core-simd.wasm.js(121,152): error TS7005: Variable 'b' implicitly has an 'any' type.
vendor/tesseract/tesseract-core-simd.wasm.js(121,190): error TS2339: Property '_emscripten_bind_ETEXT_DESC___destroy___0' does not exist on type '{}'.
vendor/tesseract/tesseract-core-simd.wasm.js(121,253): error TS7005: Variable 'b' implicitly has an 'any' type.
vendor/tesseract/tesseract-core-simd.wasm.js(121,297): error TS7005: Variable 'b' implicitly has an 'any' type.
vendor/tesseract/tesseract-core-simd.wasm.js(121,335): error TS2339: Property '_emscripten_bind_PageIterator_Begin_0' does not exist on type '{}'.
vendor/tesseract/tesseract-core-simd.wasm.js(121,394): error TS7005: Variable 'b' implicitly has an 'any' type.
vendor/tesseract/tesseract-core-simd.wasm.js(121,434): error TS7005: Variable 'b' implicitly has an 'any' type.
vendor/tesseract/tesseract-core-simd.wasm.js(121,472): error TS2339: Property '_emscripten_bind_PageIterator_RestartParagraph_0' does not exist on type '{}'.
vendor/tesseract/tesseract-core-simd.wasm.js(122,22): error TS7005: Variable 'b' implicitly has an 'any' type.
vendor/tesseract/tesseract-core-simd.wasm.js(122,73): error TS7005: Variable 'b' implicitly has an 'any' type.
vendor/tesseract/tesseract-core-simd.wasm.js(122,111): error TS2339: Property '_emscripten_bind_PageIterator_IsWithinFirstTextlineOfParagraph_0' does not exist on type '{}'.
vendor/tesseract/tesseract-core-simd.wasm.js(122,197): error TS7005: Variable 'b' implicitly has an 'any' type.
vendor/tesseract/tesseract-core-simd.wasm.js(122,264): error TS7005: Variable 'b' implicitly has an 'any' type.
vendor/tesseract/tesseract-core-simd.wasm.js(122,302): error TS2339: Property '_emscripten_bind_PageIterator_RestartRow_0' does not exist on type '{}'.
vendor/tesseract/tesseract-core-simd.wasm.js(122,366): error TS7005: Variable 'b' implicitly has an 'any' type.
vendor/tesseract/tesseract-core-simd.wasm.js(122,411): error TS7005: Variable 'b' implicitly has an 'any' type.
vendor/tesseract/tesseract-core-simd.wasm.js(122,449): error TS2339: Property '_emscripten_bind_PageIterator_Next_1' does not exist on type '{}'.
vendor/tesseract/tesseract-core-simd.wasm.js(123,1): error TS7005: Variable 'b' implicitly has an 'any' type.
vendor/tesseract/tesseract-core-simd.wasm.js(123,40): error TS7005: Variable 'b' implicitly has an 'any' type.
vendor/tesseract/tesseract-core-simd.wasm.js(123,78): error TS2339: Property '_emscripten_bind_PageIterator_IsAtBeginningOf_1' does not exist on type '{}'.
vendor/tesseract/tesseract-core-simd.wasm.js(123,147): error TS7005: Variable 'b' implicitly has an 'any' type.
vendor/tesseract/tesseract-core-simd.wasm.js(123,197): error TS7005: Variable 'b' implicitly has an 'any' type.
vendor/tesseract/tesseract-core-simd.wasm.js(123,235): error TS2339: Property '_emscripten_bind_PageIterator_IsAtFinalElement_2' does not exist on type '{}'.
vendor/tesseract/tesseract-core-simd.wasm.js(123,305): error TS7005: Variable 'b' implicitly has an 'any' type.
vendor/tesseract/tesseract-core-simd.wasm.js(123,356): error TS7005: Variable 'b' implicitly has an 'any' type.
vendor/tesseract/tesseract-core-simd.wasm.js(123,394): error TS2339: Property '_emscripten_bind_PageIterator_Cmp_1' does not exist on type '{}'.
vendor/tesseract/tesseract-core-simd.wasm.js(123,451): error TS7005: Variable 'b' implicitly has an 'any' type.
vendor/tesseract/tesseract-core-simd.wasm.js(123,489): error TS7005: Variable 'b' implicitly has an 'any' type.
vendor/tesseract/tesseract-core-simd.wasm.js(124,18): error TS2339: Property '_emscripten_bind_PageIterator_SetBoundingBoxComponents_2' does not exist on type '{}'.
vendor/tesseract/tesseract-core-simd.wasm.js(124,96): error TS7005: Variable 'b' implicitly has an 'any' type.
vendor/tesseract/tesseract-core-simd.wasm.js(124,155): error TS7005: Variable 'b' implicitly has an 'any' type.
vendor/tesseract/tesseract-core-simd.wasm.js(124,193): error TS2339: Property '_emscripten_bind_PageIterator_BoundingBox_5' does not exist on type '{}'.
vendor/tesseract/tesseract-core-simd.wasm.js(124,258): error TS7005: Variable 'b' implicitly has an 'any' type.
vendor/tesseract/tesseract-core-simd.wasm.js(124,304): error TS7005: Variable 'b' implicitly has an 'any' type.
vendor/tesseract/tesseract-core-simd.wasm.js(124,342): error TS2339: Property '_emscripten_bind_PageIterator_BoundingBox_6' does not exist on type '{}'.
vendor/tesseract/tesseract-core-simd.wasm.js(124,407): error TS7005: Variable 'b' implicitly has an 'any' type.
vendor/tesseract/tesseract-core-simd.wasm.js(124,453): error TS7005: Variable 'b' implicitly has an 'any' type.
vendor/tesseract/tesseract-core-simd.wasm.js(124,491): error TS2339: Property '_emscripten_bind_PageIterator_BoundingBoxInternal_5' does not exist on type '{}'.
vendor/tesseract/tesseract-core-simd.wasm.js(125,22): error TS7005: Variable 'b' implicitly has an 'any' type.
vendor/tesseract/tesseract-core-simd.wasm.js(125,76): error TS7005: Variable 'b' implicitly has an 'any' type.
vendor/tesseract/tesseract-core-simd.wasm.js(125,114): error TS2339: Property '_emscripten_bind_PageIterator_Empty_1' does not exist on type '{}'.
vendor/tesseract/tesseract-core-simd.wasm.js(125,173): error TS7005: Variable 'b' implicitly has an 'any' type.
vendor/tesseract/tesseract-core-simd.wasm.js(125,213): error TS7005: Variable 'b' implicitly has an 'any' type.
vendor/tesseract/tesseract-core-simd.wasm.js(125,251): error TS2339: Property '_emscripten_bind_PageIterator_BlockType_0' does not exist on type '{}'.
vendor/tesseract/tesseract-core-simd.wasm.js(125,314): error TS7005: Variable 'b' implicitly has an 'any' type.
vendor/tesseract/tesseract-core-simd.wasm.js(125,358): error TS7005: Variable 'b' implicitly has an 'any' type.
vendor/tesseract/tesseract-core-simd.wasm.js(125,396): error TS2339: Property '_emscripten_bind_PageIterator_BlockPolygon_0' does not exist on type '{}'.
vendor/tesseract/tesseract-core-simd.wasm.js(125,462): error TS7005: Variable 'b' implicitly has an 'any' type.
vendor/tesseract/tesseract-core-simd.wasm.js(126,1): error TS7005: Variable 'b' implicitly has an 'any' type.
vendor/tesseract/tesseract-core-simd.wasm.js(126,39): error TS2339: Property '_emscripten_bind_PageIterator_GetBinaryImage_1' does not exist on type '{}'.
vendor/tesseract/tesseract-core-simd.wasm.js(126,107): error TS7005: Variable 'b' implicitly has an 'any' type.
vendor/tesseract/tesseract-core-simd.wasm.js(126,156): error TS7005: Variable 'b' implicitly has an 'any' type.
vendor/tesseract/tesseract-core-simd.wasm.js(126,194): error TS2339: Property '_emscripten_bind_PageIterator_GetImage_5' does not exist on type '{}'.
vendor/tesseract/tesseract-core-simd.wasm.js(126,256): error TS7005: Variable 'b' implicitly has an 'any' type.
vendor/tesseract/tesseract-core-simd.wasm.js(126,299): error TS7005: Variable 'b' implicitly has an 'any' type.
vendor/tesseract/tesseract-core-simd.wasm.js(126,337): error TS2339: Property '_emscripten_bind_PageIterator_Baseline_5' does not exist on type '{}'.
vendor/tesseract/tesseract-core-simd.wasm.js(126,399): error TS7005: Variable 'b' implicitly has an 'any' type.
vendor/tesseract/tesseract-core-simd.wasm.js(126,442): error TS7005: Variable 'b' implicitly has an 'any' type.
vendor/tesseract/tesseract-core-simd.wasm.js(126,480): error TS2339: Property '_emscripten_bind_PageIterator_Orientation_4' does not exist on type '{}'.
vendor/tesseract/tesseract-core-simd.wasm.js(127,22): error TS7005: Variable 'b' implicitly has an 'any' type.
vendor/tesseract/tesseract-core-simd.wasm.js(127,68): error TS7005: Variable 'b' implicitly has an 'any' type.
vendor/tesseract/tesseract-core-simd.wasm.js(127,106): error TS2339: Property '_emscripten_bind_PageIterator_ParagraphInfo_4' does not exist on type '{}'.
vendor/tesseract/tesseract-core-simd.wasm.js(127,173): error TS7005: Variable 'b' implicitly has an 'any' type.
vendor/tesseract/tesseract-core-simd.wasm.js(127,221): error TS7005: Variable 'b' implicitly has an 'any' type.
vendor/tesseract/tesseract-core-simd.wasm.js(127,259): error TS2339: Property '_emscripten_bind_PageIterator___destroy___0' does not exist on type '{}'.
vendor/tesseract/tesseract-core-simd.wasm.js(127,324): error TS7005: Variable 'b' implicitly has an 'any' type.
vendor/tesseract/tesseract-core-simd.wasm.js(127,370): error TS7005: Variable 'b' implicitly has an 'any' type.
vendor/tesseract/tesseract-core-simd.wasm.js(127,408): error TS2339: Property '_emscripten_bind_WritingDirection___destroy___0' does not exist on type '{}'.
vendor/tesseract/tesseract-core-simd.wasm.js(127,477): error TS7005: Variable 'b' implicitly has an 'any' type.
vendor/tesseract/tesseract-core-simd.wasm.js(128,1): error TS7005: Variable 'b' implicitly has an 'any' type.
vendor/tesseract/tesseract-core-simd.wasm.js(128,39): error TS2339: Property '_emscripten_bind_WordChoiceIterator_WordChoiceIterator_1' does not exist on type '{}'.
vendor/tesseract/tesseract-core-simd.wasm.js(128,117): error TS7005: Variable 'b' implicitly has an 'any' type.
vendor/tesseract/tesseract-core-simd.wasm.js(128,176): error TS7005: Variable 'b' implicitly has an 'any' type.
vendor/tesseract/tesseract-core-simd.wasm.js(128,214): error TS2339: Property '_emscripten_bind_WordChoiceIterator_Next_0' does not exist on type '{}'.
vendor/tesseract/tesseract-core-simd.wasm.js(128,278): error TS7005: Variable 'b' implicitly has an 'any' type.
vendor/tesseract/tesseract-core-simd.wasm.js(128,323): error TS7005: Variable 'b' implicitly has an 'any' type.
vendor/tesseract/tesseract-core-simd.wasm.js(128,361): error TS2339: Property '_emscripten_bind_WordChoiceIterator_GetUTF8Text_0' does not exist on type '{}'.
vendor/tesseract/tesseract-core-simd.wasm.js(128,432): error TS7005: Variable 'b' implicitly has an 'any' type.
vendor/tesseract/tesseract-core-simd.wasm.js(128,484): error TS7005: Variable 'b' implicitly has an 'any' type.
vendor/tesseract/tesseract-core-simd.wasm.js(129,18): error TS2339: Property '_emscripten_bind_WordChoiceIterator_Confidence_0' does not exist on type '{}'.
vendor/tesseract/tesseract-core-simd.wasm.js(129,88): error TS7005: Variable 'b' implicitly has an 'any' type.
vendor/tesseract/tesseract-core-simd.wasm.js(129,139): error TS7005: Variable 'b' implicitly has an 'any' type.
vendor/tesseract/tesseract-core-simd.wasm.js(129,177): error TS2339: Property '_emscripten_bind_WordChoiceIterator___destroy___0' does not exist on type '{}'.
vendor/tesseract/tesseract-core-simd.wasm.js(129,248): error TS7005: Variable 'b' implicitly has an 'any' type.
vendor/tesseract/tesseract-core-simd.wasm.js(129,300): error TS7005: Variable 'b' implicitly has an 'any' type.
vendor/tesseract/tesseract-core-simd.wasm.js(129,338): error TS2339: Property '_emscripten_bind_Box_get_x_0' does not exist on type '{}'.
vendor/tesseract/tesseract-core-simd.wasm.js(129,388): error TS7005: Variable 'b' implicitly has an 'any' type.
vendor/tesseract/tesseract-core-simd.wasm.js(129,419): error TS7005: Variable 'b' implicitly has an 'any' type.
vendor/tesseract/tesseract-core-simd.wasm.js(129,457): error TS2339: Property '_emscripten_bind_Box_get_y_0' does not exist on type '{}'.
vendor/tesseract/tesseract-core-simd.wasm.js(130,1): error TS7005: Variable 'b' implicitly has an 'any' type.
vendor/tesseract/tesseract-core-simd.wasm.js(130,32): error TS7005: Variable 'b' implicitly has an 'any' type.
vendor/tesseract/tesseract-core-simd.wasm.js(130,70): error TS2339: Property '_emscripten_bind_Box_get_w_0' does not exist on type '{}'.
vendor/tesseract/tesseract-core-simd.wasm.js(130,120): error TS7005: Variable 'b' implicitly has an 'any' type.
vendor/tesseract/tesseract-core-simd.wasm.js(130,151): error TS7005: Variable 'b' implicitly has an 'any' type.
vendor/tesseract/tesseract-core-simd.wasm.js(130,189): error TS2339: Property '_emscripten_bind_Box_get_h_0' does not exist on type '{}'.
vendor/tesseract/tesseract-core-simd.wasm.js(130,239): error TS7005: Variable 'b' implicitly has an 'any' type.
vendor/tesseract/tesseract-core-simd.wasm.js(130,270): error TS7005: Variable 'b' implicitly has an 'any' type.
vendor/tesseract/tesseract-core-simd.wasm.js(130,308): error TS2339: Property '_emscripten_bind_Box_get_refcount_0' does not exist on type '{}'.
vendor/tesseract/tesseract-core-simd.wasm.js(130,365): error TS7005: Variable 'b' implicitly has an 'any' type.
vendor/tesseract/tesseract-core-simd.wasm.js(130,403): error TS7005: Variable 'b' implicitly has an 'any' type.
vendor/tesseract/tesseract-core-simd.wasm.js(130,441): error TS2339: Property '_emscripten_bind_Box___destroy___0' does not exist on type '{}'.
vendor/tesseract/tesseract-core-simd.wasm.js(130,497): error TS7005: Variable 'b' implicitly has an 'any' type.
vendor/tesseract/tesseract-core-simd.wasm.js(131,1): error TS7005: Variable 'b' implicitly has an 'any' type.
vendor/tesseract/tesseract-core-simd.wasm.js(131,39): error TS2339: Property '_emscripten_bind_TessPDFRenderer_TessPDFRenderer_3' does not exist on type '{}'.
vendor/tesseract/tesseract-core-simd.wasm.js(131,111): error TS7005: Variable 'b' implicitly has an 'any' type.
vendor/tesseract/tesseract-core-simd.wasm.js(131,164): error TS7005: Variable 'b' implicitly has an 'any' type.
vendor/tesseract/tesseract-core-simd.wasm.js(131,202): error TS2339: Property '_emscripten_bind_TessPDFRenderer_BeginDocument_1' does not exist on type '{}'.
vendor/tesseract/tesseract-core-simd.wasm.js(131,272): error TS7005: Variable 'b' implicitly has an 'any' type.
vendor/tesseract/tesseract-core-simd.wasm.js(131,323): error TS7005: Variable 'b' implicitly has an 'any' type.
vendor/tesseract/tesseract-core-simd.wasm.js(131,361): error TS2339: Property '_emscripten_bind_TessPDFRenderer_AddImage_1' does not exist on type '{}'.
vendor/tesseract/tesseract-core-simd.wasm.js(131,426): error TS7005: Variable 'b' implicitly has an 'any' type.
vendor/tesseract/tesseract-core-simd.wasm.js(131,472): error TS7005: Variable 'b' implicitly has an 'any' type.
vendor/tesseract/tesseract-core-simd.wasm.js(132,6): error TS2339: Property '_emscripten_bind_TessPDFRenderer_EndDocument_0' does not exist on type '{}'.
vendor/tesseract/tesseract-core-simd.wasm.js(132,74): error TS7005: Variable 'b' implicitly has an 'any' type.
vendor/tesseract/tesseract-core-simd.wasm.js(132,123): error TS7005: Variable 'b' implicitly has an 'any' type.
vendor/tesseract/tesseract-core-simd.wasm.js(132,161): error TS2339: Property '_emscripten_bind_TessPDFRenderer_happy_0' does not exist on type '{}'.
vendor/tesseract/tesseract-core-simd.wasm.js(132,223): error TS7005: Variable 'b' implicitly has an 'any' type.
vendor/tesseract/tesseract-core-simd.wasm.js(132,266): error TS7005: Variable 'b' implicitly has an 'any' type.
vendor/tesseract/tesseract-core-simd.wasm.js(132,304): error TS2339: Property '_emscripten_bind_TessPDFRenderer_file_extension_0' does not exist on type '{}'.
vendor/tesseract/tesseract-core-simd.wasm.js(132,375): error TS7005: Variable 'b' implicitly has an 'any' type.
vendor/tesseract/tesseract-core-simd.wasm.js(132,427): error TS7005: Variable 'b' implicitly has an 'any' type.
vendor/tesseract/tesseract-core-simd.wasm.js(132,465): error TS2339: Property '_emscripten_bind_TessPDFRenderer_title_0' does not exist on type '{}'.
vendor/tesseract/tesseract-core-simd.wasm.js(133,22): error TS7005: Variable 'b' implicitly has an 'any' type.
vendor/tesseract/tesseract-core-simd.wasm.js(133,65): error TS7005: Variable 'b' implicitly has an 'any' type.
vendor/tesseract/tesseract-core-simd.wasm.js(133,103): error TS2339: Property '_emscripten_bind_TessPDFRenderer_imagenum_0' does not exist on type '{}'.
vendor/tesseract/tesseract-core-simd.wasm.js(133,168): error TS7005: Variable 'b' implicitly has an 'any' type.
vendor/tesseract/tesseract-core-simd.wasm.js(133,214): error TS7005: Variable 'b' implicitly has an 'any' type.
vendor/tesseract/tesseract-core-simd.wasm.js(133,252): error TS2339: Property '_emscripten_bind_TessPDFRenderer___destroy___0' does not exist on type '{}'.
vendor/tesseract/tesseract-core-simd.wasm.js(133,320): error TS7005: Variable 'b' implicitly has an 'any' type.
vendor/tesseract/tesseract-core-simd.wasm.js(133,369): error TS7005: Variable 'b' implicitly has an 'any' type.
vendor/tesseract/tesseract-core-simd.wasm.js(133,407): error TS2339: Property '_emscripten_bind_PixaPtr___destroy___0' does not exist on type '{}'.
vendor/tesseract/tesseract-core-simd.wasm.js(133,467): error TS7005: Variable 'b' implicitly has an 'any' type.
vendor/tesseract/tesseract-core-simd.wasm.js(134,1): error TS7005: Variable 'b' implicitly has an 'any' type.
vendor/tesseract/tesseract-core-simd.wasm.js(134,39): error TS2339: Property '_emscripten_bind_FloatPtr___destroy___0' does not exist on type '{}'.
vendor/tesseract/tesseract-core-simd.wasm.js(134,100): error TS7005: Variable 'b' implicitly has an 'any' type.
vendor/tesseract/tesseract-core-simd.wasm.js(134,142): error TS7005: Variable 'b' implicitly has an 'any' type.
vendor/tesseract/tesseract-core-simd.wasm.js(134,180): error TS2339: Property '_emscripten_bind_ChoiceIterator_ChoiceIterator_1' does not exist on type '{}'.
vendor/tesseract/tesseract-core-simd.wasm.js(134,250): error TS7005: Variable 'b' implicitly has an 'any' type.
vendor/tesseract/tesseract-core-simd.wasm.js(134,301): error TS7005: Variable 'b' implicitly has an 'any' type.
vendor/tesseract/tesseract-core-simd.wasm.js(134,339): error TS2339: Property '_emscripten_bind_ChoiceIterator_Next_0' does not exist on type '{}'.
vendor/tesseract/tesseract-core-simd.wasm.js(134,399): error TS7005: Variable 'b' implicitly has an 'any' type.
vendor/tesseract/tesseract-core-simd.wasm.js(134,440): error TS7005: Variable 'b' implicitly has an 'any' type.
vendor/tesseract/tesseract-core-simd.wasm.js(134,478): error TS2339: Property '_emscripten_bind_ChoiceIterator_GetUTF8Text_0' does not exist on type '{}'.
vendor/tesseract/tesseract-core-simd.wasm.js(135,22): error TS7005: Variable 'b' implicitly has an 'any' type.
vendor/tesseract/tesseract-core-simd.wasm.js(135,70): error TS7005: Variable 'b' implicitly has an 'any' type.
vendor/tesseract/tesseract-core-simd.wasm.js(135,108): error TS2339: Property '_emscripten_bind_ChoiceIterator_Confidence_0' does not exist on type '{}'.
vendor/tesseract/tesseract-core-simd.wasm.js(135,174): error TS7005: Variable 'b' implicitly has an 'any' type.
vendor/tesseract/tesseract-core-simd.wasm.js(135,221): error TS7005: Variable 'b' implicitly has an 'any' type.
vendor/tesseract/tesseract-core-simd.wasm.js(135,259): error TS2339: Property '_emscripten_bind_ChoiceIterator___destroy___0' does not exist on type '{}'.
vendor/tesseract/tesseract-core-simd.wasm.js(135,326): error TS7005: Variable 'b' implicitly has an 'any' type.
vendor/tesseract/tesseract-core-simd.wasm.js(135,374): error TS7005: Variable 'b' implicitly has an 'any' type.
vendor/tesseract/tesseract-core-simd.wasm.js(135,412): error TS2339: Property '_emscripten_bind_PixPtr___destroy___0' does not exist on type '{}'.
vendor/tesseract/tesseract-core-simd.wasm.js(135,471): error TS7005: Variable 'b' implicitly has an 'any' type.
vendor/tesseract/tesseract-core-simd.wasm.js(136,1): error TS7005: Variable 'b' implicitly has an 'any' type.
vendor/tesseract/tesseract-core-simd.wasm.js(136,39): error TS2339: Property '_emscripten_bind_UNICHARSET_get_script_from_script_id_1' does not exist on type '{}'.
vendor/tesseract/tesseract-core-simd.wasm.js(136,116): error TS7005: Variable 'b' implicitly has an 'any' type.
vendor/tesseract/tesseract-core-simd.wasm.js(136,174): error TS7005: Variable 'b' implicitly has an 'any' type.
vendor/tesseract/tesseract-core-simd.wasm.js(136,212): error TS2339: Property '_emscripten_bind_UNICHARSET_get_script_id_from_name_1' does not exist on type '{}'.
vendor/tesseract/tesseract-core-simd.wasm.js(136,287): error TS7005: Variable 'b' implicitly has an 'any' type.
vendor/tesseract/tesseract-core-simd.wasm.js(136,343): error TS7005: Variable 'b' implicitly has an 'any' type.
vendor/tesseract/tesseract-core-simd.wasm.js(136,381): error TS2339: Property '_emscripten_bind_UNICHARSET_get_script_table_size_0' does not exist on type '{}'.
vendor/tesseract/tesseract-core-simd.wasm.js(136,454): error TS7005: Variable 'b' implicitly has an 'any' type.
vendor/tesseract/tesseract-core-simd.wasm.js(137,1): error TS7005: Variable 'b' implicitly has an 'any' type.
vendor/tesseract/tesseract-core-simd.wasm.js(137,39): error TS2339: Property '_emscripten_bind_UNICHARSET___destroy___0' does not exist on type '{}'.
vendor/tesseract/tesseract-core-simd.wasm.js(137,102): error TS7005: Variable 'b' implicitly has an 'any' type.
vendor/tesseract/tesseract-core-simd.wasm.js(137,146): error TS7005: Variable 'b' implicitly has an 'any' type.
vendor/tesseract/tesseract-core-simd.wasm.js(137,184): error TS2339: Property '_emscripten_bind_IntPtr___destroy___0' does not exist on type '{}'.
vendor/tesseract/tesseract-core-simd.wasm.js(137,243): error TS7005: Variable 'b' implicitly has an 'any' type.
vendor/tesseract/tesseract-core-simd.wasm.js(137,283): error TS7005: Variable 'b' implicitly has an 'any' type.
vendor/tesseract/tesseract-core-simd.wasm.js(137,321): error TS2339: Property '_emscripten_bind_Orientation___destroy___0' does not exist on type '{}'.
vendor/tesseract/tesseract-core-simd.wasm.js(137,385): error TS7005: Variable 'b' implicitly has an 'any' type.
vendor/tesseract/tesseract-core-simd.wasm.js(137,430): error TS7005: Variable 'b' implicitly has an 'any' type.
vendor/tesseract/tesseract-core-simd.wasm.js(137,468): error TS2339: Property '_emscripten_bind_OSBestResult_get_orientation_id_0' does not exist on type '{}'.
vendor/tesseract/tesseract-core-simd.wasm.js(138,22): error TS7005: Variable 'b' implicitly has an 'any' type.
vendor/tesseract/tesseract-core-simd.wasm.js(138,75): error TS7005: Variable 'b' implicitly has an 'any' type.
vendor/tesseract/tesseract-core-simd.wasm.js(138,113): error TS2339: Property '_emscripten_bind_OSBestResult_get_script_id_0' does not exist on type '{}'.
vendor/tesseract/tesseract-core-simd.wasm.js(138,180): error TS7005: Variable 'b' implicitly has an 'any' type.
vendor/tesseract/tesseract-core-simd.wasm.js(138,228): error TS7005: Variable 'b' implicitly has an 'any' type.
vendor/tesseract/tesseract-core-simd.wasm.js(138,266): error TS2339: Property '_emscripten_bind_OSBestResult_get_sconfidence_0' does not exist on type '{}'.
vendor/tesseract/tesseract-core-simd.wasm.js(138,335): error TS7005: Variable 'b' implicitly has an 'any' type.
vendor/tesseract/tesseract-core-simd.wasm.js(138,385): error TS7005: Variable 'b' implicitly has an 'any' type.
vendor/tesseract/tesseract-core-simd.wasm.js(138,423): error TS2339: Property '_emscripten_bind_OSBestResult_get_oconfidence_0' does not exist on type '{}'.
vendor/tesseract/tesseract-core-simd.wasm.js(138,492): error TS7005: Variable 'b' implicitly has an 'any' type.
vendor/tesseract/tesseract-core-simd.wasm.js(139,1): error TS7005: Variable 'b' implicitly has an 'any' type.
vendor/tesseract/tesseract-core-simd.wasm.js(139,39): error TS2339: Property '_emscripten_bind_OSBestResult___destroy___0' does not exist on type '{}'.
vendor/tesseract/tesseract-core-simd.wasm.js(139,104): error TS7005: Variable 'b' implicitly has an 'any' type.
vendor/tesseract/tesseract-core-simd.wasm.js(139,150): error TS7005: Variable 'b' implicitly has an 'any' type.
vendor/tesseract/tesseract-core-simd.wasm.js(139,188): error TS2339: Property '_emscripten_bind_Boxa_get_n_0' does not exist on type '{}'.
vendor/tesseract/tesseract-core-simd.wasm.js(139,239): error TS7005: Variable 'b' implicitly has an 'any' type.
vendor/tesseract/tesseract-core-simd.wasm.js(139,271): error TS7005: Variable 'b' implicitly has an 'any' type.
vendor/tesseract/tesseract-core-simd.wasm.js(139,309): error TS2339: Property '_emscripten_bind_Boxa_get_nalloc_0' does not exist on type '{}'.
vendor/tesseract/tesseract-core-simd.wasm.js(139,365): error TS7005: Variable 'b' implicitly has an 'any' type.
vendor/tesseract/tesseract-core-simd.wasm.js(139,402): error TS7005: Variable 'b' implicitly has an 'any' type.
vendor/tesseract/tesseract-core-simd.wasm.js(139,440): error TS2339: Property '_emscripten_bind_Boxa_get_refcount_0' does not exist on type '{}'.
vendor/tesseract/tesseract-core-simd.wasm.js(139,498): error TS7005: Variable 'b' implicitly has an 'any' type.
vendor/tesseract/tesseract-core-simd.wasm.js(140,1): error TS7005: Variable 'b' implicitly has an 'any' type.
vendor/tesseract/tesseract-core-simd.wasm.js(140,39): error TS2339: Property '_emscripten_bind_Boxa_get_box_0' does not exist on type '{}'.
vendor/tesseract/tesseract-core-simd.wasm.js(140,92): error TS7005: Variable 'b' implicitly has an 'any' type.
vendor/tesseract/tesseract-core-simd.wasm.js(140,126): error TS7005: Variable 'b' implicitly has an 'any' type.
vendor/tesseract/tesseract-core-simd.wasm.js(140,164): error TS2339: Property '_emscripten_bind_Boxa___destroy___0' does not exist on type '{}'.
vendor/tesseract/tesseract-core-simd.wasm.js(140,221): error TS7005: Variable 'b' implicitly has an 'any' type.
vendor/tesseract/tesseract-core-simd.wasm.js(140,259): error TS7005: Variable 'b' implicitly has an 'any' type.
vendor/tesseract/tesseract-core-simd.wasm.js(140,297): error TS2339: Property '_emscripten_bind_PixColormap_get_array_0' does not exist on type '{}'.
vendor/tesseract/tesseract-core-simd.wasm.js(140,359): error TS7005: Variable 'b' implicitly has an 'any' type.
vendor/tesseract/tesseract-core-simd.wasm.js(140,402): error TS7005: Variable 'b' implicitly has an 'any' type.
vendor/tesseract/tesseract-core-simd.wasm.js(140,440): error TS2339: Property '_emscripten_bind_PixColormap_get_depth_0' does not exist on type '{}'.
vendor/tesseract/tesseract-core-simd.wasm.js(141,1): error TS7005: Variable 'b' implicitly has an 'any' type.
vendor/tesseract/tesseract-core-simd.wasm.js(141,44): error TS7005: Variable 'b' implicitly has an 'any' type.
vendor/tesseract/tesseract-core-simd.wasm.js(141,82): error TS2339: Property '_emscripten_bind_PixColormap_get_nalloc_0' does not exist on type '{}'.
vendor/tesseract/tesseract-core-simd.wasm.js(141,145): error TS7005: Variable 'b' implicitly has an 'any' type.
vendor/tesseract/tesseract-core-simd.wasm.js(141,189): error TS7005: Variable 'b' implicitly has an 'any' type.
vendor/tesseract/tesseract-core-simd.wasm.js(141,227): error TS2339: Property '_emscripten_bind_PixColormap_get_n_0' does not exist on type '{}'.
vendor/tesseract/tesseract-core-simd.wasm.js(141,285): error TS7005: Variable 'b' implicitly has an 'any' type.
vendor/tesseract/tesseract-core-simd.wasm.js(141,324): error TS7005: Variable 'b' implicitly has an 'any' type.
vendor/tesseract/tesseract-core-simd.wasm.js(141,362): error TS2339: Property '_emscripten_bind_PixColormap___destroy___0' does not exist on type '{}'.
vendor/tesseract/tesseract-core-simd.wasm.js(141,426): error TS7005: Variable 'b' implicitly has an 'any' type.
vendor/tesseract/tesseract-core-simd.wasm.js(141,471): error TS7005: Variable 'b' implicitly has an 'any' type.
vendor/tesseract/tesseract-core-simd.wasm.js(142,6): error TS2339: Property '_emscripten_bind_Pta_get_n_0' does not exist on type '{}'.
vendor/tesseract/tesseract-core-simd.wasm.js(142,56): error TS7005: Variable 'b' implicitly has an 'any' type.
vendor/tesseract/tesseract-core-simd.wasm.js(142,87): error TS7005: Variable 'b' implicitly has an 'any' type.
vendor/tesseract/tesseract-core-simd.wasm.js(142,125): error TS2339: Property '_emscripten_bind_Pta_get_nalloc_0' does not exist on type '{}'.
vendor/tesseract/tesseract-core-simd.wasm.js(142,180): error TS7005: Variable 'b' implicitly has an 'any' type.
vendor/tesseract/tesseract-core-simd.wasm.js(142,216): error TS7005: Variable 'b' implicitly has an 'any' type.
vendor/tesseract/tesseract-core-simd.wasm.js(142,254): error TS2339: Property '_emscripten_bind_Pta_get_refcount_0' does not exist on type '{}'.
vendor/tesseract/tesseract-core-simd.wasm.js(142,311): error TS7005: Variable 'b' implicitly has an 'any' type.
vendor/tesseract/tesseract-core-simd.wasm.js(142,349): error TS7005: Variable 'b' implicitly has an 'any' type.
vendor/tesseract/tesseract-core-simd.wasm.js(142,387): error TS2339: Property '_emscripten_bind_Pta_get_x_0' does not exist on type '{}'.
vendor/tesseract/tesseract-core-simd.wasm.js(142,437): error TS7005: Variable 'b' implicitly has an 'any' type.
vendor/tesseract/tesseract-core-simd.wasm.js(142,468): error TS7005: Variable 'b' implicitly has an 'any' type.
vendor/tesseract/tesseract-core-simd.wasm.js(143,3): error TS2339: Property '_emscripten_bind_Pta_get_y_0' does not exist on type '{}'.
vendor/tesseract/tesseract-core-simd.wasm.js(143,53): error TS7005: Variable 'b' implicitly has an 'any' type.
vendor/tesseract/tesseract-core-simd.wasm.js(143,84): error TS7005: Variable 'b' implicitly has an 'any' type.
vendor/tesseract/tesseract-core-simd.wasm.js(143,122): error TS2339: Property '_emscripten_bind_Pta___destroy___0' does not exist on type '{}'.
vendor/tesseract/tesseract-core-simd.wasm.js(143,178): error TS7005: Variable 'b' implicitly has an 'any' type.
vendor/tesseract/tesseract-core-simd.wasm.js(143,215): error TS7005: Variable 'b' implicitly has an 'any' type.
vendor/tesseract/tesseract-core-simd.wasm.js(143,253): error TS2339: Property '_emscripten_bind_Pix_get_w_0' does not exist on type '{}'.
vendor/tesseract/tesseract-core-simd.wasm.js(143,303): error TS7005: Variable 'b' implicitly has an 'any' type.
vendor/tesseract/tesseract-core-simd.wasm.js(143,334): error TS7005: Variable 'b' implicitly has an 'any' type.
vendor/tesseract/tesseract-core-simd.wasm.js(143,372): error TS2339: Property '_emscripten_bind_Pix_get_h_0' does not exist on type '{}'.
vendor/tesseract/tesseract-core-simd.wasm.js(143,422): error TS7005: Variable 'b' implicitly has an 'any' type.
vendor/tesseract/tesseract-core-simd.wasm.js(143,453): error TS7005: Variable 'b' implicitly has an 'any' type.
vendor/tesseract/tesseract-core-simd.wasm.js(143,491): error TS2339: Property '_emscripten_bind_Pix_get_d_0' does not exist on type '{}'.
vendor/tesseract/tesseract-core-simd.wasm.js(144,22): error TS7005: Variable 'b' implicitly has an 'any' type.
vendor/tesseract/tesseract-core-simd.wasm.js(144,53): error TS7005: Variable 'b' implicitly has an 'any' type.
vendor/tesseract/tesseract-core-simd.wasm.js(144,91): error TS2339: Property '_emscripten_bind_Pix_get_spp_0' does not exist on type '{}'.
vendor/tesseract/tesseract-core-simd.wasm.js(144,143): error TS7005: Variable 'b' implicitly has an 'any' type.
vendor/tesseract/tesseract-core-simd.wasm.js(144,176): error TS7005: Variable 'b' implicitly has an 'any' type.
vendor/tesseract/tesseract-core-simd.wasm.js(144,214): error TS2339: Property '_emscripten_bind_Pix_get_wpl_0' does not exist on type '{}'.
vendor/tesseract/tesseract-core-simd.wasm.js(144,266): error TS7005: Variable 'b' implicitly has an 'any' type.
vendor/tesseract/tesseract-core-simd.wasm.js(144,299): error TS7005: Variable 'b' implicitly has an 'any' type.
vendor/tesseract/tesseract-core-simd.wasm.js(144,337): error TS2339: Property '_emscripten_bind_Pix_get_refcount_0' does not exist on type '{}'.
vendor/tesseract/tesseract-core-simd.wasm.js(144,394): error TS7005: Variable 'b' implicitly has an 'any' type.
vendor/tesseract/tesseract-core-simd.wasm.js(144,432): error TS7005: Variable 'b' implicitly has an 'any' type.
vendor/tesseract/tesseract-core-simd.wasm.js(144,470): error TS2339: Property '_emscripten_bind_Pix_get_xres_0' does not exist on type '{}'.
vendor/tesseract/tesseract-core-simd.wasm.js(145,22): error TS7005: Variable 'b' implicitly has an 'any' type.
vendor/tesseract/tesseract-core-simd.wasm.js(145,56): error TS7005: Variable 'b' implicitly has an 'any' type.
vendor/tesseract/tesseract-core-simd.wasm.js(145,94): error TS2339: Property '_emscripten_bind_Pix_get_yres_0' does not exist on type '{}'.
vendor/tesseract/tesseract-core-simd.wasm.js(145,147): error TS7005: Variable 'b' implicitly has an 'any' type.
vendor/tesseract/tesseract-core-simd.wasm.js(145,181): error TS7005: Variable 'b' implicitly has an 'any' type.
vendor/tesseract/tesseract-core-simd.wasm.js(145,219): error TS2339: Property '_emscripten_bind_Pix_get_informat_0' does not exist on type '{}'.
vendor/tesseract/tesseract-core-simd.wasm.js(145,276): error TS7005: Variable 'b' implicitly has an 'any' type.
vendor/tesseract/tesseract-core-simd.wasm.js(145,314): error TS7005: Variable 'b' implicitly has an 'any' type.
vendor/tesseract/tesseract-core-simd.wasm.js(145,352): error TS2339: Property '_emscripten_bind_Pix_get_special_0' does not exist on type '{}'.
vendor/tesseract/tesseract-core-simd.wasm.js(145,408): error TS7005: Variable 'b' implicitly has an 'any' type.
vendor/tesseract/tesseract-core-simd.wasm.js(145,445): error TS7005: Variable 'b' implicitly has an 'any' type.
vendor/tesseract/tesseract-core-simd.wasm.js(145,483): error TS2339: Property '_emscripten_bind_Pix_get_text_0' does not exist on type '{}'.
vendor/tesseract/tesseract-core-simd.wasm.js(146,22): error TS7005: Variable 'b' implicitly has an 'any' type.
vendor/tesseract/tesseract-core-simd.wasm.js(146,56): error TS7005: Variable 'b' implicitly has an 'any' type.
vendor/tesseract/tesseract-core-simd.wasm.js(146,94): error TS2339: Property '_emscripten_bind_Pix_get_colormap_0' does not exist on type '{}'.
vendor/tesseract/tesseract-core-simd.wasm.js(146,151): error TS7005: Variable 'b' implicitly has an 'any' type.
vendor/tesseract/tesseract-core-simd.wasm.js(146,189): error TS7005: Variable 'b' implicitly has an 'any' type.
vendor/tesseract/tesseract-core-simd.wasm.js(146,227): error TS2339: Property '_emscripten_bind_Pix_get_data_0' does not exist on type '{}'.
vendor/tesseract/tesseract-core-simd.wasm.js(146,280): error TS7005: Variable 'b' implicitly has an 'any' type.
vendor/tesseract/tesseract-core-simd.wasm.js(146,314): error TS7005: Variable 'b' implicitly has an 'any' type.
vendor/tesseract/tesseract-core-simd.wasm.js(146,352): error TS2339: Property '_emscripten_bind_Pix___destroy___0' does not exist on type '{}'.
vendor/tesseract/tesseract-core-simd.wasm.js(146,408): error TS7005: Variable 'b' implicitly has an 'any' type.
vendor/tesseract/tesseract-core-simd.wasm.js(146,445): error TS7005: Variable 'b' implicitly has an 'any' type.
vendor/tesseract/tesseract-core-simd.wasm.js(146,483): error TS2339: Property '_emscripten_bind_DoublePtr___destroy___0' does not exist on type '{}'.
vendor/tesseract/tesseract-core-simd.wasm.js(147,22): error TS7005: Variable 'b' implicitly has an 'any' type.
vendor/tesseract/tesseract-core-simd.wasm.js(147,65): error TS7005: Variable 'b' implicitly has an 'any' type.
vendor/tesseract/tesseract-core-simd.wasm.js(147,103): error TS2339: Property '_emscripten_bind_Dawg___destroy___0' does not exist on type '{}'.
vendor/tesseract/tesseract-core-simd.wasm.js(147,160): error TS7005: Variable 'b' implicitly has an 'any' type.
vendor/tesseract/tesseract-core-simd.wasm.js(147,198): error TS7005: Variable 'b' implicitly has an 'any' type.
vendor/tesseract/tesseract-core-simd.wasm.js(147,236): error TS2339: Property '_emscripten_bind_BoxPtr___destroy___0' does not exist on type '{}'.
vendor/tesseract/tesseract-core-simd.wasm.js(147,295): error TS7005: Variable 'b' implicitly has an 'any' type.
vendor/tesseract/tesseract-core-simd.wasm.js(147,335): error TS7005: Variable 'b' implicitly has an 'any' type.
vendor/tesseract/tesseract-core-simd.wasm.js(147,373): error TS2339: Property '_emscripten_bind_TessBaseAPI_TessBaseAPI_0' does not exist on type '{}'.
vendor/tesseract/tesseract-core-simd.wasm.js(147,437): error TS7005: Variable 'b' implicitly has an 'any' type.
vendor/tesseract/tesseract-core-simd.wasm.js(147,482): error TS7005: Variable 'b' implicitly has an 'any' type.
vendor/tesseract/tesseract-core-simd.wasm.js(148,18): error TS2339: Property '_emscripten_bind_TessBaseAPI_Version_0' does not exist on type '{}'.
vendor/tesseract/tesseract-core-simd.wasm.js(148,78): error TS7005: Variable 'b' implicitly has an 'any' type.
vendor/tesseract/tesseract-core-simd.wasm.js(148,119): error TS7005: Variable 'b' implicitly has an 'any' type.
vendor/tesseract/tesseract-core-simd.wasm.js(148,157): error TS2339: Property '_emscripten_bind_TessBaseAPI_SetInputName_1' does not exist on type '{}'.
vendor/tesseract/tesseract-core-simd.wasm.js(148,222): error TS7005: Variable 'b' implicitly has an 'any' type.
vendor/tesseract/tesseract-core-simd.wasm.js(148,268): error TS7005: Variable 'b' implicitly has an 'any' type.
vendor/tesseract/tesseract-core-simd.wasm.js(148,306): error TS2339: Property '_emscripten_bind_TessBaseAPI_GetInputName_0' does not exist on type '{}'.
vendor/tesseract/tesseract-core-simd.wasm.js(148,371): error TS7005: Variable 'b' implicitly has an 'any' type.
vendor/tesseract/tesseract-core-simd.wasm.js(148,417): error TS7005: Variable 'b' implicitly has an 'any' type.
vendor/tesseract/tesseract-core-simd.wasm.js(148,455): error TS2339: Property '_emscripten_bind_TessBaseAPI_SetInputImage_1' does not exist on type '{}'.
vendor/tesseract/tesseract-core-simd.wasm.js(149,1): error TS7005: Variable 'b' implicitly has an 'any' type.
vendor/tesseract/tesseract-core-simd.wasm.js(149,48): error TS7005: Variable 'b' implicitly has an 'any' type.
vendor/tesseract/tesseract-core-simd.wasm.js(149,86): error TS2339: Property '_emscripten_bind_TessBaseAPI_GetInputImage_0' does not exist on type '{}'.
vendor/tesseract/tesseract-core-simd.wasm.js(149,152): error TS7005: Variable 'b' implicitly has an 'any' type.
vendor/tesseract/tesseract-core-simd.wasm.js(149,199): error TS7005: Variable 'b' implicitly has an 'any' type.
vendor/tesseract/tesseract-core-simd.wasm.js(149,237): error TS2339: Property '_emscripten_bind_TessBaseAPI_GetSourceYResolution_0' does not exist on type '{}'.
vendor/tesseract/tesseract-core-simd.wasm.js(149,310): error TS7005: Variable 'b' implicitly has an 'any' type.
vendor/tesseract/tesseract-core-simd.wasm.js(149,364): error TS7005: Variable 'b' implicitly has an 'any' type.
vendor/tesseract/tesseract-core-simd.wasm.js(149,402): error TS2339: Property '_emscripten_bind_TessBaseAPI_GetDatapath_0' does not exist on type '{}'.
vendor/tesseract/tesseract-core-simd.wasm.js(149,466): error TS7005: Variable 'b' implicitly has an 'any' type.
vendor/tesseract/tesseract-core-simd.wasm.js(150,1): error TS7005: Variable 'b' implicitly has an 'any' type.
vendor/tesseract/tesseract-core-simd.wasm.js(150,39): error TS2339: Property '_emscripten_bind_TessBaseAPI_SetOutputName_1' does not exist on type '{}'.
vendor/tesseract/tesseract-core-simd.wasm.js(150,105): error TS7005: Variable 'b' implicitly has an 'any' type.
vendor/tesseract/tesseract-core-simd.wasm.js(150,152): error TS7005: Variable 'b' implicitly has an 'any' type.
vendor/tesseract/tesseract-core-simd.wasm.js(150,190): error TS2339: Property '_emscripten_bind_TessBaseAPI_SetVariable_2' does not exist on type '{}'.
vendor/tesseract/tesseract-core-simd.wasm.js(150,254): error TS7005: Variable 'b' implicitly has an 'any' type.
vendor/tesseract/tesseract-core-simd.wasm.js(150,299): error TS7005: Variable 'b' implicitly has an 'any' type.
vendor/tesseract/tesseract-core-simd.wasm.js(150,337): error TS2339: Property '_emscripten_bind_TessBaseAPI_SetDebugVariable_2' does not exist on type '{}'.
vendor/tesseract/tesseract-core-simd.wasm.js(150,406): error TS7005: Variable 'b' implicitly has an 'any' type.
vendor/tesseract/tesseract-core-simd.wasm.js(150,456): error TS7005: Variable 'b' implicitly has an 'any' type.
vendor/tesseract/tesseract-core-simd.wasm.js(150,494): error TS2339: Property '_emscripten_bind_TessBaseAPI_GetIntVariable_2' does not exist on type '{}'.
vendor/tesseract/tesseract-core-simd.wasm.js(151,22): error TS7005: Variable 'b' implicitly has an 'any' type.
vendor/tesseract/tesseract-core-simd.wasm.js(151,70): error TS7005: Variable 'b' implicitly has an 'any' type.
vendor/tesseract/tesseract-core-simd.wasm.js(151,108): error TS2339: Property '_emscripten_bind_TessBaseAPI_GetBoolVariable_2' does not exist on type '{}'.
vendor/tesseract/tesseract-core-simd.wasm.js(151,176): error TS7005: Variable 'b' implicitly has an 'any' type.
vendor/tesseract/tesseract-core-simd.wasm.js(151,225): error TS7005: Variable 'b' implicitly has an 'any' type.
vendor/tesseract/tesseract-core-simd.wasm.js(151,263): error TS2339: Property '_emscripten_bind_TessBaseAPI_GetDoubleVariable_2' does not exist on type '{}'.
vendor/tesseract/tesseract-core-simd.wasm.js(151,333): error TS7005: Variable 'b' implicitly has an 'any' type.
vendor/tesseract/tesseract-core-simd.wasm.js(151,384): error TS7005: Variable 'b' implicitly has an 'any' type.
vendor/tesseract/tesseract-core-simd.wasm.js(151,422): error TS2339: Property '_emscripten_bind_TessBaseAPI_GetStringVariable_1' does not exist on type '{}'.
vendor/tesseract/tesseract-core-simd.wasm.js(151,492): error TS7005: Variable 'b' implicitly has an 'any' type.
vendor/tesseract/tesseract-core-simd.wasm.js(152,1): error TS7005: Variable 'b' implicitly has an 'any' type.
vendor/tesseract/tesseract-core-simd.wasm.js(152,39): error TS2339: Property '_emscripten_bind_TessBaseAPI_SaveParameters_1' does not exist on type '{}'.
vendor/tesseract/tesseract-core-simd.wasm.js(152,106): error TS7005: Variable 'b' implicitly has an 'any' type.
vendor/tesseract/tesseract-core-simd.wasm.js(152,154): error TS7005: Variable 'b' implicitly has an 'any' type.
vendor/tesseract/tesseract-core-simd.wasm.js(152,192): error TS2339: Property '_emscripten_bind_TessBaseAPI_RestoreParameters_1' does not exist on type '{}'.
vendor/tesseract/tesseract-core-simd.wasm.js(152,262): error TS7005: Variable 'b' implicitly has an 'any' type.
vendor/tesseract/tesseract-core-simd.wasm.js(152,313): error TS7005: Variable 'b' implicitly has an 'any' type.
vendor/tesseract/tesseract-core-simd.wasm.js(152,351): error TS2339: Property '_emscripten_bind_TessBaseAPI_Init_2' does not exist on type '{}'.
vendor/tesseract/tesseract-core-simd.wasm.js(152,408): error TS7005: Variable 'b' implicitly has an 'any' type.
vendor/tesseract/tesseract-core-simd.wasm.js(152,446): error TS7005: Variable 'b' implicitly has an 'any' type.
vendor/tesseract/tesseract-core-simd.wasm.js(152,484): error TS2339: Property '_emscripten_bind_TessBaseAPI_Init_3' does not exist on type '{}'.
vendor/tesseract/tesseract-core-simd.wasm.js(153,22): error TS7005: Variable 'b' implicitly has an 'any' type.
vendor/tesseract/tesseract-core-simd.wasm.js(153,60): error TS7005: Variable 'b' implicitly has an 'any' type.
vendor/tesseract/tesseract-core-simd.wasm.js(153,98): error TS2339: Property '_emscripten_bind_TessBaseAPI_Init_4' does not exist on type '{}'.
vendor/tesseract/tesseract-core-simd.wasm.js(153,155): error TS7005: Variable 'b' implicitly has an 'any' type.
vendor/tesseract/tesseract-core-simd.wasm.js(153,193): error TS7005: Variable 'b' implicitly has an 'any' type.
vendor/tesseract/tesseract-core-simd.wasm.js(153,231): error TS2339: Property '_emscripten_bind_TessBaseAPI_GetInitLanguagesAsString_0' does not exist on type '{}'.
vendor/tesseract/tesseract-core-simd.wasm.js(153,308): error TS7005: Variable 'b' implicitly has an 'any' type.
vendor/tesseract/tesseract-core-simd.wasm.js(153,366): error TS7005: Variable 'b' implicitly has an 'any' type.
vendor/tesseract/tesseract-core-simd.wasm.js(153,404): error TS2339: Property '_emscripten_bind_TessBaseAPI_InitForAnalysePage_0' does not exist on type '{}'.
vendor/tesseract/tesseract-core-simd.wasm.js(153,475): error TS7005: Variable 'b' implicitly has an 'any' type.
vendor/tesseract/tesseract-core-simd.wasm.js(154,1): error TS7005: Variable 'b' implicitly has an 'any' type.
vendor/tesseract/tesseract-core-simd.wasm.js(154,39): error TS2339: Property '_emscripten_bind_TessBaseAPI_ReadConfigFile_1' does not exist on type '{}'.
vendor/tesseract/tesseract-core-simd.wasm.js(154,106): error TS7005: Variable 'b' implicitly has an 'any' type.
vendor/tesseract/tesseract-core-simd.wasm.js(154,154): error TS7005: Variable 'b' implicitly has an 'any' type.
vendor/tesseract/tesseract-core-simd.wasm.js(154,192): error TS2339: Property '_emscripten_bind_TessBaseAPI_ReadDebugConfigFile_1' does not exist on type '{}'.
vendor/tesseract/tesseract-core-simd.wasm.js(154,264): error TS7005: Variable 'b' implicitly has an 'any' type.
vendor/tesseract/tesseract-core-simd.wasm.js(154,317): error TS7005: Variable 'b' implicitly has an 'any' type.
vendor/tesseract/tesseract-core-simd.wasm.js(154,355): error TS2339: Property '_emscripten_bind_TessBaseAPI_SetPageSegMode_1' does not exist on type '{}'.
vendor/tesseract/tesseract-core-simd.wasm.js(154,422): error TS7005: Variable 'b' implicitly has an 'any' type.
vendor/tesseract/tesseract-core-simd.wasm.js(154,470): error TS7005: Variable 'b' implicitly has an 'any' type.
vendor/tesseract/tesseract-core-simd.wasm.js(155,6): error TS2339: Property '_emscripten_bind_TessBaseAPI_GetPageSegMode_0' does not exist on type '{}'.
vendor/tesseract/tesseract-core-simd.wasm.js(155,73): error TS7005: Variable 'b' implicitly has an 'any' type.
vendor/tesseract/tesseract-core-simd.wasm.js(155,121): error TS7005: Variable 'b' implicitly has an 'any' type.
vendor/tesseract/tesseract-core-simd.wasm.js(155,159): error TS2339: Property '_emscripten_bind_TessBaseAPI_TesseractRect_7' does not exist on type '{}'.
vendor/tesseract/tesseract-core-simd.wasm.js(155,225): error TS7005: Variable 'b' implicitly has an 'any' type.
vendor/tesseract/tesseract-core-simd.wasm.js(155,272): error TS7005: Variable 'b' implicitly has an 'any' type.
vendor/tesseract/tesseract-core-simd.wasm.js(155,310): error TS2339: Property '_emscripten_bind_TessBaseAPI_ClearAdaptiveClassifier_0' does not exist on type '{}'.
vendor/tesseract/tesseract-core-simd.wasm.js(155,386): error TS7005: Variable 'b' implicitly has an 'any' type.
vendor/tesseract/tesseract-core-simd.wasm.js(155,443): error TS7005: Variable 'b' implicitly has an 'any' type.
vendor/tesseract/tesseract-core-simd.wasm.js(155,481): error TS2339: Property '_emscripten_bind_TessBaseAPI_SetImage_1' does not exist on type '{}'.
vendor/tesseract/tesseract-core-simd.wasm.js(156,22): error TS7005: Variable 'b' implicitly has an 'any' type.
vendor/tesseract/tesseract-core-simd.wasm.js(156,64): error TS7005: Variable 'b' implicitly has an 'any' type.
vendor/tesseract/tesseract-core-simd.wasm.js(156,102): error TS2339: Property '_emscripten_bind_TessBaseAPI_SetImage_5' does not exist on type '{}'.
vendor/tesseract/tesseract-core-simd.wasm.js(156,163): error TS7005: Variable 'b' implicitly has an 'any' type.
vendor/tesseract/tesseract-core-simd.wasm.js(156,205): error TS7005: Variable 'b' implicitly has an 'any' type.
vendor/tesseract/tesseract-core-simd.wasm.js(156,243): error TS2339: Property '_emscripten_bind_TessBaseAPI_SetImageFile_1' does not exist on type '{}'.
vendor/tesseract/tesseract-core-simd.wasm.js(156,308): error TS7005: Variable 'b' implicitly has an 'any' type.
vendor/tesseract/tesseract-core-simd.wasm.js(156,354): error TS7005: Variable 'b' implicitly has an 'any' type.
vendor/tesseract/tesseract-core-simd.wasm.js(156,392): error TS2339: Property '_emscripten_bind_TessBaseAPI_SetSourceResolution_1' does not exist on type '{}'.
vendor/tesseract/tesseract-core-simd.wasm.js(156,464): error TS7005: Variable 'b' implicitly has an 'any' type.
vendor/tesseract/tesseract-core-simd.wasm.js(157,1): error TS7005: Variable 'b' implicitly has an 'any' type.
vendor/tesseract/tesseract-core-simd.wasm.js(157,39): error TS2339: Property '_emscripten_bind_TessBaseAPI_SetRectangle_4' does not exist on type '{}'.
vendor/tesseract/tesseract-core-simd.wasm.js(157,104): error TS7005: Variable 'b' implicitly has an 'any' type.
vendor/tesseract/tesseract-core-simd.wasm.js(157,150): error TS7005: Variable 'b' implicitly has an 'any' type.
vendor/tesseract/tesseract-core-simd.wasm.js(157,188): error TS2339: Property '_emscripten_bind_TessBaseAPI_GetThresholdedImage_0' does not exist on type '{}'.
vendor/tesseract/tesseract-core-simd.wasm.js(157,260): error TS7005: Variable 'b' implicitly has an 'any' type.
vendor/tesseract/tesseract-core-simd.wasm.js(157,313): error TS7005: Variable 'b' implicitly has an 'any' type.
vendor/tesseract/tesseract-core-simd.wasm.js(157,351): error TS2339: Property '_emscripten_bind_TessBaseAPI_WriteImage_0' does not exist on type '{}'.
vendor/tesseract/tesseract-core-simd.wasm.js(157,414): error TS7005: Variable 'b' implicitly has an 'any' type.
vendor/tesseract/tesseract-core-simd.wasm.js(157,458): error TS7005: Variable 'b' implicitly has an 'any' type.
vendor/tesseract/tesseract-core-simd.wasm.js(157,496): error TS2339: Property '_emscripten_bind_TessBaseAPI_FindLines_0' does not exist on type '{}'.
vendor/tesseract/tesseract-core-simd.wasm.js(158,22): error TS7005: Variable 'b' implicitly has an 'any' type.
vendor/tesseract/tesseract-core-simd.wasm.js(158,65): error TS7005: Variable 'b' implicitly has an 'any' type.
vendor/tesseract/tesseract-core-simd.wasm.js(158,103): error TS2339: Property '_emscripten_bind_TessBaseAPI_GetGradient_0' does not exist on type '{}'.
vendor/tesseract/tesseract-core-simd.wasm.js(158,167): error TS7005: Variable 'b' implicitly has an 'any' type.
vendor/tesseract/tesseract-core-simd.wasm.js(158,212): error TS7005: Variable 'b' implicitly has an 'any' type.
vendor/tesseract/tesseract-core-simd.wasm.js(158,250): error TS2339: Property '_emscripten_bind_TessBaseAPI_GetRegions_1' does not exist on type '{}'.
vendor/tesseract/tesseract-core-simd.wasm.js(158,313): error TS7005: Variable 'b' implicitly has an 'any' type.
vendor/tesseract/tesseract-core-simd.wasm.js(158,357): error TS7005: Variable 'b' implicitly has an 'any' type.
vendor/tesseract/tesseract-core-simd.wasm.js(158,395): error TS2339: Property '_emscripten_bind_TessBaseAPI_GetTextlines_2' does not exist on type '{}'.
vendor/tesseract/tesseract-core-simd.wasm.js(158,460): error TS7005: Variable 'b' implicitly has an 'any' type.
vendor/tesseract/tesseract-core-simd.wasm.js(159,1): error TS7005: Variable 'b' implicitly has an 'any' type.
vendor/tesseract/tesseract-core-simd.wasm.js(159,39): error TS2339: Property '_emscripten_bind_TessBaseAPI_GetTextlines_5' does not exist on type '{}'.
vendor/tesseract/tesseract-core-simd.wasm.js(159,104): error TS7005: Variable 'b' implicitly has an 'any' type.
vendor/tesseract/tesseract-core-simd.wasm.js(159,150): error TS7005: Variable 'b' implicitly has an 'any' type.
vendor/tesseract/tesseract-core-simd.wasm.js(159,188): error TS2339: Property '_emscripten_bind_TessBaseAPI_GetStrips_2' does not exist on type '{}'.
vendor/tesseract/tesseract-core-simd.wasm.js(159,250): error TS7005: Variable 'b' implicitly has an 'any' type.
vendor/tesseract/tesseract-core-simd.wasm.js(159,293): error TS7005: Variable 'b' implicitly has an 'any' type.
vendor/tesseract/tesseract-core-simd.wasm.js(159,331): error TS2339: Property '_emscripten_bind_TessBaseAPI_GetWords_1' does not exist on type '{}'.
vendor/tesseract/tesseract-core-simd.wasm.js(159,392): error TS7005: Variable 'b' implicitly has an 'any' type.
vendor/tesseract/tesseract-core-simd.wasm.js(159,434): error TS7005: Variable 'b' implicitly has an 'any' type.
vendor/tesseract/tesseract-core-simd.wasm.js(159,472): error TS2339: Property '_emscripten_bind_TessBaseAPI_GetConnectedComponents_1' does not exist on type '{}'.
vendor/tesseract/tesseract-core-simd.wasm.js(160,22): error TS7005: Variable 'b' implicitly has an 'any' type.
vendor/tesseract/tesseract-core-simd.wasm.js(160,78): error TS7005: Variable 'b' implicitly has an 'any' type.
vendor/tesseract/tesseract-core-simd.wasm.js(160,116): error TS2339: Property '_emscripten_bind_TessBaseAPI_GetComponentImages_4' does not exist on type '{}'.
vendor/tesseract/tesseract-core-simd.wasm.js(160,187): error TS7005: Variable 'b' implicitly has an 'any' type.
vendor/tesseract/tesseract-core-simd.wasm.js(160,239): error TS7005: Variable 'b' implicitly has an 'any' type.
vendor/tesseract/tesseract-core-simd.wasm.js(160,277): error TS2339: Property '_emscripten_bind_TessBaseAPI_GetComponentImages_7' does not exist on type '{}'.
vendor/tesseract/tesseract-core-simd.wasm.js(160,348): error TS7005: Variable 'b' implicitly has an 'any' type.
vendor/tesseract/tesseract-core-simd.wasm.js(160,400): error TS7005: Variable 'b' implicitly has an 'any' type.
vendor/tesseract/tesseract-core-simd.wasm.js(160,438): error TS2339: Property '_emscripten_bind_TessBaseAPI_GetThresholdedImageScaleFactor_0' does not exist on type '{}'.
vendor/tesseract/tesseract-core-simd.wasm.js(161,1): error TS7005: Variable 'b' implicitly has an 'any' type.
vendor/tesseract/tesseract-core-simd.wasm.js(161,65): error TS7005: Variable 'b' implicitly has an 'any' type.
vendor/tesseract/tesseract-core-simd.wasm.js(161,103): error TS2339: Property '_emscripten_bind_TessBaseAPI_AnalyseLayout_0' does not exist on type '{}'.
vendor/tesseract/tesseract-core-simd.wasm.js(161,169): error TS7005: Variable 'b' implicitly has an 'any' type.
vendor/tesseract/tesseract-core-simd.wasm.js(161,216): error TS7005: Variable 'b' implicitly has an 'any' type.
vendor/tesseract/tesseract-core-simd.wasm.js(161,254): error TS2339: Property '_emscripten_bind_TessBaseAPI_AnalyseLayout_1' does not exist on type '{}'.
vendor/tesseract/tesseract-core-simd.wasm.js(161,320): error TS7005: Variable 'b' implicitly has an 'any' type.
vendor/tesseract/tesseract-core-simd.wasm.js(161,367): error TS7005: Variable 'b' implicitly has an 'any' type.
vendor/tesseract/tesseract-core-simd.wasm.js(161,405): error TS2339: Property '_emscripten_bind_TessBaseAPI_Recognize_1' does not exist on type '{}'.
vendor/tesseract/tesseract-core-simd.wasm.js(161,467): error TS7005: Variable 'b' implicitly has an 'any' type.
vendor/tesseract/tesseract-core-simd.wasm.js(162,1): error TS7005: Variable 'b' implicitly has an 'any' type.
vendor/tesseract/tesseract-core-simd.wasm.js(162,39): error TS2339: Property '_emscripten_bind_TessBaseAPI_ProcessPages_4' does not exist on type '{}'.
vendor/tesseract/tesseract-core-simd.wasm.js(162,104): error TS7005: Variable 'b' implicitly has an 'any' type.
vendor/tesseract/tesseract-core-simd.wasm.js(162,150): error TS7005: Variable 'b' implicitly has an 'any' type.
vendor/tesseract/tesseract-core-simd.wasm.js(162,188): error TS2339: Property '_emscripten_bind_TessBaseAPI_ProcessPage_6' does not exist on type '{}'.
vendor/tesseract/tesseract-core-simd.wasm.js(162,252): error TS7005: Variable 'b' implicitly has an 'any' type.
vendor/tesseract/tesseract-core-simd.wasm.js(162,297): error TS7005: Variable 'b' implicitly has an 'any' type.
vendor/tesseract/tesseract-core-simd.wasm.js(162,335): error TS2339: Property '_emscripten_bind_TessBaseAPI_GetIterator_0' does not exist on type '{}'.
vendor/tesseract/tesseract-core-simd.wasm.js(162,399): error TS7005: Variable 'b' implicitly has an 'any' type.
vendor/tesseract/tesseract-core-simd.wasm.js(162,444): error TS7005: Variable 'b' implicitly has an 'any' type.
vendor/tesseract/tesseract-core-simd.wasm.js(162,482): error TS2339: Property '_emscripten_bind_TessBaseAPI_GetUTF8Text_0' does not exist on type '{}'.
vendor/tesseract/tesseract-core-simd.wasm.js(163,22): error TS7005: Variable 'b' implicitly has an 'any' type.
vendor/tesseract/tesseract-core-simd.wasm.js(163,67): error TS7005: Variable 'b' implicitly has an 'any' type.
vendor/tesseract/tesseract-core-simd.wasm.js(163,105): error TS2339: Property '_emscripten_bind_TessBaseAPI_GetHOCRText_1' does not exist on type '{}'.
vendor/tesseract/tesseract-core-simd.wasm.js(163,169): error TS7005: Variable 'b' implicitly has an 'any' type.
vendor/tesseract/tesseract-core-simd.wasm.js(163,214): error TS7005: Variable 'b' implicitly has an 'any' type.
vendor/tesseract/tesseract-core-simd.wasm.js(163,252): error TS2339: Property '_emscripten_bind_TessBaseAPI_GetTSVText_1' does not exist on type '{}'.
vendor/tesseract/tesseract-core-simd.wasm.js(163,315): error TS7005: Variable 'b' implicitly has an 'any' type.
vendor/tesseract/tesseract-core-simd.wasm.js(163,359): error TS7005: Variable 'b' implicitly has an 'any' type.
vendor/tesseract/tesseract-core-simd.wasm.js(163,397): error TS2339: Property '_emscripten_bind_TessBaseAPI_GetBoxText_1' does not exist on type '{}'.
vendor/tesseract/tesseract-core-simd.wasm.js(163,460): error TS7005: Variable 'b' implicitly has an 'any' type.
vendor/tesseract/tesseract-core-simd.wasm.js(164,1): error TS7005: Variable 'b' implicitly has an 'any' type.
vendor/tesseract/tesseract-core-simd.wasm.js(164,39): error TS2339: Property '_emscripten_bind_TessBaseAPI_GetUNLVText_0' does not exist on type '{}'.
vendor/tesseract/tesseract-core-simd.wasm.js(164,103): error TS7005: Variable 'b' implicitly has an 'any' type.
vendor/tesseract/tesseract-core-simd.wasm.js(164,148): error TS7005: Variable 'b' implicitly has an 'any' type.
vendor/tesseract/tesseract-core-simd.wasm.js(164,186): error TS2339: Property '_emscripten_bind_TessBaseAPI_GetOsdText_1' does not exist on type '{}'.
vendor/tesseract/tesseract-core-simd.wasm.js(164,249): error TS7005: Variable 'b' implicitly has an 'any' type.
vendor/tesseract/tesseract-core-simd.wasm.js(164,293): error TS7005: Variable 'b' implicitly has an 'any' type.
vendor/tesseract/tesseract-core-simd.wasm.js(164,331): error TS2339: Property '_emscripten_bind_TessBaseAPI_MeanTextConf_0' does not exist on type '{}'.
vendor/tesseract/tesseract-core-simd.wasm.js(164,396): error TS7005: Variable 'b' implicitly has an 'any' type.
vendor/tesseract/tesseract-core-simd.wasm.js(164,442): error TS7005: Variable 'b' implicitly has an 'any' type.
vendor/tesseract/tesseract-core-simd.wasm.js(164,480): error TS2339: Property '_emscripten_bind_TessBaseAPI_AllWordConfidences_0' does not exist on type '{}'.
vendor/tesseract/tesseract-core-simd.wasm.js(165,22): error TS7005: Variable 'b' implicitly has an 'any' type.
vendor/tesseract/tesseract-core-simd.wasm.js(165,74): error TS7005: Variable 'b' implicitly has an 'any' type.
vendor/tesseract/tesseract-core-simd.wasm.js(165,112): error TS2339: Property '_emscripten_bind_TessBaseAPI_Clear_0' does not exist on type '{}'.
vendor/tesseract/tesseract-core-simd.wasm.js(165,170): error TS7005: Variable 'b' implicitly has an 'any' type.
vendor/tesseract/tesseract-core-simd.wasm.js(165,209): error TS7005: Variable 'b' implicitly has an 'any' type.
vendor/tesseract/tesseract-core-simd.wasm.js(165,247): error TS2339: Property '_emscripten_bind_TessBaseAPI_End_0' does not exist on type '{}'.
vendor/tesseract/tesseract-core-simd.wasm.js(165,303): error TS7005: Variable 'b' implicitly has an 'any' type.
vendor/tesseract/tesseract-core-simd.wasm.js(165,340): error TS7005: Variable 'b' implicitly has an 'any' type.
vendor/tesseract/tesseract-core-simd.wasm.js(165,378): error TS2339: Property '_emscripten_bind_TessBaseAPI_ClearPersistentCache_0' does not exist on type '{}'.
vendor/tesseract/tesseract-core-simd.wasm.js(165,451): error TS7005: Variable 'b' implicitly has an 'any' type.
vendor/tesseract/tesseract-core-simd.wasm.js(166,1): error TS7005: Variable 'b' implicitly has an 'any' type.
vendor/tesseract/tesseract-core-simd.wasm.js(166,39): error TS2339: Property '_emscripten_bind_TessBaseAPI_IsValidWord_1' does not exist on type '{}'.
vendor/tesseract/tesseract-core-simd.wasm.js(166,103): error TS7005: Variable 'b' implicitly has an 'any' type.
vendor/tesseract/tesseract-core-simd.wasm.js(166,148): error TS7005: Variable 'b' implicitly has an 'any' type.
vendor/tesseract/tesseract-core-simd.wasm.js(166,186): error TS2339: Property '_emscripten_bind_TessBaseAPI_IsValidCharacter_1' does not exist on type '{}'.
vendor/tesseract/tesseract-core-simd.wasm.js(166,255): error TS7005: Variable 'b' implicitly has an 'any' type.
vendor/tesseract/tesseract-core-simd.wasm.js(166,305): error TS7005: Variable 'b' implicitly has an 'any' type.
vendor/tesseract/tesseract-core-simd.wasm.js(166,343): error TS2339: Property '_emscripten_bind_TessBaseAPI_DetectOS_1' does not exist on type '{}'.
vendor/tesseract/tesseract-core-simd.wasm.js(166,404): error TS7005: Variable 'b' implicitly has an 'any' type.
vendor/tesseract/tesseract-core-simd.wasm.js(166,446): error TS7005: Variable 'b' implicitly has an 'any' type.
vendor/tesseract/tesseract-core-simd.wasm.js(166,484): error TS2339: Property '_emscripten_bind_TessBaseAPI_GetUnichar_1' does not exist on type '{}'.
vendor/tesseract/tesseract-core-simd.wasm.js(167,22): error TS7005: Variable 'b' implicitly has an 'any' type.
vendor/tesseract/tesseract-core-simd.wasm.js(167,66): error TS7005: Variable 'b' implicitly has an 'any' type.
vendor/tesseract/tesseract-core-simd.wasm.js(167,104): error TS2339: Property '_emscripten_bind_TessBaseAPI_GetDawg_1' does not exist on type '{}'.
vendor/tesseract/tesseract-core-simd.wasm.js(167,164): error TS7005: Variable 'b' implicitly has an 'any' type.
vendor/tesseract/tesseract-core-simd.wasm.js(167,205): error TS7005: Variable 'b' implicitly has an 'any' type.
vendor/tesseract/tesseract-core-simd.wasm.js(167,243): error TS2339: Property '_emscripten_bind_TessBaseAPI_NumDawgs_0' does not exist on type '{}'.
vendor/tesseract/tesseract-core-simd.wasm.js(167,304): error TS7005: Variable 'b' implicitly has an 'any' type.
vendor/tesseract/tesseract-core-simd.wasm.js(167,346): error TS7005: Variable 'b' implicitly has an 'any' type.
vendor/tesseract/tesseract-core-simd.wasm.js(167,384): error TS2339: Property '_emscripten_bind_TessBaseAPI_oem_0' does not exist on type '{}'.
vendor/tesseract/tesseract-core-simd.wasm.js(167,440): error TS7005: Variable 'b' implicitly has an 'any' type.
vendor/tesseract/tesseract-core-simd.wasm.js(167,477): error TS7005: Variable 'b' implicitly has an 'any' type.
vendor/tesseract/tesseract-core-simd.wasm.js(168,6): error TS2339: Property '_emscripten_bind_TessBaseAPI___destroy___0' does not exist on type '{}'.
vendor/tesseract/tesseract-core-simd.wasm.js(168,70): error TS7005: Variable 'b' implicitly has an 'any' type.
vendor/tesseract/tesseract-core-simd.wasm.js(168,115): error TS7005: Variable 'b' implicitly has an 'any' type.
vendor/tesseract/tesseract-core-simd.wasm.js(168,153): error TS2339: Property '_emscripten_bind_OSResults_OSResults_0' does not exist on type '{}'.
vendor/tesseract/tesseract-core-simd.wasm.js(168,213): error TS7005: Variable 'b' implicitly has an 'any' type.
vendor/tesseract/tesseract-core-simd.wasm.js(168,254): error TS7005: Variable 'b' implicitly has an 'any' type.
vendor/tesseract/tesseract-core-simd.wasm.js(168,292): error TS2339: Property '_emscripten_bind_OSResults_print_scores_0' does not exist on type '{}'.
vendor/tesseract/tesseract-core-simd.wasm.js(168,355): error TS7005: Variable 'b' implicitly has an 'any' type.
vendor/tesseract/tesseract-core-simd.wasm.js(168,399): error TS7005: Variable 'b' implicitly has an 'any' type.
vendor/tesseract/tesseract-core-simd.wasm.js(168,437): error TS2339: Property '_emscripten_bind_OSResults_get_best_result_0' does not exist on type '{}'.
vendor/tesseract/tesseract-core-simd.wasm.js(169,1): error TS7005: Variable 'b' implicitly has an 'any' type.
vendor/tesseract/tesseract-core-simd.wasm.js(169,48): error TS7005: Variable 'b' implicitly has an 'any' type.
vendor/tesseract/tesseract-core-simd.wasm.js(169,86): error TS2339: Property '_emscripten_bind_OSResults_get_unicharset_0' does not exist on type '{}'.
vendor/tesseract/tesseract-core-simd.wasm.js(169,151): error TS7005: Variable 'b' implicitly has an 'any' type.
vendor/tesseract/tesseract-core-simd.wasm.js(169,197): error TS7005: Variable 'b' implicitly has an 'any' type.
vendor/tesseract/tesseract-core-simd.wasm.js(169,235): error TS2339: Property '_emscripten_bind_OSResults___destroy___0' does not exist on type '{}'.
vendor/tesseract/tesseract-core-simd.wasm.js(169,297): error TS7005: Variable 'b' implicitly has an 'any' type.
vendor/tesseract/tesseract-core-simd.wasm.js(169,340): error TS7005: Variable 'b' implicitly has an 'any' type.
vendor/tesseract/tesseract-core-simd.wasm.js(169,378): error TS2339: Property '_emscripten_bind_Pixa_get_n_0' does not exist on type '{}'.
vendor/tesseract/tesseract-core-simd.wasm.js(169,429): error TS7005: Variable 'b' implicitly has an 'any' type.
vendor/tesseract/tesseract-core-simd.wasm.js(169,461): error TS7005: Variable 'b' implicitly has an 'any' type.
vendor/tesseract/tesseract-core-simd.wasm.js(169,499): error TS2339: Property '_emscripten_bind_Pixa_get_nalloc_0' does not exist on type '{}'.
vendor/tesseract/tesseract-core-simd.wasm.js(170,22): error TS7005: Variable 'b' implicitly has an 'any' type.
vendor/tesseract/tesseract-core-simd.wasm.js(170,59): error TS7005: Variable 'b' implicitly has an 'any' type.
vendor/tesseract/tesseract-core-simd.wasm.js(170,97): error TS2339: Property '_emscripten_bind_Pixa_get_refcount_0' does not exist on type '{}'.
vendor/tesseract/tesseract-core-simd.wasm.js(170,155): error TS7005: Variable 'b' implicitly has an 'any' type.
vendor/tesseract/tesseract-core-simd.wasm.js(170,194): error TS7005: Variable 'b' implicitly has an 'any' type.
vendor/tesseract/tesseract-core-simd.wasm.js(170,232): error TS2339: Property '_emscripten_bind_Pixa_get_pix_0' does not exist on type '{}'.
vendor/tesseract/tesseract-core-simd.wasm.js(170,285): error TS7005: Variable 'b' implicitly has an 'any' type.
vendor/tesseract/tesseract-core-simd.wasm.js(170,319): error TS7005: Variable 'b' implicitly has an 'any' type.
vendor/tesseract/tesseract-core-simd.wasm.js(170,357): error TS2339: Property '_emscripten_bind_Pixa_get_boxa_0' does not exist on type '{}'.
vendor/tesseract/tesseract-core-simd.wasm.js(170,411): error TS7005: Variable 'b' implicitly has an 'any' type.
vendor/tesseract/tesseract-core-simd.wasm.js(170,446): error TS7005: Variable 'b' implicitly has an 'any' type.
vendor/tesseract/tesseract-core-simd.wasm.js(170,484): error TS2339: Property '_emscripten_bind_Pixa___destroy___0' does not exist on type '{}'.
vendor/tesseract/tesseract-core-simd.wasm.js(171,22): error TS7005: Variable 'b' implicitly has an 'any' type.
vendor/tesseract/tesseract-core-simd.wasm.js(171,60): error TS7005: Variable 'b' implicitly has an 'any' type.
vendor/tesseract/tesseract-core-simd.wasm.js(171,98): error TS2339: Property '_emscripten_enum_PageIteratorLevel_RIL_BLOCK' does not exist on type '{}'.
vendor/tesseract/tesseract-core-simd.wasm.js(171,164): error TS7005: Variable 'b' implicitly has an 'any' type.
vendor/tesseract/tesseract-core-simd.wasm.js(171,211): error TS7005: Variable 'b' implicitly has an 'any' type.
vendor/tesseract/tesseract-core-simd.wasm.js(171,249): error TS2339: Property '_emscripten_enum_PageIteratorLevel_RIL_PARA' does not exist on type '{}'.
vendor/tesseract/tesseract-core-simd.wasm.js(171,314): error TS7005: Variable 'b' implicitly has an 'any' type.
vendor/tesseract/tesseract-core-simd.wasm.js(171,360): error TS7005: Variable 'b' implicitly has an 'any' type.
vendor/tesseract/tesseract-core-simd.wasm.js(171,398): error TS2339: Property '_emscripten_enum_PageIteratorLevel_RIL_TEXTLINE' does not exist on type '{}'.
vendor/tesseract/tesseract-core-simd.wasm.js(171,467): error TS7005: Variable 'b' implicitly has an 'any' type.
vendor/tesseract/tesseract-core-simd.wasm.js(172,1): error TS7005: Variable 'b' implicitly has an 'any' type.
vendor/tesseract/tesseract-core-simd.wasm.js(172,39): error TS2339: Property '_emscripten_enum_PageIteratorLevel_RIL_WORD' does not exist on type '{}'.
vendor/tesseract/tesseract-core-simd.wasm.js(172,104): error TS7005: Variable 'b' implicitly has an 'any' type.
vendor/tesseract/tesseract-core-simd.wasm.js(172,150): error TS7005: Variable 'b' implicitly has an 'any' type.
vendor/tesseract/tesseract-core-simd.wasm.js(172,188): error TS2339: Property '_emscripten_enum_PageIteratorLevel_RIL_SYMBOL' does not exist on type '{}'.
vendor/tesseract/tesseract-core-simd.wasm.js(172,255): error TS7005: Variable 'b' implicitly has an 'any' type.
vendor/tesseract/tesseract-core-simd.wasm.js(172,303): error TS7005: Variable 'b' implicitly has an 'any' type.
vendor/tesseract/tesseract-core-simd.wasm.js(172,341): error TS2339: Property '_emscripten_enum_OcrEngineMode_OEM_TESSERACT_ONLY' does not exist on type '{}'.
vendor/tesseract/tesseract-core-simd.wasm.js(172,412): error TS7005: Variable 'b' implicitly has an 'any' type.
vendor/tesseract/tesseract-core-simd.wasm.js(172,464): error TS7005: Variable 'b' implicitly has an 'any' type.
vendor/tesseract/tesseract-core-simd.wasm.js(172,502): error TS2339: Property '_emscripten_enum_OcrEngineMode_OEM_LSTM_ONLY' does not exist on type '{}'.
vendor/tesseract/tesseract-core-simd.wasm.js(173,22): error TS7005: Variable 'b' implicitly has an 'any' type.
vendor/tesseract/tesseract-core-simd.wasm.js(173,69): error TS7005: Variable 'b' implicitly has an 'any' type.
vendor/tesseract/tesseract-core-simd.wasm.js(173,107): error TS2339: Property '_emscripten_enum_OcrEngineMode_OEM_TESSERACT_LSTM_COMBINED' does not exist on type '{}'.
vendor/tesseract/tesseract-core-simd.wasm.js(173,187): error TS7005: Variable 'b' implicitly has an 'any' type.
vendor/tesseract/tesseract-core-simd.wasm.js(173,248): error TS7005: Variable 'b' implicitly has an 'any' type.
vendor/tesseract/tesseract-core-simd.wasm.js(173,286): error TS2339: Property '_emscripten_enum_OcrEngineMode_OEM_DEFAULT' does not exist on type '{}'.
vendor/tesseract/tesseract-core-simd.wasm.js(173,350): error TS7005: Variable 'b' implicitly has an 'any' type.
vendor/tesseract/tesseract-core-simd.wasm.js(173,395): error TS7005: Variable 'b' implicitly has an 'any' type.
vendor/tesseract/tesseract-core-simd.wasm.js(173,433): error TS2339: Property '_emscripten_enum_OcrEngineMode_OEM_COUNT' does not exist on type '{}'.
vendor/tesseract/tesseract-core-simd.wasm.js(173,495): error TS7005: Variable 'b' implicitly has an 'any' type.
vendor/tesseract/tesseract-core-simd.wasm.js(174,1): error TS7005: Variable 'b' implicitly has an 'any' type.
vendor/tesseract/tesseract-core-simd.wasm.js(174,39): error TS2339: Property '_emscripten_enum_WritingDirection__WRITING_DIRECTION_LEFT_TO_RIGHT' does not exist on type '{}'.
vendor/tesseract/tesseract-core-simd.wasm.js(174,127): error TS7005: Variable 'b' implicitly has an 'any' type.
vendor/tesseract/tesseract-core-simd.wasm.js(174,196): error TS7005: Variable 'b' implicitly has an 'any' type.
vendor/tesseract/tesseract-core-simd.wasm.js(174,234): error TS2339: Property '_emscripten_enum_WritingDirection__WRITING_DIRECTION_RIGHT_TO_LEFT' does not exist on type '{}'.
vendor/tesseract/tesseract-core-simd.wasm.js(174,322): error TS7005: Variable 'b' implicitly has an 'any' type.
vendor/tesseract/tesseract-core-simd.wasm.js(174,391): error TS7005: Variable 'b' implicitly has an 'any' type.
vendor/tesseract/tesseract-core-simd.wasm.js(174,429): error TS2339: Property '_emscripten_enum_WritingDirection__WRITING_DIRECTION_TOP_TO_BOTTOM' does not exist on type '{}'.
vendor/tesseract/tesseract-core-simd.wasm.js(175,1): error TS7005: Variable 'b' implicitly has an 'any' type.
vendor/tesseract/tesseract-core-simd.wasm.js(175,70): error TS7005: Variable 'b' implicitly has an 'any' type.
vendor/tesseract/tesseract-core-simd.wasm.js(175,108): error TS2339: Property '_emscripten_enum_PolyBlockType_PT_UNKNOWN' does not exist on type '{}'.
vendor/tesseract/tesseract-core-simd.wasm.js(175,171): error TS7005: Variable 'b' implicitly has an 'any' type.
vendor/tesseract/tesseract-core-simd.wasm.js(175,215): error TS7005: Variable 'b' implicitly has an 'any' type.
vendor/tesseract/tesseract-core-simd.wasm.js(175,253): error TS2339: Property '_emscripten_enum_PolyBlockType_PT_FLOWING_TEXT' does not exist on type '{}'.
vendor/tesseract/tesseract-core-simd.wasm.js(175,321): error TS7005: Variable 'b' implicitly has an 'any' type.
vendor/tesseract/tesseract-core-simd.wasm.js(175,370): error TS7005: Variable 'b' implicitly has an 'any' type.
vendor/tesseract/tesseract-core-simd.wasm.js(175,408): error TS2339: Property '_emscripten_enum_PolyBlockType_PT_HEADING_TEXT' does not exist on type '{}'.
vendor/tesseract/tesseract-core-simd.wasm.js(175,476): error TS7005: Variable 'b' implicitly has an 'any' type.
vendor/tesseract/tesseract-core-simd.wasm.js(176,1): error TS7005: Variable 'b' implicitly has an 'any' type.
vendor/tesseract/tesseract-core-simd.wasm.js(176,39): error TS2339: Property '_emscripten_enum_PolyBlockType_PT_PULLOUT_TEXT' does not exist on type '{}'.
vendor/tesseract/tesseract-core-simd.wasm.js(176,107): error TS7005: Variable 'b' implicitly has an 'any' type.
vendor/tesseract/tesseract-core-simd.wasm.js(176,156): error TS7005: Variable 'b' implicitly has an 'any' type.
vendor/tesseract/tesseract-core-simd.wasm.js(176,194): error TS2339: Property '_emscripten_enum_PolyBlockType_PT_EQUATION' does not exist on type '{}'.
vendor/tesseract/tesseract-core-simd.wasm.js(176,258): error TS7005: Variable 'b' implicitly has an 'any' type.
vendor/tesseract/tesseract-core-simd.wasm.js(176,303): error TS7005: Variable 'b' implicitly has an 'any' type.
vendor/tesseract/tesseract-core-simd.wasm.js(176,341): error TS2339: Property '_emscripten_enum_PolyBlockType_PT_INLINE_EQUATION' does not exist on type '{}'.
vendor/tesseract/tesseract-core-simd.wasm.js(176,412): error TS7005: Variable 'b' implicitly has an 'any' type.
vendor/tesseract/tesseract-core-simd.wasm.js(176,464): error TS7005: Variable 'b' implicitly has an 'any' type.
vendor/tesseract/tesseract-core-simd.wasm.js(176,502): error TS2339: Property '_emscripten_enum_PolyBlockType_PT_TABLE' does not exist on type '{}'.
vendor/tesseract/tesseract-core-simd.wasm.js(177,22): error TS7005: Variable 'b' implicitly has an 'any' type.
vendor/tesseract/tesseract-core-simd.wasm.js(177,64): error TS7005: Variable 'b' implicitly has an 'any' type.
vendor/tesseract/tesseract-core-simd.wasm.js(177,102): error TS2339: Property '_emscripten_enum_PolyBlockType_PT_VERTICAL_TEXT' does not exist on type '{}'.
vendor/tesseract/tesseract-core-simd.wasm.js(177,171): error TS7005: Variable 'b' implicitly has an 'any' type.
vendor/tesseract/tesseract-core-simd.wasm.js(177,221): error TS7005: Variable 'b' implicitly has an 'any' type.
vendor/tesseract/tesseract-core-simd.wasm.js(177,259): error TS2339: Property '_emscripten_enum_PolyBlockType_PT_CAPTION_TEXT' does not exist on type '{}'.
vendor/tesseract/tesseract-core-simd.wasm.js(177,327): error TS7005: Variable 'b' implicitly has an 'any' type.
vendor/tesseract/tesseract-core-simd.wasm.js(177,376): error TS7005: Variable 'b' implicitly has an 'any' type.
vendor/tesseract/tesseract-core-simd.wasm.js(177,414): error TS2339: Property '_emscripten_enum_PolyBlockType_PT_FLOWING_IMAGE' does not exist on type '{}'.
vendor/tesseract/tesseract-core-simd.wasm.js(177,483): error TS7005: Variable 'b' implicitly has an 'any' type.
vendor/tesseract/tesseract-core-simd.wasm.js(178,1): error TS7005: Variable 'b' implicitly has an 'any' type.
vendor/tesseract/tesseract-core-simd.wasm.js(178,39): error TS2339: Property '_emscripten_enum_PolyBlockType_PT_HEADING_IMAGE' does not exist on type '{}'.
vendor/tesseract/tesseract-core-simd.wasm.js(178,108): error TS7005: Variable 'b' implicitly has an 'any' type.
vendor/tesseract/tesseract-core-simd.wasm.js(178,158): error TS7005: Variable 'b' implicitly has an 'any' type.
vendor/tesseract/tesseract-core-simd.wasm.js(178,196): error TS2339: Property '_emscripten_enum_PolyBlockType_PT_PULLOUT_IMAGE' does not exist on type '{}'.
vendor/tesseract/tesseract-core-simd.wasm.js(178,265): error TS7005: Variable 'b' implicitly has an 'any' type.
vendor/tesseract/tesseract-core-simd.wasm.js(178,315): error TS7005: Variable 'b' implicitly has an 'any' type.
vendor/tesseract/tesseract-core-simd.wasm.js(178,353): error TS2339: Property '_emscripten_enum_PolyBlockType_PT_HORZ_LINE' does not exist on type '{}'.
vendor/tesseract/tesseract-core-simd.wasm.js(178,418): error TS7005: Variable 'b' implicitly has an 'any' type.
vendor/tesseract/tesseract-core-simd.wasm.js(178,464): error TS7005: Variable 'b' implicitly has an 'any' type.
vendor/tesseract/tesseract-core-simd.wasm.js(178,502): error TS2339: Property '_emscripten_enum_PolyBlockType_PT_VERT_LINE' does not exist on type '{}'.
vendor/tesseract/tesseract-core-simd.wasm.js(179,22): error TS7005: Variable 'b' implicitly has an 'any' type.
vendor/tesseract/tesseract-core-simd.wasm.js(179,68): error TS7005: Variable 'b' implicitly has an 'any' type.
vendor/tesseract/tesseract-core-simd.wasm.js(179,106): error TS2339: Property '_emscripten_enum_PolyBlockType_PT_NOISE' does not exist on type '{}'.
vendor/tesseract/tesseract-core-simd.wasm.js(179,167): error TS7005: Variable 'b' implicitly has an 'any' type.
vendor/tesseract/tesseract-core-simd.wasm.js(179,209): error TS7005: Variable 'b' implicitly has an 'any' type.
vendor/tesseract/tesseract-core-simd.wasm.js(179,247): error TS2339: Property '_emscripten_enum_PolyBlockType_PT_COUNT' does not exist on type '{}'.
vendor/tesseract/tesseract-core-simd.wasm.js(179,308): error TS7005: Variable 'b' implicitly has an 'any' type.
vendor/tesseract/tesseract-core-simd.wasm.js(179,350): error TS7005: Variable 'b' implicitly has an 'any' type.
vendor/tesseract/tesseract-core-simd.wasm.js(179,388): error TS2339: Property '_emscripten_enum_StrongScriptDirection_DIR_NEUTRAL' does not exist on type '{}'.
vendor/tesseract/tesseract-core-simd.wasm.js(179,460): error TS7005: Variable 'b' implicitly has an 'any' type.
vendor/tesseract/tesseract-core-simd.wasm.js(180,1): error TS7005: Variable 'b' implicitly has an 'any' type.
vendor/tesseract/tesseract-core-simd.wasm.js(180,39): error TS2339: Property '_emscripten_enum_StrongScriptDirection_DIR_LEFT_TO_RIGHT' does not exist on type '{}'.
vendor/tesseract/tesseract-core-simd.wasm.js(180,117): error TS7005: Variable 'b' implicitly has an 'any' type.
vendor/tesseract/tesseract-core-simd.wasm.js(180,176): error TS7005: Variable 'b' implicitly has an 'any' type.
vendor/tesseract/tesseract-core-simd.wasm.js(180,214): error TS2339: Property '_emscripten_enum_StrongScriptDirection_DIR_RIGHT_TO_LEFT' does not exist on type '{}'.
vendor/tesseract/tesseract-core-simd.wasm.js(180,292): error TS7005: Variable 'b' implicitly has an 'any' type.
vendor/tesseract/tesseract-core-simd.wasm.js(180,351): error TS7005: Variable 'b' implicitly has an 'any' type.
vendor/tesseract/tesseract-core-simd.wasm.js(180,389): error TS2339: Property '_emscripten_enum_StrongScriptDirection_DIR_MIX' does not exist on type '{}'.
vendor/tesseract/tesseract-core-simd.wasm.js(180,457): error TS7005: Variable 'b' implicitly has an 'any' type.
vendor/tesseract/tesseract-core-simd.wasm.js(181,1): error TS7005: Variable 'b' implicitly has an 'any' type.
vendor/tesseract/tesseract-core-simd.wasm.js(181,39): error TS2339: Property '_emscripten_enum_ParagraphJustification__JUSTIFICATION_UNKNOWN' does not exist on type '{}'.
vendor/tesseract/tesseract-core-simd.wasm.js(181,123): error TS7005: Variable 'b' implicitly has an 'any' type.
vendor/tesseract/tesseract-core-simd.wasm.js(181,188): error TS7005: Variable 'b' implicitly has an 'any' type.
vendor/tesseract/tesseract-core-simd.wasm.js(181,226): error TS2339: Property '_emscripten_enum_ParagraphJustification__JUSTIFICATION_LEFT' does not exist on type '{}'.
vendor/tesseract/tesseract-core-simd.wasm.js(181,307): error TS7005: Variable 'b' implicitly has an 'any' type.
vendor/tesseract/tesseract-core-simd.wasm.js(181,369): error TS7005: Variable 'b' implicitly has an 'any' type.
vendor/tesseract/tesseract-core-simd.wasm.js(181,407): error TS2339: Property '_emscripten_enum_ParagraphJustification__JUSTIFICATION_CENTER' does not exist on type '{}'.
vendor/tesseract/tesseract-core-simd.wasm.js(181,490): error TS7005: Variable 'b' implicitly has an 'any' type.
vendor/tesseract/tesseract-core-simd.wasm.js(182,1): error TS7005: Variable 'b' implicitly has an 'any' type.
vendor/tesseract/tesseract-core-simd.wasm.js(182,39): error TS2339: Property '_emscripten_enum_ParagraphJustification__JUSTIFICATION_RIGHT' does not exist on type '{}'.
vendor/tesseract/tesseract-core-simd.wasm.js(182,121): error TS7005: Variable 'b' implicitly has an 'any' type.
vendor/tesseract/tesseract-core-simd.wasm.js(182,184): error TS7005: Variable 'b' implicitly has an 'any' type.
vendor/tesseract/tesseract-core-simd.wasm.js(182,222): error TS2339: Property '_emscripten_enum_TextlineOrder__TEXTLINE_ORDER_LEFT_TO_RIGHT' does not exist on type '{}'.
vendor/tesseract/tesseract-core-simd.wasm.js(182,304): error TS7005: Variable 'b' implicitly has an 'any' type.
vendor/tesseract/tesseract-core-simd.wasm.js(182,367): error TS7005: Variable 'b' implicitly has an 'any' type.
vendor/tesseract/tesseract-core-simd.wasm.js(182,405): error TS2339: Property '_emscripten_enum_TextlineOrder__TEXTLINE_ORDER_RIGHT_TO_LEFT' does not exist on type '{}'.
vendor/tesseract/tesseract-core-simd.wasm.js(182,487): error TS7005: Variable 'b' implicitly has an 'any' type.
vendor/tesseract/tesseract-core-simd.wasm.js(183,1): error TS7005: Variable 'b' implicitly has an 'any' type.
vendor/tesseract/tesseract-core-simd.wasm.js(183,39): error TS2339: Property '_emscripten_enum_TextlineOrder__TEXTLINE_ORDER_TOP_TO_BOTTOM' does not exist on type '{}'.
vendor/tesseract/tesseract-core-simd.wasm.js(183,121): error TS7005: Variable 'b' implicitly has an 'any' type.
vendor/tesseract/tesseract-core-simd.wasm.js(183,184): error TS7005: Variable 'b' implicitly has an 'any' type.
vendor/tesseract/tesseract-core-simd.wasm.js(183,222): error TS2339: Property '_emscripten_enum_Orientation__ORIENTATION_PAGE_UP' does not exist on type '{}'.
vendor/tesseract/tesseract-core-simd.wasm.js(183,293): error TS7005: Variable 'b' implicitly has an 'any' type.
vendor/tesseract/tesseract-core-simd.wasm.js(183,345): error TS7005: Variable 'b' implicitly has an 'any' type.
vendor/tesseract/tesseract-core-simd.wasm.js(183,383): error TS2339: Property '_emscripten_enum_Orientation__ORIENTATION_PAGE_RIGHT' does not exist on type '{}'.
vendor/tesseract/tesseract-core-simd.wasm.js(183,457): error TS7005: Variable 'b' implicitly has an 'any' type.
vendor/tesseract/tesseract-core-simd.wasm.js(184,1): error TS7005: Variable 'b' implicitly has an 'any' type.
vendor/tesseract/tesseract-core-simd.wasm.js(184,39): error TS2339: Property '_emscripten_enum_Orientation__ORIENTATION_PAGE_DOWN' does not exist on type '{}'.
vendor/tesseract/tesseract-core-simd.wasm.js(184,112): error TS7005: Variable 'b' implicitly has an 'any' type.
vendor/tesseract/tesseract-core-simd.wasm.js(184,166): error TS7005: Variable 'b' implicitly has an 'any' type.
vendor/tesseract/tesseract-core-simd.wasm.js(184,204): error TS2339: Property '_emscripten_enum_Orientation__ORIENTATION_PAGE_LEFT' does not exist on type '{}'.
vendor/tesseract/tesseract-core-simd.wasm.js(184,277): error TS7005: Variable 'b' implicitly has an 'any' type.
vendor/tesseract/tesseract-core-simd.wasm.js(184,331): error TS7005: Variable 'b' implicitly has an 'any' type.
vendor/tesseract/tesseract-core-simd.wasm.js(184,369): error TS2339: Property '_emscripten_enum_PageSegMode_PSM_OSD_ONLY' does not exist on type '{}'.
vendor/tesseract/tesseract-core-simd.wasm.js(184,432): error TS7005: Variable 'b' implicitly has an 'any' type.
vendor/tesseract/tesseract-core-simd.wasm.js(184,476): error TS7005: Variable 'b' implicitly has an 'any' type.
vendor/tesseract/tesseract-core-simd.wasm.js(185,6): error TS2339: Property '_emscripten_enum_PageSegMode_PSM_AUTO_OSD' does not exist on type '{}'.
vendor/tesseract/tesseract-core-simd.wasm.js(185,69): error TS7005: Variable 'b' implicitly has an 'any' type.
vendor/tesseract/tesseract-core-simd.wasm.js(185,113): error TS7005: Variable 'b' implicitly has an 'any' type.
vendor/tesseract/tesseract-core-simd.wasm.js(185,151): error TS2339: Property '_emscripten_enum_PageSegMode_PSM_AUTO_ONLY' does not exist on type '{}'.
vendor/tesseract/tesseract-core-simd.wasm.js(185,215): error TS7005: Variable 'b' implicitly has an 'any' type.
vendor/tesseract/tesseract-core-simd.wasm.js(185,260): error TS7005: Variable 'b' implicitly has an 'any' type.
vendor/tesseract/tesseract-core-simd.wasm.js(185,298): error TS2339: Property '_emscripten_enum_PageSegMode_PSM_AUTO' does not exist on type '{}'.
vendor/tesseract/tesseract-core-simd.wasm.js(185,357): error TS7005: Variable 'b' implicitly has an 'any' type.
vendor/tesseract/tesseract-core-simd.wasm.js(185,397): error TS7005: Variable 'b' implicitly has an 'any' type.
vendor/tesseract/tesseract-core-simd.wasm.js(185,435): error TS2339: Property '_emscripten_enum_PageSegMode_PSM_SINGLE_COLUMN' does not exist on type '{}'.
vendor/tesseract/tesseract-core-simd.wasm.js(186,1): error TS7005: Variable 'b' implicitly has an 'any' type.
vendor/tesseract/tesseract-core-simd.wasm.js(186,50): error TS7005: Variable 'b' implicitly has an 'any' type.
vendor/tesseract/tesseract-core-simd.wasm.js(186,88): error TS2339: Property '_emscripten_enum_PageSegMode_PSM_SINGLE_BLOCK_VERT_TEXT' does not exist on type '{}'.
vendor/tesseract/tesseract-core-simd.wasm.js(186,165): error TS7005: Variable 'b' implicitly has an 'any' type.
vendor/tesseract/tesseract-core-simd.wasm.js(186,223): error TS7005: Variable 'b' implicitly has an 'any' type.
vendor/tesseract/tesseract-core-simd.wasm.js(186,261): error TS2339: Property '_emscripten_enum_PageSegMode_PSM_SINGLE_BLOCK' does not exist on type '{}'.
vendor/tesseract/tesseract-core-simd.wasm.js(186,328): error TS7005: Variable 'b' implicitly has an 'any' type.
vendor/tesseract/tesseract-core-simd.wasm.js(186,376): error TS7005: Variable 'b' implicitly has an 'any' type.
vendor/tesseract/tesseract-core-simd.wasm.js(186,414): error TS2339: Property '_emscripten_enum_PageSegMode_PSM_SINGLE_LINE' does not exist on type '{}'.
vendor/tesseract/tesseract-core-simd.wasm.js(186,480): error TS7005: Variable 'b' implicitly has an 'any' type.
vendor/tesseract/tesseract-core-simd.wasm.js(187,1): error TS7005: Variable 'b' implicitly has an 'any' type.
vendor/tesseract/tesseract-core-simd.wasm.js(187,39): error TS2339: Property '_emscripten_enum_PageSegMode_PSM_SINGLE_WORD' does not exist on type '{}'.
vendor/tesseract/tesseract-core-simd.wasm.js(187,105): error TS7005: Variable 'b' implicitly has an 'any' type.
vendor/tesseract/tesseract-core-simd.wasm.js(187,152): error TS7005: Variable 'b' implicitly has an 'any' type.
vendor/tesseract/tesseract-core-simd.wasm.js(187,190): error TS2339: Property '_emscripten_enum_PageSegMode_PSM_CIRCLE_WORD' does not exist on type '{}'.
vendor/tesseract/tesseract-core-simd.wasm.js(187,256): error TS7005: Variable 'b' implicitly has an 'any' type.
vendor/tesseract/tesseract-core-simd.wasm.js(187,303): error TS7005: Variable 'b' implicitly has an 'any' type.
vendor/tesseract/tesseract-core-simd.wasm.js(187,341): error TS2339: Property '_emscripten_enum_PageSegMode_PSM_SINGLE_CHAR' does not exist on type '{}'.
vendor/tesseract/tesseract-core-simd.wasm.js(187,407): error TS7005: Variable 'b' implicitly has an 'any' type.
vendor/tesseract/tesseract-core-simd.wasm.js(187,454): error TS7005: Variable 'b' implicitly has an 'any' type.
vendor/tesseract/tesseract-core-simd.wasm.js(187,492): error TS2339: Property '_emscripten_enum_PageSegMode_PSM_SPARSE_TEXT' does not exist on type '{}'.
vendor/tesseract/tesseract-core-simd.wasm.js(188,22): error TS7005: Variable 'b' implicitly has an 'any' type.
vendor/tesseract/tesseract-core-simd.wasm.js(188,69): error TS7005: Variable 'b' implicitly has an 'any' type.
vendor/tesseract/tesseract-core-simd.wasm.js(188,107): error TS2339: Property '_emscripten_enum_PageSegMode_PSM_SPARSE_TEXT_OSD' does not exist on type '{}'.
vendor/tesseract/tesseract-core-simd.wasm.js(188,177): error TS7005: Variable 'b' implicitly has an 'any' type.
vendor/tesseract/tesseract-core-simd.wasm.js(188,228): error TS7005: Variable 'b' implicitly has an 'any' type.
vendor/tesseract/tesseract-core-simd.wasm.js(188,266): error TS2339: Property '_emscripten_enum_PageSegMode_PSM_RAW_LINE' does not exist on type '{}'.
vendor/tesseract/tesseract-core-simd.wasm.js(188,329): error TS7005: Variable 'b' implicitly has an 'any' type.
vendor/tesseract/tesseract-core-simd.wasm.js(188,373): error TS7005: Variable 'b' implicitly has an 'any' type.
vendor/tesseract/tesseract-core-simd.wasm.js(188,411): error TS2339: Property '_emscripten_enum_PageSegMode_PSM_COUNT' does not exist on type '{}'.
vendor/tesseract/tesseract-core-simd.wasm.js(188,471): error TS7005: Variable 'b' implicitly has an 'any' type.
vendor/tesseract/tesseract-core-simd.wasm.js(189,1): error TS7005: Variable 'b' implicitly has an 'any' type.
vendor/tesseract/tesseract-core-simd.wasm.js(189,36): error TS2339: Property '_pixDestroy' does not exist on type '{}'.
vendor/tesseract/tesseract-core-simd.wasm.js(189,66): error TS7005: Variable 'b' implicitly has an 'any' type.
vendor/tesseract/tesseract-core-simd.wasm.js(189,80): error TS7005: Variable 'b' implicitly has an 'any' type.
vendor/tesseract/tesseract-core-simd.wasm.js(189,115): error TS2339: Property '_ptaDestroy' does not exist on type '{}'.
vendor/tesseract/tesseract-core-simd.wasm.js(189,145): error TS7005: Variable 'b' implicitly has an 'any' type.
vendor/tesseract/tesseract-core-simd.wasm.js(189,159): error TS7005: Variable 'b' implicitly has an 'any' type.
vendor/tesseract/tesseract-core-simd.wasm.js(189,194): error TS2339: Property '_pixaDestroy' does not exist on type '{}'.
vendor/tesseract/tesseract-core-simd.wasm.js(189,225): error TS7005: Variable 'b' implicitly has an 'any' type.
vendor/tesseract/tesseract-core-simd.wasm.js(189,240): error TS7005: Variable 'b' implicitly has an 'any' type.
vendor/tesseract/tesseract-core-simd.wasm.js(189,275): error TS2339: Property '_boxaDestroy' does not exist on type '{}'.
vendor/tesseract/tesseract-core-simd.wasm.js(189,306): error TS7005: Variable 'b' implicitly has an 'any' type.
vendor/tesseract/tesseract-core-simd.wasm.js(189,321): error TS7005: Variable 'b' implicitly has an 'any' type.
vendor/tesseract/tesseract-core-simd.wasm.js(189,356): error TS2339: Property '_pixReadMem' does not exist on type '{}'.
vendor/tesseract/tesseract-core-simd.wasm.js(189,386): error TS7005: Variable 'b' implicitly has an 'any' type.
vendor/tesseract/tesseract-core-simd.wasm.js(189,400): error TS7005: Variable 'b' implicitly has an 'any' type.
vendor/tesseract/tesseract-core-simd.wasm.js(189,454): error TS2630: Cannot assign to 'Tb' because it is a function.
vendor/tesseract/tesseract-core-simd.wasm.js(189,457): error TS7005: Variable 'b' implicitly has an 'any' type.
vendor/tesseract/tesseract-core-simd.wasm.js(190,10): error TS2339: Property '_free' does not exist on type '{}'.
vendor/tesseract/tesseract-core-simd.wasm.js(190,37): error TS7005: Variable 'b' implicitly has an 'any' type.
vendor/tesseract/tesseract-core-simd.wasm.js(190,45): error TS7005: Variable 'b' implicitly has an 'any' type.
vendor/tesseract/tesseract-core-simd.wasm.js(190,83): error TS2339: Property '_malloc' does not exist on type '{}'.
vendor/tesseract/tesseract-core-simd.wasm.js(190,112): error TS7005: Variable 'b' implicitly has an 'any' type.
vendor/tesseract/tesseract-core-simd.wasm.js(190,122): error TS7005: Variable 'b' implicitly has an 'any' type.
vendor/tesseract/tesseract-core-simd.wasm.js(190,157): error TS2339: Property '_pixReadHeaderMem' does not exist on type '{}'.
vendor/tesseract/tesseract-core-simd.wasm.js(190,193): error TS7005: Variable 'b' implicitly has an 'any' type.
vendor/tesseract/tesseract-core-simd.wasm.js(190,213): error TS7005: Variable 'b' implicitly has an 'any' type.
vendor/tesseract/tesseract-core-simd.wasm.js(190,266): error TS2630: Cannot assign to 'C' because it is a function.
vendor/tesseract/tesseract-core-simd.wasm.js(190,268): error TS7005: Variable 'b' implicitly has an 'any' type.
vendor/tesseract/tesseract-core-simd.wasm.js(190,320): error TS2630: Cannot assign to 'D' because it is a function.
vendor/tesseract/tesseract-core-simd.wasm.js(190,322): error TS7005: Variable 'b' implicitly has an 'any' type.
vendor/tesseract/tesseract-core-simd.wasm.js(190,356): error TS2339: Property '___emscripten_embedded_file_data' does not exist on type '{}'.
vendor/tesseract/tesseract-core-simd.wasm.js(190,408): error TS7006: Parameter 'a' implicitly has an 'any' type.
vendor/tesseract/tesseract-core-simd.wasm.js(190,410): error TS7006: Parameter 'c' implicitly has an 'any' type.
vendor/tesseract/tesseract-core-simd.wasm.js(190,412): error TS7006: Parameter 'd' implicitly has an 'any' type.
vendor/tesseract/tesseract-core-simd.wasm.js(190,414): error TS7006: Parameter 'e' implicitly has an 'any' type.
vendor/tesseract/tesseract-core-simd.wasm.js(190,472): error TS18046: 'h' is of type 'unknown'.
vendor/tesseract/tesseract-core-simd.wasm.js(191,13): error TS7006: Parameter 'a' implicitly has an 'any' type.
vendor/tesseract/tesseract-core-simd.wasm.js(191,15): error TS7006: Parameter 'c' implicitly has an 'any' type.
vendor/tesseract/tesseract-core-simd.wasm.js(191,62): error TS18046: 'e' is of type 'unknown'.
vendor/tesseract/tesseract-core-simd.wasm.js(191,92): error TS7006: Parameter 'a' implicitly has an 'any' type.
vendor/tesseract/tesseract-core-simd.wasm.js(191,94): error TS7006: Parameter 'c' implicitly has an 'any' type.
vendor/tesseract/tesseract-core-simd.wasm.js(191,148): error TS18046: 'e' is of type 'unknown'.
vendor/tesseract/tesseract-core-simd.wasm.js(191,178): error TS7006: Parameter 'a' implicitly has an 'any' type.
vendor/tesseract/tesseract-core-simd.wasm.js(191,180): error TS7006: Parameter 'c' implicitly has an 'any' type.
vendor/tesseract/tesseract-core-simd.wasm.js(191,182): error TS7006: Parameter 'd' implicitly has an 'any' type.
vendor/tesseract/tesseract-core-simd.wasm.js(191,184): error TS7006: Parameter 'e' implicitly has an 'any' type.
vendor/tesseract/tesseract-core-simd.wasm.js(191,235): error TS18046: 'h' is of type 'unknown'.
vendor/tesseract/tesseract-core-simd.wasm.js(191,265): error TS7006: Parameter 'a' implicitly has an 'any' type.
vendor/tesseract/tesseract-core-simd.wasm.js(191,267): error TS7006: Parameter 'c' implicitly has an 'any' type.
vendor/tesseract/tesseract-core-simd.wasm.js(191,269): error TS7006: Parameter 'd' implicitly has an 'any' type.
vendor/tesseract/tesseract-core-simd.wasm.js(191,318): error TS18046: 'g' is of type 'unknown'.
vendor/tesseract/tesseract-core-simd.wasm.js(191,348): error TS7006: Parameter 'a' implicitly has an 'any' type.
vendor/tesseract/tesseract-core-simd.wasm.js(191,350): error TS7006: Parameter 'c' implicitly has an 'any' type.
vendor/tesseract/tesseract-core-simd.wasm.js(191,352): error TS7006: Parameter 'd' implicitly has an 'any' type.
vendor/tesseract/tesseract-core-simd.wasm.js(191,408): error TS18046: 'g' is of type 'unknown'.
vendor/tesseract/tesseract-core-simd.wasm.js(192,13): error TS7006: Parameter 'a' implicitly has an 'any' type.
vendor/tesseract/tesseract-core-simd.wasm.js(192,15): error TS7006: Parameter 'c' implicitly has an 'any' type.
vendor/tesseract/tesseract-core-simd.wasm.js(192,17): error TS7006: Parameter 'd' implicitly has an 'any' type.
vendor/tesseract/tesseract-core-simd.wasm.js(192,19): error TS7006: Parameter 'e' implicitly has an 'any' type.
vendor/tesseract/tesseract-core-simd.wasm.js(192,21): error TS7006: Parameter 'g' implicitly has an 'any' type.
vendor/tesseract/tesseract-core-simd.wasm.js(192,81): error TS18046: 'k' is of type 'unknown'.
vendor/tesseract/tesseract-core-simd.wasm.js(192,111): error TS7006: Parameter 'a' implicitly has an 'any' type.
vendor/tesseract/tesseract-core-simd.wasm.js(192,113): error TS7006: Parameter 'c' implicitly has an 'any' type.
vendor/tesseract/tesseract-core-simd.wasm.js(192,115): error TS7006: Parameter 'd' implicitly has an 'any' type.
vendor/tesseract/tesseract-core-simd.wasm.js(192,117): error TS7006: Parameter 'e' implicitly has an 'any' type.
vendor/tesseract/tesseract-core-simd.wasm.js(192,119): error TS7006: Parameter 'g' implicitly has an 'any' type.
vendor/tesseract/tesseract-core-simd.wasm.js(192,172): error TS18046: 'k' is of type 'unknown'.
vendor/tesseract/tesseract-core-simd.wasm.js(192,202): error TS7006: Parameter 'a' implicitly has an 'any' type.
vendor/tesseract/tesseract-core-simd.wasm.js(192,204): error TS7006: Parameter 'c' implicitly has an 'any' type.
vendor/tesseract/tesseract-core-simd.wasm.js(192,206): error TS7006: Parameter 'd' implicitly has an 'any' type.
vendor/tesseract/tesseract-core-simd.wasm.js(192,208): error TS7006: Parameter 'e' implicitly has an 'any' type.
vendor/tesseract/tesseract-core-simd.wasm.js(192,210): error TS7006: Parameter 'g' implicitly has an 'any' type.
vendor/tesseract/tesseract-core-simd.wasm.js(192,212): error TS7006: Parameter 'h' implicitly has an 'any' type.
vendor/tesseract/tesseract-core-simd.wasm.js(192,274): error TS18046: 'm' is of type 'unknown'.
vendor/tesseract/tesseract-core-simd.wasm.js(192,304): error TS7006: Parameter 'a' implicitly has an 'any' type.
vendor/tesseract/tesseract-core-simd.wasm.js(192,306): error TS7006: Parameter 'c' implicitly has an 'any' type.
vendor/tesseract/tesseract-core-simd.wasm.js(192,308): error TS7006: Parameter 'd' implicitly has an 'any' type.
vendor/tesseract/tesseract-core-simd.wasm.js(192,310): error TS7006: Parameter 'e' implicitly has an 'any' type.
vendor/tesseract/tesseract-core-simd.wasm.js(192,312): error TS7006: Parameter 'g' implicitly has an 'any' type.
vendor/tesseract/tesseract-core-simd.wasm.js(192,314): error TS7006: Parameter 'h' implicitly has an 'any' type.
vendor/tesseract/tesseract-core-simd.wasm.js(192,316): error TS7006: Parameter 'k' implicitly has an 'any' type.
vendor/tesseract/tesseract-core-simd.wasm.js(192,318): error TS7006: Parameter 'm' implicitly has an 'any' type.
vendor/tesseract/tesseract-core-simd.wasm.js(192,320): error TS7006: Parameter 'v' implicitly has an 'any' type.
vendor/tesseract/tesseract-core-simd.wasm.js(192,322): error TS7006: Parameter 'q' implicitly has an 'any' type.
vendor/tesseract/tesseract-core-simd.wasm.js(192,385): error TS18046: 'F' is of type 'unknown'.
vendor/tesseract/tesseract-core-simd.wasm.js(192,415): error TS7006: Parameter 'a' implicitly has an 'any' type.
vendor/tesseract/tesseract-core-simd.wasm.js(192,417): error TS7006: Parameter 'c' implicitly has an 'any' type.
vendor/tesseract/tesseract-core-simd.wasm.js(192,419): error TS7006: Parameter 'd' implicitly has an 'any' type.
vendor/tesseract/tesseract-core-simd.wasm.js(192,421): error TS7006: Parameter 'e' implicitly has an 'any' type.
vendor/tesseract/tesseract-core-simd.wasm.js(192,423): error TS7006: Parameter 'g' implicitly has an 'any' type.
vendor/tesseract/tesseract-core-simd.wasm.js(192,425): error TS7006: Parameter 'h' implicitly has an 'any' type.
vendor/tesseract/tesseract-core-simd.wasm.js(192,480): error TS18046: 'm' is of type 'unknown'.
vendor/tesseract/tesseract-core-simd.wasm.js(193,3): error TS2339: Property 'addRunDependency' does not exist on type '{}'.
vendor/tesseract/tesseract-core-simd.wasm.js(193,25): error TS2339: Property 'removeRunDependency' does not exist on type '{}'.
vendor/tesseract/tesseract-core-simd.wasm.js(193,50): error TS2339: Property 'FS_createPath' does not exist on type '{}'.
vendor/tesseract/tesseract-core-simd.wasm.js(193,71): error TS2339: Property 'FS_createDataFile' does not exist on type '{}'.
vendor/tesseract/tesseract-core-simd.wasm.js(193,96): error TS2339: Property 'FS_createLazyFile' does not exist on type '{}'.
vendor/tesseract/tesseract-core-simd.wasm.js(193,121): error TS2339: Property 'FS_createDevice' does not exist on type '{}'.
vendor/tesseract/tesseract-core-simd.wasm.js(193,144): error TS2339: Property 'FS_unlink' does not exist on type '{}'.
vendor/tesseract/tesseract-core-simd.wasm.js(193,165): error TS2339: Property 'setValue' does not exist on type '{}'.
vendor/tesseract/tesseract-core-simd.wasm.js(193,179): error TS2339: Property 'getValue' does not exist on type '{}'.
vendor/tesseract/tesseract-core-simd.wasm.js(193,193): error TS2339: Property 'FS_createPreloadedFile' does not exist on type '{}'.
vendor/tesseract/tesseract-core-simd.wasm.js(193,223): error TS2339: Property 'FS' does not exist on type '{}'.
vendor/tesseract/tesseract-core-simd.wasm.js(193,232): error TS7034: Variable 'Hh' implicitly has type 'any' in some locations where its type cannot be determined.
vendor/tesseract/tesseract-core-simd.wasm.js(193,252): error TS7005: Variable 'Hh' implicitly has an 'any' type.
vendor/tesseract/tesseract-core-simd.wasm.js(193,261): error TS7005: Variable 'Hh' implicitly has an 'any' type.
vendor/tesseract/tesseract-core-simd.wasm.js(194,32): error TS7005: Variable 'Hh' implicitly has an 'any' type.
vendor/tesseract/tesseract-core-simd.wasm.js(194,43): error TS7005: Variable 'b' implicitly has an 'any' type.
vendor/tesseract/tesseract-core-simd.wasm.js(194,70): error TS7005: Variable 'b' implicitly has an 'any' type.
vendor/tesseract/tesseract-core-simd.wasm.js(194,109): error TS7005: Variable 'Ba' implicitly has an 'any[]' type.
vendor/tesseract/tesseract-core-simd.wasm.js(194,113): error TS7005: Variable 'aa' implicitly has an 'any' type.
vendor/tesseract/tesseract-core-simd.wasm.js(194,116): error TS7005: Variable 'b' implicitly has an 'any' type.
vendor/tesseract/tesseract-core-simd.wasm.js(194,122): error TS7005: Variable 'b' implicitly has an 'any' type.
vendor/tesseract/tesseract-core-simd.wasm.js(194,145): error TS7005: Variable 'b' implicitly has an 'any' type.
vendor/tesseract/tesseract-core-simd.wasm.js(194,173): error TS7005: Variable 'b' implicitly has an 'any' type.
vendor/tesseract/tesseract-core-simd.wasm.js(194,206): error TS7005: Variable 'b' implicitly has an 'any' type.
vendor/tesseract/tesseract-core-simd.wasm.js(194,218): error TS7005: Variable 'b' implicitly has an 'any' type.
vendor/tesseract/tesseract-core-simd.wasm.js(194,229): error TS7005: Variable 'b' implicitly has an 'any' type.
vendor/tesseract/tesseract-core-simd.wasm.js(194,241): error TS7005: Variable 'b' implicitly has an 'any' type.
vendor/tesseract/tesseract-core-simd.wasm.js(194,266): error TS7005: Variable 'b' implicitly has an 'any' type.
vendor/tesseract/tesseract-core-simd.wasm.js(194,301): error TS7005: Variable 'Ca' implicitly has an 'any[]' type.
vendor/tesseract/tesseract-core-simd.wasm.js(194,321): error TS7005: Variable 'b' implicitly has an 'any' type.
vendor/tesseract/tesseract-core-simd.wasm.js(194,353): error TS7005: Variable 'b' implicitly has an 'any' type.
vendor/tesseract/tesseract-core-simd.wasm.js(194,364): error TS7005: Variable 'b' implicitly has an 'any' type.
vendor/tesseract/tesseract-core-simd.wasm.js(194,374): error TS7005: Variable 'b' implicitly has an 'any' type.
vendor/tesseract/tesseract-core-simd.wasm.js(194,385): error TS7005: Variable 'b' implicitly has an 'any' type.
vendor/tesseract/tesseract-core-simd.wasm.js(194,410): error TS7005: Variable 'Aa' implicitly has an 'any[]' type.
vendor/tesseract/tesseract-core-simd.wasm.js(194,421): error TS7005: Variable 'b' implicitly has an 'any' type.
vendor/tesseract/tesseract-core-simd.wasm.js(194,434): error TS7005: Variable 'b' implicitly has an 'any' type.
vendor/tesseract/tesseract-core-simd.wasm.js(194,504): error TS7005: Variable 'b' implicitly has an 'any' type.
vendor/tesseract/tesseract-core-simd.wasm.js(195,24): error TS2339: Property 'preInit' does not exist on type '{}'.
vendor/tesseract/tesseract-core-simd.wasm.js(195,57): error TS2339: Property 'preInit' does not exist on type '{}'.
vendor/tesseract/tesseract-core-simd.wasm.js(195,69): error TS2339: Property 'preInit' does not exist on type '{}'.
vendor/tesseract/tesseract-core-simd.wasm.js(195,80): error TS2339: Property 'preInit' does not exist on type '{}'.
vendor/tesseract/tesseract-core-simd.wasm.js(195,94): error TS2339: Property 'preInit' does not exist on type '{}'.
vendor/tesseract/tesseract-core-simd.wasm.js(195,112): error TS2339: Property 'preInit' does not exist on type '{}'.
vendor/tesseract/tesseract-core-simd.wasm.js(195,147): error TS7022: 'prototype' implicitly has type 'any' because it does not have a type annotation and is referenced directly or indirectly in its own initializer.
vendor/tesseract/tesseract-core-simd.wasm.js(195,239): error TS2339: Property 'WrapperObject' does not exist on type '{}'.
vendor/tesseract/tesseract-core-simd.wasm.js(195,267): error TS7006: Parameter 'a' implicitly has an 'any' type.
vendor/tesseract/tesseract-core-simd.wasm.js(195,288): error TS2339: Property 'getCache' does not exist on type '{}'.
vendor/tesseract/tesseract-core-simd.wasm.js(195,311): error TS7006: Parameter 'a' implicitly has an 'any' type.
vendor/tesseract/tesseract-core-simd.wasm.js(195,313): error TS7006: Parameter 'c' implicitly has an 'any' type.
vendor/tesseract/tesseract-core-simd.wasm.js(195,406): error TS2339: Property 'wrapPointer' does not exist on type '{}'.
vendor/tesseract/tesseract-core-simd.wasm.js(195,422): error TS2339: Property 'castObject' does not exist on type '{}'.
vendor/tesseract/tesseract-core-simd.wasm.js(195,442): error TS7006: Parameter 'a' implicitly has an 'any' type.
vendor/tesseract/tesseract-core-simd.wasm.js(195,444): error TS7006: Parameter 'c' implicitly has an 'any' type.
vendor/tesseract/tesseract-core-simd.wasm.js(195,467): error TS2339: Property 'NULL' does not exist on type '{}'.
vendor/tesseract/tesseract-core-simd.wasm.js(196,3): error TS2339: Property 'destroy' does not exist on type '{}'.
vendor/tesseract/tesseract-core-simd.wasm.js(196,20): error TS7006: Parameter 'a' implicitly has an 'any' type.
vendor/tesseract/tesseract-core-simd.wasm.js(196,149): error TS2339: Property 'compare' does not exist on type '{}'.
vendor/tesseract/tesseract-core-simd.wasm.js(196,166): error TS7006: Parameter 'a' implicitly has an 'any' type.
vendor/tesseract/tesseract-core-simd.wasm.js(196,168): error TS7006: Parameter 'c' implicitly has an 'any' type.
vendor/tesseract/tesseract-core-simd.wasm.js(196,193): error TS2339: Property 'getPointer' does not exist on type '{}'.
vendor/tesseract/tesseract-core-simd.wasm.js(196,213): error TS7006: Parameter 'a' implicitly has an 'any' type.
vendor/tesseract/tesseract-core-simd.wasm.js(196,231): error TS2339: Property 'getClass' does not exist on type '{}'.
vendor/tesseract/tesseract-core-simd.wasm.js(196,249): error TS7006: Parameter 'a' implicitly has an 'any' type.
vendor/tesseract/tesseract-core-simd.wasm.js(196,284): error TS7034: Variable 'Oh' implicitly has type 'any[]' in some locations where its type cannot be determined.
vendor/tesseract/tesseract-core-simd.wasm.js(196,343): error TS7005: Variable 'b' implicitly has an 'any' type.
vendor/tesseract/tesseract-core-simd.wasm.js(196,351): error TS7005: Variable 'Oh' implicitly has an 'any[]' type.
vendor/tesseract/tesseract-core-simd.wasm.js(196,370): error TS7005: Variable 'b' implicitly has an 'any' type.
vendor/tesseract/tesseract-core-simd.wasm.js(196,416): error TS7005: Variable 'b' implicitly has an 'any' type.
vendor/tesseract/tesseract-core-simd.wasm.js(197,12): error TS7006: Parameter 'a' implicitly has an 'any' type.
vendor/tesseract/tesseract-core-simd.wasm.js(197,53): error TS7005: Variable 'p' implicitly has an 'any' type.
vendor/tesseract/tesseract-core-simd.wasm.js(197,137): error TS7005: Variable 'b' implicitly has an 'any' type.
vendor/tesseract/tesseract-core-simd.wasm.js(197,186): error TS7005: Variable 'p' implicitly has an 'any' type.
vendor/tesseract/tesseract-core-simd.wasm.js(198,31): error TS2339: Property 'ParagraphJustification' does not exist on type '{}'.
vendor/tesseract/tesseract-core-simd.wasm.js(198,101): error TS2339: Property 'Bf' does not exist on type 'Qh'.
vendor/tesseract/tesseract-core-simd.wasm.js(198,276): error TS2339: Property 'BoolPtr' does not exist on type '{}'.
vendor/tesseract/tesseract-core-simd.wasm.js(198,331): error TS2339: Property 'Bf' does not exist on type 'Rh'.
vendor/tesseract/tesseract-core-simd.wasm.js(199,11): error TS2339: Property 'TessResultRenderer' does not exist on type '{}'.
vendor/tesseract/tesseract-core-simd.wasm.js(199,67): error TS7006: Parameter 'a' implicitly has an 'any' type.
vendor/tesseract/tesseract-core-simd.wasm.js(199,81): error TS2339: Property 'Bf' does not exist on type 'K'.
vendor/tesseract/tesseract-core-simd.wasm.js(199,170): error TS7006: Parameter 'a' implicitly has an 'any' type.
vendor/tesseract/tesseract-core-simd.wasm.js(199,184): error TS2339: Property 'Bf' does not exist on type 'K'.
vendor/tesseract/tesseract-core-simd.wasm.js(199,288): error TS2339: Property 'Bf' does not exist on type 'K'.
vendor/tesseract/tesseract-core-simd.wasm.js(199,338): error TS2339: Property 'Bf' does not exist on type 'K'.
vendor/tesseract/tesseract-core-simd.wasm.js(199,398): error TS2339: Property 'Bf' does not exist on type 'K'.
vendor/tesseract/tesseract-core-simd.wasm.js(199,416): error TS2300: Duplicate identifier 'title'.
vendor/tesseract/tesseract-core-simd.wasm.js(199,434): error TS2300: Duplicate identifier 'title'.
vendor/tesseract/tesseract-core-simd.wasm.js(199,468): error TS2339: Property 'Bf' does not exist on type 'K'.
vendor/tesseract/tesseract-core-simd.wasm.js(199,521): error TS2339: Property 'Bf' does not exist on type 'K'.
vendor/tesseract/tesseract-core-simd.wasm.js(200,44): error TS2339: Property 'Bf' does not exist on type 'K'.
vendor/tesseract/tesseract-core-simd.wasm.js(200,223): error TS2339: Property 'LongStarPtr' does not exist on type '{}'.
vendor/tesseract/tesseract-core-simd.wasm.js(200,282): error TS2339: Property 'Bf' does not exist on type 'Sh'.
vendor/tesseract/tesseract-core-simd.wasm.js(200,457): error TS2339: Property 'VoidPtr' does not exist on type '{}'.
vendor/tesseract/tesseract-core-simd.wasm.js(200,512): error TS2339: Property 'Bf' does not exist on type 'Uh'.
vendor/tesseract/tesseract-core-simd.wasm.js(201,12): error TS7006: Parameter 'a' implicitly has an 'any' type.
vendor/tesseract/tesseract-core-simd.wasm.js(201,174): error TS2339: Property 'ResultIterator' does not exist on type '{}'.
vendor/tesseract/tesseract-core-simd.wasm.js(201,436): error TS7006: Parameter 'a' implicitly has an 'any' type.
vendor/tesseract/tesseract-core-simd.wasm.js(202,38): error TS7006: Parameter 'a' implicitly has an 'any' type.
vendor/tesseract/tesseract-core-simd.wasm.js(202,143): error TS7006: Parameter 'a' implicitly has an 'any' type.
vendor/tesseract/tesseract-core-simd.wasm.js(202,145): error TS7006: Parameter 'c' implicitly has an 'any' type.
vendor/tesseract/tesseract-core-simd.wasm.js(202,272): error TS7006: Parameter 'a' implicitly has an 'any' type.
vendor/tesseract/tesseract-core-simd.wasm.js(202,384): error TS7006: Parameter 'a' implicitly has an 'any' type.
vendor/tesseract/tesseract-core-simd.wasm.js(202,386): error TS7006: Parameter 'c' implicitly has an 'any' type.
vendor/tesseract/tesseract-core-simd.wasm.js(203,34): error TS7006: Parameter 'a' implicitly has an 'any' type.
vendor/tesseract/tesseract-core-simd.wasm.js(203,36): error TS7006: Parameter 'c' implicitly has an 'any' type.
vendor/tesseract/tesseract-core-simd.wasm.js(203,38): error TS7006: Parameter 'd' implicitly has an 'any' type.
vendor/tesseract/tesseract-core-simd.wasm.js(203,40): error TS7006: Parameter 'e' implicitly has an 'any' type.
vendor/tesseract/tesseract-core-simd.wasm.js(203,42): error TS7006: Parameter 'g' implicitly has an 'any' type.
vendor/tesseract/tesseract-core-simd.wasm.js(203,44): error TS7006: Parameter 'h' implicitly has an 'any' type.
vendor/tesseract/tesseract-core-simd.wasm.js(204,42): error TS7006: Parameter 'a' implicitly has an 'any' type.
vendor/tesseract/tesseract-core-simd.wasm.js(204,44): error TS7006: Parameter 'c' implicitly has an 'any' type.
vendor/tesseract/tesseract-core-simd.wasm.js(204,46): error TS7006: Parameter 'd' implicitly has an 'any' type.
vendor/tesseract/tesseract-core-simd.wasm.js(204,48): error TS7006: Parameter 'e' implicitly has an 'any' type.
vendor/tesseract/tesseract-core-simd.wasm.js(204,50): error TS7006: Parameter 'g' implicitly has an 'any' type.
vendor/tesseract/tesseract-core-simd.wasm.js(204,284): error TS7006: Parameter 'a' implicitly has an 'any' type.
vendor/tesseract/tesseract-core-simd.wasm.js(205,37): error TS7006: Parameter 'a' implicitly has an 'any' type.
vendor/tesseract/tesseract-core-simd.wasm.js(205,138): error TS7006: Parameter 'a' implicitly has an 'any' type.
vendor/tesseract/tesseract-core-simd.wasm.js(205,140): error TS7006: Parameter 'c' implicitly has an 'any' type.
vendor/tesseract/tesseract-core-simd.wasm.js(205,142): error TS7006: Parameter 'd' implicitly has an 'any' type.
vendor/tesseract/tesseract-core-simd.wasm.js(205,144): error TS7006: Parameter 'e' implicitly has an 'any' type.
vendor/tesseract/tesseract-core-simd.wasm.js(205,146): error TS7006: Parameter 'g' implicitly has an 'any' type.
vendor/tesseract/tesseract-core-simd.wasm.js(206,31): error TS7006: Parameter 'a' implicitly has an 'any' type.
vendor/tesseract/tesseract-core-simd.wasm.js(206,33): error TS7006: Parameter 'c' implicitly has an 'any' type.
vendor/tesseract/tesseract-core-simd.wasm.js(206,35): error TS7006: Parameter 'd' implicitly has an 'any' type.
vendor/tesseract/tesseract-core-simd.wasm.js(206,37): error TS7006: Parameter 'e' implicitly has an 'any' type.
vendor/tesseract/tesseract-core-simd.wasm.js(206,39): error TS7006: Parameter 'g' implicitly has an 'any' type.
vendor/tesseract/tesseract-core-simd.wasm.js(206,279): error TS7006: Parameter 'a' implicitly has an 'any' type.
vendor/tesseract/tesseract-core-simd.wasm.js(206,281): error TS7006: Parameter 'c' implicitly has an 'any' type.
vendor/tesseract/tesseract-core-simd.wasm.js(206,283): error TS7006: Parameter 'd' implicitly has an 'any' type.
vendor/tesseract/tesseract-core-simd.wasm.js(206,285): error TS7006: Parameter 'e' implicitly has an 'any' type.
vendor/tesseract/tesseract-core-simd.wasm.js(207,36): error TS7006: Parameter 'a' implicitly has an 'any' type.
vendor/tesseract/tesseract-core-simd.wasm.js(207,38): error TS7006: Parameter 'c' implicitly has an 'any' type.
vendor/tesseract/tesseract-core-simd.wasm.js(207,40): error TS7006: Parameter 'd' implicitly has an 'any' type.
vendor/tesseract/tesseract-core-simd.wasm.js(207,42): error TS7006: Parameter 'e' implicitly has an 'any' type.
vendor/tesseract/tesseract-core-simd.wasm.js(207,298): error TS7006: Parameter 'a' implicitly has an 'any' type.
vendor/tesseract/tesseract-core-simd.wasm.js(207,405): error TS7006: Parameter 'a' implicitly has an 'any' type.
vendor/tesseract/tesseract-core-simd.wasm.js(208,44): error TS7006: Parameter 'a' implicitly has an 'any' type.
vendor/tesseract/tesseract-core-simd.wasm.js(208,141): error TS7006: Parameter 'a' implicitly has an 'any' type.
vendor/tesseract/tesseract-core-simd.wasm.js(209,41): error TS7006: Parameter 'a' implicitly has an 'any' type.
vendor/tesseract/tesseract-core-simd.wasm.js(209,43): error TS7006: Parameter 'c' implicitly has an 'any' type.
vendor/tesseract/tesseract-core-simd.wasm.js(209,45): error TS7006: Parameter 'd' implicitly has an 'any' type.
vendor/tesseract/tesseract-core-simd.wasm.js(209,47): error TS7006: Parameter 'e' implicitly has an 'any' type.
vendor/tesseract/tesseract-core-simd.wasm.js(209,49): error TS7006: Parameter 'g' implicitly has an 'any' type.
vendor/tesseract/tesseract-core-simd.wasm.js(209,51): error TS7006: Parameter 'h' implicitly has an 'any' type.
vendor/tesseract/tesseract-core-simd.wasm.js(209,53): error TS7006: Parameter 'k' implicitly has an 'any' type.
vendor/tesseract/tesseract-core-simd.wasm.js(209,55): error TS7006: Parameter 'm' implicitly has an 'any' type.
vendor/tesseract/tesseract-core-simd.wasm.js(210,280): error TS7006: Parameter 'a' implicitly has an 'any' type.
vendor/tesseract/tesseract-core-simd.wasm.js(211,34): error TS7006: Parameter 'a' implicitly has an 'any' type.
vendor/tesseract/tesseract-core-simd.wasm.js(212,12): error TS2339: Property 'TextlineOrder' does not exist on type '{}'.
vendor/tesseract/tesseract-core-simd.wasm.js(212,73): error TS2339: Property 'Bf' does not exist on type 'Vh'.
vendor/tesseract/tesseract-core-simd.wasm.js(212,251): error TS2339: Property 'ETEXT_DESC' does not exist on type '{}'.
vendor/tesseract/tesseract-core-simd.wasm.js(212,309): error TS2339: Property 'Bf' does not exist on type 'Wh'.
vendor/tesseract/tesseract-core-simd.wasm.js(212,482): error TS2339: Property 'PageIterator' does not exist on type '{}'.
vendor/tesseract/tesseract-core-simd.wasm.js(213,38): error TS2339: Property 'Bf' does not exist on type 'O'.
vendor/tesseract/tesseract-core-simd.wasm.js(213,91): error TS2339: Property 'Bf' does not exist on type 'O'.
vendor/tesseract/tesseract-core-simd.wasm.js(213,168): error TS2339: Property 'Bf' does not exist on type 'O'.
vendor/tesseract/tesseract-core-simd.wasm.js(213,215): error TS2339: Property 'Bf' does not exist on type 'O'.
vendor/tesseract/tesseract-core-simd.wasm.js(213,246): error TS7006: Parameter 'a' implicitly has an 'any' type.
vendor/tesseract/tesseract-core-simd.wasm.js(213,260): error TS2339: Property 'Bf' does not exist on type 'O'.
vendor/tesseract/tesseract-core-simd.wasm.js(213,350): error TS7006: Parameter 'a' implicitly has an 'any' type.
vendor/tesseract/tesseract-core-simd.wasm.js(213,364): error TS2339: Property 'Bf' does not exist on type 'O'.
vendor/tesseract/tesseract-core-simd.wasm.js(214,39): error TS7006: Parameter 'a' implicitly has an 'any' type.
vendor/tesseract/tesseract-core-simd.wasm.js(214,41): error TS7006: Parameter 'c' implicitly has an 'any' type.
vendor/tesseract/tesseract-core-simd.wasm.js(214,55): error TS2339: Property 'Bf' does not exist on type 'O'.
vendor/tesseract/tesseract-core-simd.wasm.js(214,168): error TS7006: Parameter 'a' implicitly has an 'any' type.
vendor/tesseract/tesseract-core-simd.wasm.js(214,182): error TS2339: Property 'Bf' does not exist on type 'O'.
vendor/tesseract/tesseract-core-simd.wasm.js(214,280): error TS7006: Parameter 'a' implicitly has an 'any' type.
vendor/tesseract/tesseract-core-simd.wasm.js(214,282): error TS7006: Parameter 'c' implicitly has an 'any' type.
vendor/tesseract/tesseract-core-simd.wasm.js(214,296): error TS2339: Property 'Bf' does not exist on type 'O'.
vendor/tesseract/tesseract-core-simd.wasm.js(215,34): error TS7006: Parameter 'a' implicitly has an 'any' type.
vendor/tesseract/tesseract-core-simd.wasm.js(215,36): error TS7006: Parameter 'c' implicitly has an 'any' type.
vendor/tesseract/tesseract-core-simd.wasm.js(215,38): error TS7006: Parameter 'd' implicitly has an 'any' type.
vendor/tesseract/tesseract-core-simd.wasm.js(215,40): error TS7006: Parameter 'e' implicitly has an 'any' type.
vendor/tesseract/tesseract-core-simd.wasm.js(215,42): error TS7006: Parameter 'g' implicitly has an 'any' type.
vendor/tesseract/tesseract-core-simd.wasm.js(215,44): error TS7006: Parameter 'h' implicitly has an 'any' type.
vendor/tesseract/tesseract-core-simd.wasm.js(215,58): error TS2339: Property 'Bf' does not exist on type 'O'.
vendor/tesseract/tesseract-core-simd.wasm.js(216,42): error TS7006: Parameter 'a' implicitly has an 'any' type.
vendor/tesseract/tesseract-core-simd.wasm.js(216,44): error TS7006: Parameter 'c' implicitly has an 'any' type.
vendor/tesseract/tesseract-core-simd.wasm.js(216,46): error TS7006: Parameter 'd' implicitly has an 'any' type.
vendor/tesseract/tesseract-core-simd.wasm.js(216,48): error TS7006: Parameter 'e' implicitly has an 'any' type.
vendor/tesseract/tesseract-core-simd.wasm.js(216,50): error TS7006: Parameter 'g' implicitly has an 'any' type.
vendor/tesseract/tesseract-core-simd.wasm.js(216,64): error TS2339: Property 'Bf' does not exist on type 'O'.
vendor/tesseract/tesseract-core-simd.wasm.js(216,284): error TS7006: Parameter 'a' implicitly has an 'any' type.
vendor/tesseract/tesseract-core-simd.wasm.js(216,298): error TS2339: Property 'Bf' does not exist on type 'O'.
vendor/tesseract/tesseract-core-simd.wasm.js(216,399): error TS2339: Property 'Bf' does not exist on type 'O'.
vendor/tesseract/tesseract-core-simd.wasm.js(216,457): error TS2339: Property 'Bf' does not exist on type 'O'.
vendor/tesseract/tesseract-core-simd.wasm.js(217,37): error TS7006: Parameter 'a' implicitly has an 'any' type.
vendor/tesseract/tesseract-core-simd.wasm.js(217,51): error TS2339: Property 'Bf' does not exist on type 'O'.
vendor/tesseract/tesseract-core-simd.wasm.js(217,138): error TS7006: Parameter 'a' implicitly has an 'any' type.
vendor/tesseract/tesseract-core-simd.wasm.js(217,140): error TS7006: Parameter 'c' implicitly has an 'any' type.
vendor/tesseract/tesseract-core-simd.wasm.js(217,142): error TS7006: Parameter 'd' implicitly has an 'any' type.
vendor/tesseract/tesseract-core-simd.wasm.js(217,144): error TS7006: Parameter 'e' implicitly has an 'any' type.
vendor/tesseract/tesseract-core-simd.wasm.js(217,146): error TS7006: Parameter 'g' implicitly has an 'any' type.
vendor/tesseract/tesseract-core-simd.wasm.js(217,160): error TS2339: Property 'Bf' does not exist on type 'O'.
vendor/tesseract/tesseract-core-simd.wasm.js(218,31): error TS7006: Parameter 'a' implicitly has an 'any' type.
vendor/tesseract/tesseract-core-simd.wasm.js(218,33): error TS7006: Parameter 'c' implicitly has an 'any' type.
vendor/tesseract/tesseract-core-simd.wasm.js(218,35): error TS7006: Parameter 'd' implicitly has an 'any' type.
vendor/tesseract/tesseract-core-simd.wasm.js(218,37): error TS7006: Parameter 'e' implicitly has an 'any' type.
vendor/tesseract/tesseract-core-simd.wasm.js(218,39): error TS7006: Parameter 'g' implicitly has an 'any' type.
vendor/tesseract/tesseract-core-simd.wasm.js(218,53): error TS2339: Property 'Bf' does not exist on type 'O'.
vendor/tesseract/tesseract-core-simd.wasm.js(218,279): error TS7006: Parameter 'a' implicitly has an 'any' type.
vendor/tesseract/tesseract-core-simd.wasm.js(218,281): error TS7006: Parameter 'c' implicitly has an 'any' type.
vendor/tesseract/tesseract-core-simd.wasm.js(218,283): error TS7006: Parameter 'd' implicitly has an 'any' type.
vendor/tesseract/tesseract-core-simd.wasm.js(218,285): error TS7006: Parameter 'e' implicitly has an 'any' type.
vendor/tesseract/tesseract-core-simd.wasm.js(218,299): error TS2339: Property 'Bf' does not exist on type 'O'.
vendor/tesseract/tesseract-core-simd.wasm.js(219,36): error TS7006: Parameter 'a' implicitly has an 'any' type.
vendor/tesseract/tesseract-core-simd.wasm.js(219,38): error TS7006: Parameter 'c' implicitly has an 'any' type.
vendor/tesseract/tesseract-core-simd.wasm.js(219,40): error TS7006: Parameter 'd' implicitly has an 'any' type.
vendor/tesseract/tesseract-core-simd.wasm.js(219,42): error TS7006: Parameter 'e' implicitly has an 'any' type.
vendor/tesseract/tesseract-core-simd.wasm.js(219,56): error TS2339: Property 'Bf' does not exist on type 'O'.
vendor/tesseract/tesseract-core-simd.wasm.js(219,249): error TS2339: Property 'Bf' does not exist on type 'O'.
vendor/tesseract/tesseract-core-simd.wasm.js(219,433): error TS2339: Property 'WritingDirection' does not exist on type '{}'.
vendor/tesseract/tesseract-core-simd.wasm.js(219,497): error TS2339: Property 'Bf' does not exist on type 'Xh'.
vendor/tesseract/tesseract-core-simd.wasm.js(220,13): error TS7006: Parameter 'a' implicitly has an 'any' type.
vendor/tesseract/tesseract-core-simd.wasm.js(220,182): error TS2339: Property 'WordChoiceIterator' does not exist on type '{}'.
vendor/tesseract/tesseract-core-simd.wasm.js(221,54): error TS2339: Property 'Box' does not exist on type '{}'.
vendor/tesseract/tesseract-core-simd.wasm.js(221,119): error TS2339: Property 'Bf' does not exist on type 'P'.
vendor/tesseract/tesseract-core-simd.wasm.js(221,243): error TS2339: Property 'Bf' does not exist on type 'P'.
vendor/tesseract/tesseract-core-simd.wasm.js(221,367): error TS2339: Property 'Bf' does not exist on type 'P'.
vendor/tesseract/tesseract-core-simd.wasm.js(221,491): error TS2339: Property 'Bf' does not exist on type 'P'.
vendor/tesseract/tesseract-core-simd.wasm.js(222,127): error TS2339: Property 'Bf' does not exist on type 'P'.
vendor/tesseract/tesseract-core-simd.wasm.js(222,242): error TS2339: Property 'Bf' does not exist on type 'P'.
vendor/tesseract/tesseract-core-simd.wasm.js(222,258): error TS7006: Parameter 'a' implicitly has an 'any' type.
vendor/tesseract/tesseract-core-simd.wasm.js(222,260): error TS7006: Parameter 'c' implicitly has an 'any' type.
vendor/tesseract/tesseract-core-simd.wasm.js(222,262): error TS7006: Parameter 'd' implicitly has an 'any' type.
vendor/tesseract/tesseract-core-simd.wasm.js(223,3): error TS2339: Property 'TessPDFRenderer' does not exist on type '{}'.
vendor/tesseract/tesseract-core-simd.wasm.js(223,56): error TS7006: Parameter 'a' implicitly has an 'any' type.
vendor/tesseract/tesseract-core-simd.wasm.js(223,159): error TS7006: Parameter 'a' implicitly has an 'any' type.
vendor/tesseract/tesseract-core-simd.wasm.js(223,405): error TS2300: Duplicate identifier 'title'.
vendor/tesseract/tesseract-core-simd.wasm.js(223,423): error TS2300: Duplicate identifier 'title'.
vendor/tesseract/tesseract-core-simd.wasm.js(224,219): error TS2339: Property 'PixaPtr' does not exist on type '{}'.
vendor/tesseract/tesseract-core-simd.wasm.js(224,274): error TS2339: Property 'Bf' does not exist on type 'Zh'.
vendor/tesseract/tesseract-core-simd.wasm.js(224,450): error TS2339: Property 'FloatPtr' does not exist on type '{}'.
vendor/tesseract/tesseract-core-simd.wasm.js(224,506): error TS2339: Property 'Bf' does not exist on type '$h'.
vendor/tesseract/tesseract-core-simd.wasm.js(225,13): error TS7006: Parameter 'a' implicitly has an 'any' type.
vendor/tesseract/tesseract-core-simd.wasm.js(225,182): error TS2339: Property 'ChoiceIterator' does not exist on type '{}'.
vendor/tesseract/tesseract-core-simd.wasm.js(226,59): error TS2339: Property 'PixPtr' does not exist on type '{}'.
vendor/tesseract/tesseract-core-simd.wasm.js(226,113): error TS2339: Property 'Bf' does not exist on type 'bi'.
vendor/tesseract/tesseract-core-simd.wasm.js(226,291): error TS2339: Property 'UNICHARSET' does not exist on type '{}'.
vendor/tesseract/tesseract-core-simd.wasm.js(226,353): error TS7006: Parameter 'a' implicitly has an 'any' type.
vendor/tesseract/tesseract-core-simd.wasm.js(226,367): error TS2339: Property 'Bf' does not exist on type 'ci'.
vendor/tesseract/tesseract-core-simd.wasm.js(227,47): error TS7006: Parameter 'a' implicitly has an 'any' type.
vendor/tesseract/tesseract-core-simd.wasm.js(227,61): error TS2339: Property 'Bf' does not exist on type 'ci'.
vendor/tesseract/tesseract-core-simd.wasm.js(227,180): error TS2339: Property 'Bf' does not exist on type 'ci'.
vendor/tesseract/tesseract-core-simd.wasm.js(227,229): error TS2339: Property 'Bf' does not exist on type 'ci'.
vendor/tesseract/tesseract-core-simd.wasm.js(227,403): error TS2339: Property 'IntPtr' does not exist on type '{}'.
vendor/tesseract/tesseract-core-simd.wasm.js(227,457): error TS2339: Property 'Bf' does not exist on type 'di'.
vendor/tesseract/tesseract-core-simd.wasm.js(228,175): error TS2339: Property 'Orientation' does not exist on type '{}'.
vendor/tesseract/tesseract-core-simd.wasm.js(228,234): error TS2339: Property 'Bf' does not exist on type 'ei'.
vendor/tesseract/tesseract-core-simd.wasm.js(228,407): error TS2339: Property 'OSBestResult' does not exist on type '{}'.
vendor/tesseract/tesseract-core-simd.wasm.js(228,494): error TS2339: Property 'Bf' does not exist on type 'R'.
vendor/tesseract/tesseract-core-simd.wasm.js(229,141): error TS2339: Property 'Bf' does not exist on type 'R'.
vendor/tesseract/tesseract-core-simd.wasm.js(229,283): error TS2339: Property 'Bf' does not exist on type 'R'.
vendor/tesseract/tesseract-core-simd.wasm.js(229,427): error TS2339: Property 'Bf' does not exist on type 'R'.
vendor/tesseract/tesseract-core-simd.wasm.js(230,44): error TS2339: Property 'Bf' does not exist on type 'R'.
vendor/tesseract/tesseract-core-simd.wasm.js(230,209): error TS2339: Property 'Boxa' does not exist on type '{}'.
vendor/tesseract/tesseract-core-simd.wasm.js(230,275): error TS2339: Property 'Bf' does not exist on type 'S'.
vendor/tesseract/tesseract-core-simd.wasm.js(230,404): error TS2339: Property 'Bf' does not exist on type 'S'.
vendor/tesseract/tesseract-core-simd.wasm.js(231,67): error TS2339: Property 'Bf' does not exist on type 'S'.
vendor/tesseract/tesseract-core-simd.wasm.js(231,202): error TS2339: Property 'Bf' does not exist on type 'S'.
vendor/tesseract/tesseract-core-simd.wasm.js(231,316): error TS2339: Property 'Bf' does not exist on type 'S'.
vendor/tesseract/tesseract-core-simd.wasm.js(231,488): error TS2339: Property 'PixColormap' does not exist on type '{}'.
vendor/tesseract/tesseract-core-simd.wasm.js(232,64): error TS2339: Property 'Bf' does not exist on type 'T'.
vendor/tesseract/tesseract-core-simd.wasm.js(232,196): error TS2339: Property 'Bf' does not exist on type 'T'.
vendor/tesseract/tesseract-core-simd.wasm.js(232,329): error TS2339: Property 'Bf' does not exist on type 'T'.
vendor/tesseract/tesseract-core-simd.wasm.js(232,458): error TS2339: Property 'Bf' does not exist on type 'T'.
vendor/tesseract/tesseract-core-simd.wasm.js(233,44): error TS2339: Property 'Bf' does not exist on type 'T'.
vendor/tesseract/tesseract-core-simd.wasm.js(233,208): error TS2339: Property 'Pta' does not exist on type '{}'.
vendor/tesseract/tesseract-core-simd.wasm.js(233,273): error TS2339: Property 'Bf' does not exist on type 'M'.
vendor/tesseract/tesseract-core-simd.wasm.js(233,402): error TS2339: Property 'Bf' does not exist on type 'M'.
vendor/tesseract/tesseract-core-simd.wasm.js(234,67): error TS2339: Property 'Bf' does not exist on type 'M'.
vendor/tesseract/tesseract-core-simd.wasm.js(234,200): error TS2339: Property 'Bf' does not exist on type 'M'.
vendor/tesseract/tesseract-core-simd.wasm.js(234,330): error TS2339: Property 'Bf' does not exist on type 'M'.
vendor/tesseract/tesseract-core-simd.wasm.js(234,442): error TS2339: Property 'Bf' does not exist on type 'M'.
vendor/tesseract/tesseract-core-simd.wasm.js(235,160): error TS2339: Property 'Pix' does not exist on type '{}'.
vendor/tesseract/tesseract-core-simd.wasm.js(235,225): error TS2339: Property 'Bf' does not exist on type 'N'.
vendor/tesseract/tesseract-core-simd.wasm.js(235,349): error TS2339: Property 'Bf' does not exist on type 'N'.
vendor/tesseract/tesseract-core-simd.wasm.js(235,473): error TS2339: Property 'Bf' does not exist on type 'N'.
vendor/tesseract/tesseract-core-simd.wasm.js(236,122): error TS2339: Property 'Bf' does not exist on type 'N'.
vendor/tesseract/tesseract-core-simd.wasm.js(236,250): error TS2339: Property 'Bf' does not exist on type 'N'.
vendor/tesseract/tesseract-core-simd.wasm.js(236,383): error TS2339: Property 'Bf' does not exist on type 'N'.
vendor/tesseract/tesseract-core-simd.wasm.js(236,517): error TS2339: Property 'Bf' does not exist on type 'N'.
vendor/tesseract/tesseract-core-simd.wasm.js(237,126): error TS2339: Property 'Bf' does not exist on type 'N'.
vendor/tesseract/tesseract-core-simd.wasm.js(237,260): error TS2339: Property 'Bf' does not exist on type 'N'.
vendor/tesseract/tesseract-core-simd.wasm.js(237,397): error TS2339: Property 'Bf' does not exist on type 'N'.
vendor/tesseract/tesseract-core-simd.wasm.js(238,65): error TS2339: Property 'Bf' does not exist on type 'N'.
vendor/tesseract/tesseract-core-simd.wasm.js(238,202): error TS2339: Property 'Bf' does not exist on type 'N'.
vendor/tesseract/tesseract-core-simd.wasm.js(238,339): error TS2339: Property 'Bf' does not exist on type 'N'.
vendor/tesseract/tesseract-core-simd.wasm.js(238,450): error TS2339: Property 'Bf' does not exist on type 'N'.
vendor/tesseract/tesseract-core-simd.wasm.js(239,173): error TS2339: Property 'DoublePtr' does not exist on type '{}'.
vendor/tesseract/tesseract-core-simd.wasm.js(239,230): error TS2339: Property 'Bf' does not exist on type 'gi'.
vendor/tesseract/tesseract-core-simd.wasm.js(239,402): error TS2339: Property 'Dawg' does not exist on type '{}'.
vendor/tesseract/tesseract-core-simd.wasm.js(239,454): error TS2339: Property 'Bf' does not exist on type 'hi'.
vendor/tesseract/tesseract-core-simd.wasm.js(240,170): error TS2339: Property 'BoxPtr' does not exist on type '{}'.
vendor/tesseract/tesseract-core-simd.wasm.js(240,224): error TS2339: Property 'Bf' does not exist on type 'fi'.
vendor/tesseract/tesseract-core-simd.wasm.js(240,367): error TS2339: Property 'TessBaseAPI' does not exist on type '{}'.
vendor/tesseract/tesseract-core-simd.wasm.js(241,35): error TS7006: Parameter 'a' implicitly has an 'any' type.
vendor/tesseract/tesseract-core-simd.wasm.js(241,194): error TS7006: Parameter 'a' implicitly has an 'any' type.
vendor/tesseract/tesseract-core-simd.wasm.js(242,36): error TS7006: Parameter 'a' implicitly has an 'any' type.
vendor/tesseract/tesseract-core-simd.wasm.js(242,113): error TS2300: Duplicate identifier 'SetVariable'.
vendor/tesseract/tesseract-core-simd.wasm.js(242,137): error TS2300: Duplicate identifier 'SetVariable'.
vendor/tesseract/tesseract-core-simd.wasm.js(242,158): error TS7006: Parameter 'a' implicitly has an 'any' type.
vendor/tesseract/tesseract-core-simd.wasm.js(242,160): error TS7006: Parameter 'c' implicitly has an 'any' type.
vendor/tesseract/tesseract-core-simd.wasm.js(242,308): error TS7006: Parameter 'a' implicitly has an 'any' type.
vendor/tesseract/tesseract-core-simd.wasm.js(242,310): error TS7006: Parameter 'c' implicitly has an 'any' type.
vendor/tesseract/tesseract-core-simd.wasm.js(243,37): error TS7006: Parameter 'a' implicitly has an 'any' type.
vendor/tesseract/tesseract-core-simd.wasm.js(243,39): error TS7006: Parameter 'c' implicitly has an 'any' type.
vendor/tesseract/tesseract-core-simd.wasm.js(243,184): error TS7006: Parameter 'a' implicitly has an 'any' type.
vendor/tesseract/tesseract-core-simd.wasm.js(243,186): error TS7006: Parameter 'c' implicitly has an 'any' type.
vendor/tesseract/tesseract-core-simd.wasm.js(243,333): error TS7006: Parameter 'a' implicitly has an 'any' type.
vendor/tesseract/tesseract-core-simd.wasm.js(243,335): error TS7006: Parameter 'c' implicitly has an 'any' type.
vendor/tesseract/tesseract-core-simd.wasm.js(244,40): error TS7006: Parameter 'a' implicitly has an 'any' type.
vendor/tesseract/tesseract-core-simd.wasm.js(244,141): error TS7006: Parameter 'a' implicitly has an 'any' type.
vendor/tesseract/tesseract-core-simd.wasm.js(244,143): error TS7006: Parameter 'c' implicitly has an 'any' type.
vendor/tesseract/tesseract-core-simd.wasm.js(244,145): error TS7006: Parameter 'd' implicitly has an 'any' type.
vendor/tesseract/tesseract-core-simd.wasm.js(244,147): error TS7006: Parameter 'e' implicitly has an 'any' type.
vendor/tesseract/tesseract-core-simd.wasm.js(245,197): error TS7006: Parameter 'a' implicitly has an 'any' type.
vendor/tesseract/tesseract-core-simd.wasm.js(245,303): error TS7006: Parameter 'a' implicitly has an 'any' type.
vendor/tesseract/tesseract-core-simd.wasm.js(245,404): error TS7006: Parameter 'a' implicitly has an 'any' type.
vendor/tesseract/tesseract-core-simd.wasm.js(246,36): error TS7006: Parameter 'a' implicitly has an 'any' type.
vendor/tesseract/tesseract-core-simd.wasm.js(246,38): error TS7006: Parameter 'c' implicitly has an 'any' type.
vendor/tesseract/tesseract-core-simd.wasm.js(246,40): error TS7006: Parameter 'd' implicitly has an 'any' type.
vendor/tesseract/tesseract-core-simd.wasm.js(246,42): error TS7006: Parameter 'e' implicitly has an 'any' type.
vendor/tesseract/tesseract-core-simd.wasm.js(246,44): error TS7006: Parameter 'g' implicitly has an 'any' type.
vendor/tesseract/tesseract-core-simd.wasm.js(246,46): error TS7006: Parameter 'h' implicitly has an 'any' type.
vendor/tesseract/tesseract-core-simd.wasm.js(246,48): error TS7006: Parameter 'k' implicitly has an 'any' type.
vendor/tesseract/tesseract-core-simd.wasm.js(247,31): error TS7006: Parameter 'a' implicitly has an 'any' type.
vendor/tesseract/tesseract-core-simd.wasm.js(247,33): error TS7006: Parameter 'c' implicitly has an 'any' type.
vendor/tesseract/tesseract-core-simd.wasm.js(247,35): error TS7006: Parameter 'd' implicitly has an 'any' type.
vendor/tesseract/tesseract-core-simd.wasm.js(247,37): error TS7006: Parameter 'e' implicitly has an 'any' type.
vendor/tesseract/tesseract-core-simd.wasm.js(247,39): error TS7006: Parameter 'g' implicitly has an 'any' type.
vendor/tesseract/tesseract-core-simd.wasm.js(247,391): error TS7006: Parameter 'a' implicitly has an 'any' type.
vendor/tesseract/tesseract-core-simd.wasm.js(248,35): error TS7006: Parameter 'a' implicitly has an 'any' type.
vendor/tesseract/tesseract-core-simd.wasm.js(248,37): error TS7006: Parameter 'c' implicitly has an 'any' type.
vendor/tesseract/tesseract-core-simd.wasm.js(248,39): error TS7006: Parameter 'd' implicitly has an 'any' type.
vendor/tesseract/tesseract-core-simd.wasm.js(248,41): error TS7006: Parameter 'e' implicitly has an 'any' type.
vendor/tesseract/tesseract-core-simd.wasm.js(248,305): error TS7006: Parameter 'a' implicitly has an 'any' type.
vendor/tesseract/tesseract-core-simd.wasm.js(248,355): error TS7006: Parameter 'a' implicitly has an 'any' type.
vendor/tesseract/tesseract-core-simd.wasm.js(249,35): error TS7006: Parameter 'a' implicitly has an 'any' type.
vendor/tesseract/tesseract-core-simd.wasm.js(249,37): error TS7006: Parameter 'c' implicitly has an 'any' type.
vendor/tesseract/tesseract-core-simd.wasm.js(249,39): error TS7006: Parameter 'd' implicitly has an 'any' type.
vendor/tesseract/tesseract-core-simd.wasm.js(249,41): error TS7006: Parameter 'e' implicitly has an 'any' type.
vendor/tesseract/tesseract-core-simd.wasm.js(249,43): error TS7006: Parameter 'g' implicitly has an 'any' type.
vendor/tesseract/tesseract-core-simd.wasm.js(249,271): error TS2304: Cannot find name '_emscripten_bind_TessBaseAPI_GetTextlines_3'.
vendor/tesseract/tesseract-core-simd.wasm.js(249,340): error TS2304: Cannot find name '_emscripten_bind_TessBaseAPI_GetTextlines_4'.
vendor/tesseract/tesseract-core-simd.wasm.js(250,32): error TS7006: Parameter 'a' implicitly has an 'any' type.
vendor/tesseract/tesseract-core-simd.wasm.js(250,34): error TS7006: Parameter 'c' implicitly has an 'any' type.
vendor/tesseract/tesseract-core-simd.wasm.js(250,170): error TS7006: Parameter 'a' implicitly has an 'any' type.
vendor/tesseract/tesseract-core-simd.wasm.js(250,285): error TS7006: Parameter 'a' implicitly has an 'any' type.
vendor/tesseract/tesseract-core-simd.wasm.js(251,41): error TS7006: Parameter 'a' implicitly has an 'any' type.
vendor/tesseract/tesseract-core-simd.wasm.js(251,43): error TS7006: Parameter 'c' implicitly has an 'any' type.
vendor/tesseract/tesseract-core-simd.wasm.js(251,45): error TS7006: Parameter 'd' implicitly has an 'any' type.
vendor/tesseract/tesseract-core-simd.wasm.js(251,47): error TS7006: Parameter 'e' implicitly has an 'any' type.
vendor/tesseract/tesseract-core-simd.wasm.js(251,49): error TS7006: Parameter 'g' implicitly has an 'any' type.
vendor/tesseract/tesseract-core-simd.wasm.js(251,51): error TS7006: Parameter 'h' implicitly has an 'any' type.
vendor/tesseract/tesseract-core-simd.wasm.js(251,53): error TS7006: Parameter 'k' implicitly has an 'any' type.
vendor/tesseract/tesseract-core-simd.wasm.js(251,351): error TS2304: Cannot find name '_emscripten_bind_TessBaseAPI_GetComponentImages_5'.
vendor/tesseract/tesseract-core-simd.wasm.js(251,430): error TS2304: Cannot find name '_emscripten_bind_TessBaseAPI_GetComponentImages_6'.
vendor/tesseract/tesseract-core-simd.wasm.js(252,129): error TS7006: Parameter 'a' implicitly has an 'any' type.
vendor/tesseract/tesseract-core-simd.wasm.js(252,253): error TS7006: Parameter 'a' implicitly has an 'any' type.
vendor/tesseract/tesseract-core-simd.wasm.js(253,35): error TS7006: Parameter 'a' implicitly has an 'any' type.
vendor/tesseract/tesseract-core-simd.wasm.js(253,37): error TS7006: Parameter 'c' implicitly has an 'any' type.
vendor/tesseract/tesseract-core-simd.wasm.js(253,39): error TS7006: Parameter 'd' implicitly has an 'any' type.
vendor/tesseract/tesseract-core-simd.wasm.js(253,41): error TS7006: Parameter 'e' implicitly has an 'any' type.
vendor/tesseract/tesseract-core-simd.wasm.js(254,34): error TS7006: Parameter 'a' implicitly has an 'any' type.
vendor/tesseract/tesseract-core-simd.wasm.js(254,36): error TS7006: Parameter 'c' implicitly has an 'any' type.
vendor/tesseract/tesseract-core-simd.wasm.js(254,38): error TS7006: Parameter 'd' implicitly has an 'any' type.
vendor/tesseract/tesseract-core-simd.wasm.js(254,40): error TS7006: Parameter 'e' implicitly has an 'any' type.
vendor/tesseract/tesseract-core-simd.wasm.js(254,42): error TS7006: Parameter 'g' implicitly has an 'any' type.
vendor/tesseract/tesseract-core-simd.wasm.js(254,44): error TS7006: Parameter 'h' implicitly has an 'any' type.
vendor/tesseract/tesseract-core-simd.wasm.js(255,34): error TS7006: Parameter 'a' implicitly has an 'any' type.
vendor/tesseract/tesseract-core-simd.wasm.js(255,135): error TS7006: Parameter 'a' implicitly has an 'any' type.
vendor/tesseract/tesseract-core-simd.wasm.js(255,236): error TS7006: Parameter 'a' implicitly has an 'any' type.
vendor/tesseract/tesseract-core-simd.wasm.js(255,395): error TS7006: Parameter 'a' implicitly has an 'any' type.
vendor/tesseract/tesseract-core-simd.wasm.js(256,105): error TS7006: Parameter 'a' implicitly has an 'any' type.
vendor/tesseract/tesseract-core-simd.wasm.js(256,107): error TS7006: Parameter 'c' implicitly has an 'any' type.
vendor/tesseract/tesseract-core-simd.wasm.js(256,204): error TS2304: Cannot find name '_emscripten_bind_TessBaseAPI_AdaptToWordStr_2'.
vendor/tesseract/tesseract-core-simd.wasm.js(256,430): error TS7006: Parameter 'a' implicitly has an 'any' type.
vendor/tesseract/tesseract-core-simd.wasm.js(257,39): error TS7006: Parameter 'a' implicitly has an 'any' type.
vendor/tesseract/tesseract-core-simd.wasm.js(257,142): error TS7006: Parameter 'a' implicitly has an 'any' type.
vendor/tesseract/tesseract-core-simd.wasm.js(257,241): error TS7006: Parameter 'a' implicitly has an 'any' type.
vendor/tesseract/tesseract-core-simd.wasm.js(257,339): error TS7006: Parameter 'a' implicitly has an 'any' type.
vendor/tesseract/tesseract-core-simd.wasm.js(258,187): error TS2339: Property 'OSResults' does not exist on type '{}'.
vendor/tesseract/tesseract-core-simd.wasm.js(259,278): error TS2339: Property 'Pixa' does not exist on type '{}'.
vendor/tesseract/tesseract-core-simd.wasm.js(259,344): error TS2339: Property 'Bf' does not exist on type 'Z'.
vendor/tesseract/tesseract-core-simd.wasm.js(259,473): error TS2339: Property 'Bf' does not exist on type 'Z'.
vendor/tesseract/tesseract-core-simd.wasm.js(260,132): error TS2339: Property 'Bf' does not exist on type 'Z'.
vendor/tesseract/tesseract-core-simd.wasm.js(260,267): error TS2339: Property 'Bf' does not exist on type 'Z'.
vendor/tesseract/tesseract-core-simd.wasm.js(260,402): error TS2339: Property 'Bf' does not exist on type 'Z'.
vendor/tesseract/tesseract-core-simd.wasm.js(260,516): error TS2339: Property 'Bf' does not exist on type 'Z'.
vendor/tesseract/tesseract-core-simd.wasm.js(261,26): error TS7005: Variable 'b' implicitly has an 'any' type.
vendor/tesseract/tesseract-core-simd.wasm.js(261,43): error TS7005: Variable 'b' implicitly has an 'any' type.
vendor/tesseract/tesseract-core-simd.wasm.js(261,59): error TS7005: Variable 'b' implicitly has an 'any' type.
vendor/tesseract/tesseract-core-simd.wasm.js(261,79): error TS7005: Variable 'b' implicitly has an 'any' type.
vendor/tesseract/tesseract-core-simd.wasm.js(261,95): error TS7005: Variable 'b' implicitly has an 'any' type.
vendor/tesseract/tesseract-core-simd.wasm.js(261,113): error TS7005: Variable 'b' implicitly has an 'any' type.
vendor/tesseract/tesseract-core-simd.wasm.js(261,139): error TS7005: Variable 'b' implicitly has an 'any' type.
vendor/tesseract/tesseract-core-simd.wasm.js(261,160): error TS7005: Variable 'b' implicitly has an 'any' type.
vendor/tesseract/tesseract-core-simd.wasm.js(261,195): error TS7005: Variable 'b' implicitly has an 'any' type.
vendor/tesseract/tesseract-core-simd.wasm.js(261,214): error TS7005: Variable 'b' implicitly has an 'any' type.
vendor/tesseract/tesseract-core-simd.wasm.js(261,231): error TS7005: Variable 'b' implicitly has an 'any' type.
vendor/tesseract/tesseract-core-simd.wasm.js(261,270): error TS7005: Variable 'b' implicitly has an 'any' type.
vendor/tesseract/tesseract-core-simd.wasm.js(261,309): error TS7005: Variable 'b' implicitly has an 'any' type.
vendor/tesseract/tesseract-core-simd.wasm.js(261,348): error TS7005: Variable 'b' implicitly has an 'any' type.
vendor/tesseract/tesseract-core-simd.wasm.js(261,366): error TS7005: Variable 'b' implicitly has an 'any' type.
vendor/tesseract/tesseract-core-simd.wasm.js(261,389): error TS7005: Variable 'b' implicitly has an 'any' type.
vendor/tesseract/tesseract-core-simd.wasm.js(261,412): error TS7005: Variable 'b' implicitly has an 'any' type.
vendor/tesseract/tesseract-core-simd.wasm.js(261,435): error TS7005: Variable 'b' implicitly has an 'any' type.
vendor/tesseract/tesseract-core-simd.wasm.js(261,454): error TS7005: Variable 'b' implicitly has an 'any' type.
vendor/tesseract/tesseract-core-simd.wasm.js(261,480): error TS7005: Variable 'b' implicitly has an 'any' type.
vendor/tesseract/tesseract-core-simd.wasm.js(261,496): error TS7005: Variable 'b' implicitly has an 'any' type.
vendor/tesseract/tesseract-core-simd.wasm.js(262,6): error TS7005: Variable 'b' implicitly has an 'any' type.
vendor/tesseract/tesseract-core-simd.wasm.js(262,29): error TS7005: Variable 'b' implicitly has an 'any' type.
vendor/tesseract/tesseract-core-simd.wasm.js(262,53): error TS7005: Variable 'b' implicitly has an 'any' type.
vendor/tesseract/tesseract-core-simd.wasm.js(262,77): error TS7005: Variable 'b' implicitly has an 'any' type.
vendor/tesseract/tesseract-core-simd.wasm.js(262,101): error TS7005: Variable 'b' implicitly has an 'any' type.
vendor/tesseract/tesseract-core-simd.wasm.js(262,121): error TS7005: Variable 'b' implicitly has an 'any' type.
vendor/tesseract/tesseract-core-simd.wasm.js(262,141): error TS7005: Variable 'b' implicitly has an 'any' type.
vendor/tesseract/tesseract-core-simd.wasm.js(262,157): error TS7005: Variable 'b' implicitly has an 'any' type.
vendor/tesseract/tesseract-core-simd.wasm.js(262,173): error TS7005: Variable 'b' implicitly has an 'any' type.
vendor/tesseract/tesseract-core-simd.wasm.js(262,192): error TS7005: Variable 'b' implicitly has an 'any' type.
vendor/tesseract/tesseract-core-simd.wasm.js(262,217): error TS7005: Variable 'b' implicitly has an 'any' type.
vendor/tesseract/tesseract-core-simd.wasm.js(262,242): error TS7005: Variable 'b' implicitly has an 'any' type.
vendor/tesseract/tesseract-core-simd.wasm.js(262,257): error TS7005: Variable 'b' implicitly has an 'any' type.
vendor/tesseract/tesseract-core-simd.wasm.js(262,286): error TS7005: Variable 'b' implicitly has an 'any' type.
vendor/tesseract/tesseract-core-simd.wasm.js(262,312): error TS7005: Variable 'b' implicitly has an 'any' type.
vendor/tesseract/tesseract-core-simd.wasm.js(262,340): error TS7005: Variable 'b' implicitly has an 'any' type.
vendor/tesseract/tesseract-core-simd.wasm.js(262,367): error TS7005: Variable 'b' implicitly has an 'any' type.
vendor/tesseract/tesseract-core-simd.wasm.js(262,403): error TS7005: Variable 'b' implicitly has an 'any' type.
vendor/tesseract/tesseract-core-simd.wasm.js(262,439): error TS7005: Variable 'b' implicitly has an 'any' type.
vendor/tesseract/tesseract-core-simd.wasm.js(262,475): error TS7005: Variable 'b' implicitly has an 'any' type.
vendor/tesseract/tesseract-core-simd.wasm.js(263,1): error TS7005: Variable 'b' implicitly has an 'any' type.
vendor/tesseract/tesseract-core-simd.wasm.js(263,31): error TS7005: Variable 'b' implicitly has an 'any' type.
vendor/tesseract/tesseract-core-simd.wasm.js(263,60): error TS7005: Variable 'b' implicitly has an 'any' type.
vendor/tesseract/tesseract-core-simd.wasm.js(263,89): error TS7005: Variable 'b' implicitly has an 'any' type.
vendor/tesseract/tesseract-core-simd.wasm.js(263,109): error TS7005: Variable 'b' implicitly has an 'any' type.
vendor/tesseract/tesseract-core-simd.wasm.js(263,129): error TS7005: Variable 'b' implicitly has an 'any' type.
vendor/tesseract/tesseract-core-simd.wasm.js(263,150): error TS7005: Variable 'b' implicitly has an 'any' type.
vendor/tesseract/tesseract-core-simd.wasm.js(263,166): error TS7005: Variable 'b' implicitly has an 'any' type.
vendor/tesseract/tesseract-core-simd.wasm.js(263,191): error TS7005: Variable 'b' implicitly has an 'any' type.
vendor/tesseract/tesseract-core-simd.wasm.js(263,225): error TS7005: Variable 'b' implicitly has an 'any' type.
vendor/tesseract/tesseract-core-simd.wasm.js(263,249): error TS7005: Variable 'b' implicitly has an 'any' type.
vendor/tesseract/tesseract-core-simd.wasm.js(263,272): error TS7005: Variable 'b' implicitly has an 'any' type.
vendor/tesseract/tesseract-core-simd.wasm.js(263,295): error TS7005: Variable 'b' implicitly has an 'any' type.
vendor/tesseract/tesseract-core-simd.wasm.js(263,318): error TS7005: Variable 'b' implicitly has an 'any' type.
vendor/tesseract/tesseract-core-simd.wasm.js(263,341): error TS7005: Variable 'b' implicitly has an 'any' type.
vendor/tesseract/tesseract-core-simd.wasm.js(263,364): error TS7005: Variable 'b' implicitly has an 'any' type.
vendor/tesseract/tesseract-core-simd.wasm.js(263,391): error TS7005: Variable 'b' implicitly has an 'any' type.
vendor/tesseract/tesseract-core-simd.wasm.js(263,411): error TS7005: Variable 'b' implicitly has an 'any' type.
vendor/tesseract/tesseract-core-simd.wasm.js(264,32): error TS7006: Parameter 'a' implicitly has an 'any' type.
vendor/tesseract/tesseract-core-simd.wasm.js(264,51): error TS2339: Property 'Bf' does not exist on type 'Rh'.
vendor/tesseract/tesseract-core-simd.wasm.js(264,98): error TS7006: Parameter 'a' implicitly has an 'any' type.
vendor/tesseract/tesseract-core-simd.wasm.js(264,116): error TS2339: Property 'Bf' does not exist on type 'di'.
vendor/tesseract/tesseract-core-simd.wasm.js(264,167): error TS7006: Parameter 'a' implicitly has an 'any' type.
vendor/tesseract/tesseract-core-simd.wasm.js(264,185): error TS2339: Property 'Bf' does not exist on type '$h'.
vendor/tesseract/tesseract-core-simd.wasm.js(264,238): error TS7006: Parameter 'a' implicitly has an 'any' type.
vendor/tesseract/tesseract-core-simd.wasm.js(264,256): error TS2339: Property 'Bf' does not exist on type 'gi'.
vendor/tesseract/tesseract-core-simd.wasm.js(264,339): error TS7006: Parameter 'a' implicitly has an 'any' type.
vendor/tesseract/tesseract-core-simd.wasm.js(264,357): error TS2339: Property 'Bf' does not exist on type 'bi'.
vendor/tesseract/tesseract-core-simd.wasm.js(264,427): error TS7006: Parameter 'a' implicitly has an 'any' type.
vendor/tesseract/tesseract-core-simd.wasm.js(264,429): error TS7006: Parameter 'c' implicitly has an 'any' type.
vendor/tesseract/tesseract-core-simd.wasm.js(264,465): error TS7053: Element implicitly has an 'any' type because expression of type 'any' can't be used to index type '{}'.
vendor/tesseract/tesseract-core-simd.wasm.js(265,28): error TS7006: Parameter 'a' implicitly has an 'any' type.
vendor/tesseract/tesseract-core-simd.wasm.js(265,81): error TS7006: Parameter 'a' implicitly has an 'any' type.
vendor/tesseract/tesseract-core-simd.wasm.js(265,134): error TS7006: Parameter 'a' implicitly has an 'any' type.
vendor/tesseract/tesseract-core-simd.wasm.js(265,187): error TS7006: Parameter 'a' implicitly has an 'any' type.
vendor/tesseract/tesseract-core-simd.wasm.js(265,197): error TS7053: Element implicitly has an 'any' type because expression of type 'any' can't be used to index type '{}'.
vendor/tesseract/tesseract-core-simd.wasm.js(265,278): error TS7053: Element implicitly has an 'any' type because expression of type 'string' can't be used to index type '{}'.
  No index signature with a parameter of type 'string' was found on type '{}'.
vendor/tesseract/tesseract-core-simd.wasm.js(265,283): error TS7053: Element implicitly has an 'any' type because expression of type 'string' can't be used to index type '{}'.
  No index signature with a parameter of type 'string' was found on type '{}'.
vendor/tesseract/tesseract-core-simd.wasm.js(265,371): error TS7053: Element implicitly has an 'any' type because expression of type 'string' can't be used to index type '{}'.
  No index signature with a parameter of type 'string' was found on type '{}'.
vendor/tesseract/tesseract-core-simd.wasm.js(265,376): error TS7053: Element implicitly has an 'any' type because expression of type 'string' can't be used to index type '{}'.
  No index signature with a parameter of type 'string' was found on type '{}'.
vendor/tesseract/tesseract-core-simd.wasm.js(265,401): error TS7053: Element implicitly has an 'any' type because expression of type 'string' can't be used to index type '{}'.
  No index signature with a parameter of type 'string' was found on type '{}'.
vendor/tesseract/tesseract-core-simd.wasm.js(266,37): error TS7006: Parameter 'a' implicitly has an 'any' type.
vendor/tesseract/tesseract-core-simd.wasm.js(266,170): error TS7006: Parameter 'a' implicitly has an 'any' type.
vendor/tesseract/tesseract-core-simd.wasm.js(266,255): error TS2740: Type '{}' is missing the following properties from type 'ii': hg, wrap, bool, i32, and 4 more.
vendor/tesseract/tesseract-core-simd.wasm.js(266,267): error TS2339: Property 'has_baseline' does not exist on type 'ii'.
vendor/tesseract/tesseract-core-simd.wasm.js(267,249): error TS2740: Type '{}' is missing the following properties from type 'ii': hg, wrap, bool, i32, and 4 more.
vendor/tesseract/tesseract-core-simd.wasm.js(267,261): error TS2339: Property 'font_name' does not exist on type 'ii'.
vendor/tesseract/tesseract-core-simd.wasm.js(267,285): error TS2339: Property 'pointerHelper' does not exist on type '{}'.
vendor/tesseract/tesseract-core-simd.wasm.js(270,24): error TS2339: Property 'ready' does not exist on type '{}'.
vendor/tesseract/tesseract-core-simd.wasm.js(277,17): error TS2304: Cannot find name 'define'.
vendor/tesseract/tesseract-core-simd.wasm.js(277,42): error TS2304: Cannot find name 'define'.
vendor/tesseract/tesseract-core-simd.wasm.js(278,3): error TS2304: Cannot find name 'define'.
vendor/tesseract/tesseract-core.wasm.js(3,103): error TS2339: Property 'src' does not exist on type 'HTMLOrSVGScriptElement'.
  Property 'src' does not exist on type 'SVGScriptElement'.
vendor/tesseract/tesseract-core.wasm.js(4,14): error TS2304: Cannot find name '__filename'.
vendor/tesseract/tesseract-core.wasm.js(4,69): error TS2304: Cannot find name '__filename'.
vendor/tesseract/tesseract-core.wasm.js(8,5): error TS7034: Variable 'b' implicitly has type 'any' in some locations where its type cannot be determined.
vendor/tesseract/tesseract-core.wasm.js(8,76): error TS7034: Variable 'aa' implicitly has type 'any' in some locations where its type cannot be determined.
vendor/tesseract/tesseract-core.wasm.js(8,79): error TS7034: Variable 'ba' implicitly has type 'any' in some locations where its type cannot be determined.
vendor/tesseract/tesseract-core.wasm.js(8,84): error TS2339: Property 'ready' does not exist on type '{}'.
vendor/tesseract/tesseract-core.wasm.js(8,173): error TS7006: Parameter 'a' implicitly has an 'any' type.
vendor/tesseract/tesseract-core.wasm.js(8,175): error TS7006: Parameter 'c' implicitly has an 'any' type.
vendor/tesseract/tesseract-core.wasm.js(8,273): error TS2591: Cannot find name 'process'. Do you need to install type definitions for node? Try `npm i --save-dev @types/node` and then add 'node' to the types field in your tsconfig.
vendor/tesseract/tesseract-core.wasm.js(8,299): error TS2591: Cannot find name 'process'. Do you need to install type definitions for node? Try `npm i --save-dev @types/node` and then add 'node' to the types field in your tsconfig.
vendor/tesseract/tesseract-core.wasm.js(8,334): error TS2591: Cannot find name 'process'. Do you need to install type definitions for node? Try `npm i --save-dev @types/node` and then add 'node' to the types field in your tsconfig.
vendor/tesseract/tesseract-core.wasm.js(8,361): error TS7034: Variable 'ja' implicitly has type 'any' in some locations where its type cannot be determined.
vendor/tesseract/tesseract-core.wasm.js(8,364): error TS7034: Variable 'ka' implicitly has type 'any' in some locations where its type cannot be determined.
vendor/tesseract/tesseract-core.wasm.js(8,367): error TS7034: Variable 'la' implicitly has type 'any' in some locations where its type cannot be determined.
vendor/tesseract/tesseract-core.wasm.js(9,23): error TS2591: Cannot find name 'fs'. Do you need to install type definitions for node? Try `npm i --save-dev @types/node` and then add 'node' to the types field in your tsconfig.
vendor/tesseract/tesseract-core.wasm.js(9,40): error TS2591: Cannot find name 'path'. Do you need to install type definitions for node? Try `npm i --save-dev @types/node` and then add 'node' to the types field in your tsconfig.
vendor/tesseract/tesseract-core.wasm.js(9,71): error TS2304: Cannot find name '__dirname'.
vendor/tesseract/tesseract-core.wasm.js(9,89): error TS7006: Parameter 'a' implicitly has an 'any' type.
vendor/tesseract/tesseract-core.wasm.js(9,91): error TS7006: Parameter 'c' implicitly has an 'any' type.
vendor/tesseract/tesseract-core.wasm.js(9,236): error TS7006: Parameter 'a' implicitly has an 'any' type.
vendor/tesseract/tesseract-core.wasm.js(9,242): error TS7005: Variable 'ja' implicitly has an 'any' type.
vendor/tesseract/tesseract-core.wasm.js(9,297): error TS7006: Parameter 'a' implicitly has an 'any' type.
vendor/tesseract/tesseract-core.wasm.js(9,299): error TS7006: Parameter 'c' implicitly has an 'any' type.
vendor/tesseract/tesseract-core.wasm.js(9,301): error TS7006: Parameter 'd' implicitly has an 'any' type.
vendor/tesseract/tesseract-core.wasm.js(9,415): error TS7006: Parameter 'h' implicitly has an 'any' type.
vendor/tesseract/tesseract-core.wasm.js(9,417): error TS7006: Parameter 'k' implicitly has an 'any' type.
vendor/tesseract/tesseract-core.wasm.js(9,451): error TS2339: Property 'thisProgram' does not exist on type '{}'.
vendor/tesseract/tesseract-core.wasm.js(9,466): error TS2591: Cannot find name 'process'. Do you need to install type definitions for node? Try `npm i --save-dev @types/node` and then add 'node' to the types field in your tsconfig.
vendor/tesseract/tesseract-core.wasm.js(9,491): error TS2591: Cannot find name 'process'. Do you need to install type definitions for node? Try `npm i --save-dev @types/node` and then add 'node' to the types field in your tsconfig.
vendor/tesseract/tesseract-core.wasm.js(10,7): error TS2591: Cannot find name 'process'. Do you need to install type definitions for node? Try `npm i --save-dev @types/node` and then add 'node' to the types field in your tsconfig.
vendor/tesseract/tesseract-core.wasm.js(10,40): error TS2591: Cannot find name 'process'. Do you need to install type definitions for node? Try `npm i --save-dev @types/node` and then add 'node' to the types field in your tsconfig.
vendor/tesseract/tesseract-core.wasm.js(10,71): error TS2339: Property 'inspect' does not exist on type '{}'.
vendor/tesseract/tesseract-core.wasm.js(10,231): error TS2339: Property 'src' does not exist on type 'HTMLOrSVGScriptElement'.
  Property 'src' does not exist on type 'SVGScriptElement'.
vendor/tesseract/tesseract-core.wasm.js(10,350): error TS7006: Parameter 'a' implicitly has an 'any' type.
vendor/tesseract/tesseract-core.wasm.js(10,458): error TS2740: Type 'never[]' is missing the following properties from type 'XMLHttpRequest': onreadystatechange, readyState, response, responseText, and 30 more.
vendor/tesseract/tesseract-core.wasm.js(11,19): error TS2339: Property 'push' does not exist on type 'XMLHttpRequest'.
vendor/tesseract/tesseract-core.wasm.js(11,57): error TS2339: Property 'join' does not exist on type 'XMLHttpRequest'.
vendor/tesseract/tesseract-core.wasm.js(11,85): error TS7006: Parameter 'a' implicitly has an 'any' type.
vendor/tesseract/tesseract-core.wasm.js(11,258): error TS7006: Parameter 'a' implicitly has an 'any' type.
vendor/tesseract/tesseract-core.wasm.js(11,260): error TS7006: Parameter 'c' implicitly has an 'any' type.
vendor/tesseract/tesseract-core.wasm.js(11,262): error TS7006: Parameter 'd' implicitly has an 'any' type.
vendor/tesseract/tesseract-core.wasm.js(12,10): error TS2339: Property 'print' does not exist on type '{}'.
vendor/tesseract/tesseract-core.wasm.js(12,48): error TS2339: Property 'printErr' does not exist on type '{}'.
vendor/tesseract/tesseract-core.wasm.js(12,105): error TS2322: Type 'null' is not assignable to type '{}'.
vendor/tesseract/tesseract-core.wasm.js(12,115): error TS2339: Property 'thisProgram' does not exist on type '{}'.
vendor/tesseract/tesseract-core.wasm.js(12,134): error TS2339: Property 'thisProgram' does not exist on type '{}'.
vendor/tesseract/tesseract-core.wasm.js(12,149): error TS2339: Property 'quit' does not exist on type '{}'.
vendor/tesseract/tesseract-core.wasm.js(12,161): error TS2339: Property 'quit' does not exist on type '{}'.
vendor/tesseract/tesseract-core.wasm.js(12,171): error TS7034: Variable 'ra' implicitly has type 'any' in some locations where its type cannot be determined.
vendor/tesseract/tesseract-core.wasm.js(12,176): error TS2339: Property 'wasmBinary' does not exist on type '{}'.
vendor/tesseract/tesseract-core.wasm.js(12,194): error TS2339: Property 'wasmBinary' does not exist on type '{}'.
vendor/tesseract/tesseract-core.wasm.js(12,226): error TS2339: Property 'noExitRuntime' does not exist on type '{}'.
vendor/tesseract/tesseract-core.wasm.js(12,315): error TS7034: Variable 'sa' implicitly has type 'any' in some locations where its type cannot be determined.
vendor/tesseract/tesseract-core.wasm.js(12,324): error TS7034: Variable 'p' implicitly has type 'any' in some locations where its type cannot be determined.
vendor/tesseract/tesseract-core.wasm.js(12,326): error TS7034: Variable 'ua' implicitly has type 'any' in some locations where its type cannot be determined.
vendor/tesseract/tesseract-core.wasm.js(12,329): error TS7034: Variable 'va' implicitly has type 'any' in some locations where its type cannot be determined.
vendor/tesseract/tesseract-core.wasm.js(12,332): error TS7034: Variable 'r' implicitly has type 'any' in some locations where its type cannot be determined.
vendor/tesseract/tesseract-core.wasm.js(12,334): error TS7034: Variable 'u' implicitly has type 'any' in some locations where its type cannot be determined.
vendor/tesseract/tesseract-core.wasm.js(12,336): error TS7034: Variable 'wa' implicitly has type 'any' in some locations where its type cannot be determined.
vendor/tesseract/tesseract-core.wasm.js(12,339): error TS7034: Variable 'xa' implicitly has type 'any' in some locations where its type cannot be determined.
vendor/tesseract/tesseract-core.wasm.js(13,21): error TS7005: Variable 'sa' implicitly has an 'any' type.
vendor/tesseract/tesseract-core.wasm.js(13,31): error TS7005: Variable 'b' implicitly has an 'any' type.
vendor/tesseract/tesseract-core.wasm.js(13,58): error TS7005: Variable 'b' implicitly has an 'any' type.
vendor/tesseract/tesseract-core.wasm.js(13,88): error TS7005: Variable 'b' implicitly has an 'any' type.
vendor/tesseract/tesseract-core.wasm.js(13,117): error TS7005: Variable 'b' implicitly has an 'any' type.
vendor/tesseract/tesseract-core.wasm.js(13,147): error TS7005: Variable 'b' implicitly has an 'any' type.
vendor/tesseract/tesseract-core.wasm.js(13,176): error TS7005: Variable 'b' implicitly has an 'any' type.
vendor/tesseract/tesseract-core.wasm.js(13,207): error TS7005: Variable 'b' implicitly has an 'any' type.
vendor/tesseract/tesseract-core.wasm.js(13,240): error TS7005: Variable 'b' implicitly has an 'any' type.
vendor/tesseract/tesseract-core.wasm.js(13,277): error TS7034: Variable 'za' implicitly has type 'any' in some locations where its type cannot be determined.
vendor/tesseract/tesseract-core.wasm.js(13,280): error TS7034: Variable 'Aa' implicitly has type 'any[]' in some locations where its type cannot be determined.
vendor/tesseract/tesseract-core.wasm.js(13,286): error TS7034: Variable 'Ba' implicitly has type 'any[]' in some locations where its type cannot be determined.
vendor/tesseract/tesseract-core.wasm.js(13,292): error TS7034: Variable 'Ca' implicitly has type 'any[]' in some locations where its type cannot be determined.
vendor/tesseract/tesseract-core.wasm.js(13,324): error TS7005: Variable 'b' implicitly has an 'any' type.
vendor/tesseract/tesseract-core.wasm.js(13,364): error TS7034: Variable 'Ga' implicitly has type 'any' in some locations where its type cannot be determined.
vendor/tesseract/tesseract-core.wasm.js(13,372): error TS7034: Variable 'Ha' implicitly has type 'any' in some locations where its type cannot be determined.
vendor/tesseract/tesseract-core.wasm.js(13,399): error TS7005: Variable 'b' implicitly has an 'any' type.
vendor/tesseract/tesseract-core.wasm.js(13,425): error TS7005: Variable 'b' implicitly has an 'any' type.
vendor/tesseract/tesseract-core.wasm.js(14,20): error TS7005: Variable 'b' implicitly has an 'any' type.
vendor/tesseract/tesseract-core.wasm.js(14,46): error TS7005: Variable 'b' implicitly has an 'any' type.
vendor/tesseract/tesseract-core.wasm.js(14,93): error TS7005: Variable 'Ga' implicitly has an 'any' type.
vendor/tesseract/tesseract-core.wasm.js(14,112): error TS7005: Variable 'Ga' implicitly has an 'any' type.
vendor/tesseract/tesseract-core.wasm.js(14,125): error TS7005: Variable 'Ha' implicitly has an 'any' type.
vendor/tesseract/tesseract-core.wasm.js(14,163): error TS7006: Parameter 'a' implicitly has an 'any' type.
vendor/tesseract/tesseract-core.wasm.js(14,169): error TS7005: Variable 'b' implicitly has an 'any' type.
vendor/tesseract/tesseract-core.wasm.js(14,179): error TS7005: Variable 'b' implicitly has an 'any' type.
vendor/tesseract/tesseract-core.wasm.js(14,300): error TS7005: Variable 'ba' implicitly has an 'any' type.
vendor/tesseract/tesseract-core.wasm.js(14,362): error TS7034: Variable 'La' implicitly has type 'any' in some locations where its type cannot be determined.
vendor/tesseract/tesseract-core.wasm.js(14,4609766): error TS2339: Property 'locateFile' does not exist on type '{}'.
vendor/tesseract/tesseract-core.wasm.js(14,4609779): error TS2339: Property 'locateFile' does not exist on type '{}'.
vendor/tesseract/tesseract-core.wasm.js(15,13): error TS7006: Parameter 'a' implicitly has an 'any' type.
vendor/tesseract/tesseract-core.wasm.js(15,26): error TS7005: Variable 'La' implicitly has an 'any' type.
vendor/tesseract/tesseract-core.wasm.js(15,30): error TS7005: Variable 'ra' implicitly has an 'any' type.
vendor/tesseract/tesseract-core.wasm.js(15,88): error TS7005: Variable 'la' implicitly has an 'any' type.
vendor/tesseract/tesseract-core.wasm.js(16,13): error TS7006: Parameter 'a' implicitly has an 'any' type.
vendor/tesseract/tesseract-core.wasm.js(16,20): error TS7005: Variable 'ra' implicitly has an 'any' type.
vendor/tesseract/tesseract-core.wasm.js(16,245): error TS7005: Variable 'ka' implicitly has an 'any' type.
vendor/tesseract/tesseract-core.wasm.js(16,275): error TS7005: Variable 'ka' implicitly has an 'any' type.
vendor/tesseract/tesseract-core.wasm.js(16,280): error TS7006: Parameter 'e' implicitly has an 'any' type.
vendor/tesseract/tesseract-core.wasm.js(16,362): error TS7006: Parameter 'a' implicitly has an 'any' type.
vendor/tesseract/tesseract-core.wasm.js(16,364): error TS7006: Parameter 'c' implicitly has an 'any' type.
vendor/tesseract/tesseract-core.wasm.js(16,366): error TS7006: Parameter 'd' implicitly has an 'any' type.
vendor/tesseract/tesseract-core.wasm.js(17,13): error TS7006: Parameter 'a' implicitly has an 'any' type.
vendor/tesseract/tesseract-core.wasm.js(17,15): error TS7006: Parameter 'c' implicitly has an 'any' type.
vendor/tesseract/tesseract-core.wasm.js(17,24): error TS7005: Variable 'La' implicitly has an 'any' type.
vendor/tesseract/tesseract-core.wasm.js(17,34): error TS7005: Variable 'ra' implicitly has an 'any' type.
vendor/tesseract/tesseract-core.wasm.js(18,20): error TS7006: Parameter 'a' implicitly has an 'any' type.
vendor/tesseract/tesseract-core.wasm.js(18,24): error TS7005: Variable 'b' implicitly has an 'any' type.
vendor/tesseract/tesseract-core.wasm.js(18,45): error TS7005: Variable 'b' implicitly has an 'any' type.
vendor/tesseract/tesseract-core.wasm.js(18,76): error TS7006: Parameter 'a' implicitly has an 'any' type.
vendor/tesseract/tesseract-core.wasm.js(18,80): error TS7005: Variable 'b' implicitly has an 'any' type.
vendor/tesseract/tesseract-core.wasm.js(18,101): error TS7005: Variable 'b' implicitly has an 'any' type.
vendor/tesseract/tesseract-core.wasm.js(18,132): error TS7006: Parameter 'a' implicitly has an 'any' type.
vendor/tesseract/tesseract-core.wasm.js(18,136): error TS7005: Variable 'b' implicitly has an 'any' type.
vendor/tesseract/tesseract-core.wasm.js(18,157): error TS7005: Variable 'b' implicitly has an 'any' type.
vendor/tesseract/tesseract-core.wasm.js(18,194): error TS7006: Parameter 'a' implicitly has an 'any' type.
vendor/tesseract/tesseract-core.wasm.js(18,297): error TS7006: Parameter 'a' implicitly has an 'any' type.
vendor/tesseract/tesseract-core.wasm.js(18,327): error TS7005: Variable 'b' implicitly has an 'any' type.
vendor/tesseract/tesseract-core.wasm.js(18,342): error TS7006: Parameter 'a' implicitly has an 'any' type.
vendor/tesseract/tesseract-core.wasm.js(19,13): error TS7006: Parameter 'a' implicitly has an 'any' type.
vendor/tesseract/tesseract-core.wasm.js(19,15): error TS7006: Parameter 'c' implicitly has an 'any' type.
vendor/tesseract/tesseract-core.wasm.js(19,17): error TS7006: Parameter 'd' implicitly has an 'any' type.
vendor/tesseract/tesseract-core.wasm.js(19,19): error TS7006: Parameter 'e' implicitly has an 'any' type.
vendor/tesseract/tesseract-core.wasm.js(20,13): error TS7006: Parameter 'a' implicitly has an 'any' type.
vendor/tesseract/tesseract-core.wasm.js(20,15): error TS7006: Parameter 'c' implicitly has an 'any' type.
vendor/tesseract/tesseract-core.wasm.js(20,452): error TS7006: Parameter 'a' implicitly has an 'any' type.
vendor/tesseract/tesseract-core.wasm.js(20,467): error TS7005: Variable 'ua' implicitly has an 'any' type.
vendor/tesseract/tesseract-core.wasm.js(21,13): error TS7006: Parameter 'a' implicitly has an 'any' type.
vendor/tesseract/tesseract-core.wasm.js(21,75): error TS7005: Variable 'p' implicitly has an 'any' type.
vendor/tesseract/tesseract-core.wasm.js(21,100): error TS7005: Variable 'p' implicitly has an 'any' type.
vendor/tesseract/tesseract-core.wasm.js(21,126): error TS7005: Variable 'va' implicitly has an 'any' type.
vendor/tesseract/tesseract-core.wasm.js(21,153): error TS7005: Variable 'r' implicitly has an 'any' type.
vendor/tesseract/tesseract-core.wasm.js(21,179): error TS7005: Variable 'r' implicitly has an 'any' type.
vendor/tesseract/tesseract-core.wasm.js(21,207): error TS7005: Variable 'wa' implicitly has an 'any' type.
vendor/tesseract/tesseract-core.wasm.js(21,237): error TS7005: Variable 'xa' implicitly has an 'any' type.
vendor/tesseract/tesseract-core.wasm.js(21,262): error TS7005: Variable 'u' implicitly has an 'any' type.
vendor/tesseract/tesseract-core.wasm.js(22,13): error TS7006: Parameter 'a' implicitly has an 'any' type.
vendor/tesseract/tesseract-core.wasm.js(22,15): error TS7006: Parameter 'c' implicitly has an 'any' type.
vendor/tesseract/tesseract-core.wasm.js(23,13): error TS7006: Parameter 'a' implicitly has an 'any' type.
vendor/tesseract/tesseract-core.wasm.js(23,46): error TS7006: Parameter 'c' implicitly has an 'any' type.
vendor/tesseract/tesseract-core.wasm.js(23,85): error TS7006: Parameter 'c' implicitly has an 'any' type.
vendor/tesseract/tesseract-core.wasm.js(23,124): error TS7006: Parameter 'c' implicitly has an 'any' type.
vendor/tesseract/tesseract-core.wasm.js(23,126): error TS7006: Parameter 'd' implicitly has an 'any' type.
vendor/tesseract/tesseract-core.wasm.js(24,19): error TS7006: Parameter 'a' implicitly has an 'any' type.
vendor/tesseract/tesseract-core.wasm.js(24,21): error TS7006: Parameter 'c' implicitly has an 'any' type.
vendor/tesseract/tesseract-core.wasm.js(24,191): error TS7006: Parameter 'a' implicitly has an 'any' type.
vendor/tesseract/tesseract-core.wasm.js(24,266): error TS7006: Parameter 'e' implicitly has an 'any' type.
vendor/tesseract/tesseract-core.wasm.js(24,339): error TS7006: Parameter 'a' implicitly has an 'any' type.
vendor/tesseract/tesseract-core.wasm.js(24,349): error TS2531: Object is possibly 'null'.
vendor/tesseract/tesseract-core.wasm.js(24,437): error TS2322: Type 'string' is not assignable to type 'string[]'.
vendor/tesseract/tesseract-core.wasm.js(24,472): error TS2339: Property 'substr' does not exist on type 'string[]'.
vendor/tesseract/tesseract-core.wasm.js(25,7): error TS7006: Parameter 'a' implicitly has an 'any' type.
vendor/tesseract/tesseract-core.wasm.js(25,121): error TS7006: Parameter 'a' implicitly has an 'any' type.
vendor/tesseract/tesseract-core.wasm.js(25,123): error TS7006: Parameter 'c' implicitly has an 'any' type.
vendor/tesseract/tesseract-core.wasm.js(25,230): error TS7006: Parameter 'd' implicitly has an 'any' type.
vendor/tesseract/tesseract-core.wasm.js(25,283): error TS2591: Cannot find name 'crypto'. Do you need to install type definitions for node? Try `npm i --save-dev @types/node` and then add 'node' to the types field in your tsconfig.
vendor/tesseract/tesseract-core.wasm.js(25,320): error TS7006: Parameter 'd' implicitly has an 'any' type.
vendor/tesseract/tesseract-core.wasm.js(25,370): error TS7006: Parameter 'd' implicitly has an 'any' type.
vendor/tesseract/tesseract-core.wasm.js(25,444): error TS7006: Parameter 'a' implicitly has an 'any' type.
vendor/tesseract/tesseract-core.wasm.js(25,453): error TS2722: Cannot invoke an object which is possibly 'undefined'.
vendor/tesseract/tesseract-core.wasm.js(25,454): error TS2630: Cannot assign to 'ib' because it is a function.
vendor/tesseract/tesseract-core.wasm.js(26,219): error TS2339: Property 'charAt' does not exist on type 'never'.
vendor/tesseract/tesseract-core.wasm.js(27,9): error TS7006: Parameter 'a' implicitly has an 'any' type.
vendor/tesseract/tesseract-core.wasm.js(27,11): error TS7006: Parameter 'c' implicitly has an 'any' type.
vendor/tesseract/tesseract-core.wasm.js(27,27): error TS7006: Parameter 'k' implicitly has an 'any' type.
vendor/tesseract/tesseract-core.wasm.js(27,294): error TS2322: Type 'never[]' is not assignable to type 'number'.
vendor/tesseract/tesseract-core.wasm.js(27,324): error TS2339: Property 'push' does not exist on type 'number'.
vendor/tesseract/tesseract-core.wasm.js(27,339): error TS2339: Property 'concat' does not exist on type 'number'.
vendor/tesseract/tesseract-core.wasm.js(27,367): error TS2339: Property 'join' does not exist on type 'number'.
vendor/tesseract/tesseract-core.wasm.js(27,390): error TS7006: Parameter 'a' implicitly has an 'any' type.
vendor/tesseract/tesseract-core.wasm.js(27,392): error TS7006: Parameter 'c' implicitly has an 'any' type.
vendor/tesseract/tesseract-core.wasm.js(27,466): error TS7034: Variable 'mb' implicitly has type 'any[]' in some locations where its type cannot be determined.
vendor/tesseract/tesseract-core.wasm.js(28,13): error TS7006: Parameter 'a' implicitly has an 'any' type.
vendor/tesseract/tesseract-core.wasm.js(28,15): error TS7006: Parameter 'c' implicitly has an 'any' type.
vendor/tesseract/tesseract-core.wasm.js(29,23): error TS7006: Parameter 'a' implicitly has an 'any' type.
vendor/tesseract/tesseract-core.wasm.js(29,32): error TS7005: Variable 'mb' implicitly has an 'any[]' type.
vendor/tesseract/tesseract-core.wasm.js(29,111): error TS7006: Parameter 'a' implicitly has an 'any' type.
vendor/tesseract/tesseract-core.wasm.js(29,152): error TS7006: Parameter 'a' implicitly has an 'any' type.
vendor/tesseract/tesseract-core.wasm.js(29,192): error TS7006: Parameter 'a' implicitly has an 'any' type.
vendor/tesseract/tesseract-core.wasm.js(29,194): error TS7006: Parameter 'c' implicitly has an 'any' type.
vendor/tesseract/tesseract-core.wasm.js(29,196): error TS7006: Parameter 'd' implicitly has an 'any' type.
vendor/tesseract/tesseract-core.wasm.js(29,198): error TS7006: Parameter 'e' implicitly has an 'any' type.
vendor/tesseract/tesseract-core.wasm.js(29,467): error TS7006: Parameter 'a' implicitly has an 'any' type.
vendor/tesseract/tesseract-core.wasm.js(29,469): error TS7006: Parameter 'c' implicitly has an 'any' type.
vendor/tesseract/tesseract-core.wasm.js(29,471): error TS7006: Parameter 'd' implicitly has an 'any' type.
vendor/tesseract/tesseract-core.wasm.js(29,473): error TS7006: Parameter 'e' implicitly has an 'any' type.
vendor/tesseract/tesseract-core.wasm.js(30,140): error TS7006: Parameter 'a' implicitly has an 'any' type.
vendor/tesseract/tesseract-core.wasm.js(30,187): error TS2591: Cannot find name 'Buffer'. Do you need to install type definitions for node? Try `npm i --save-dev @types/node` and then add 'node' to the types field in your tsconfig.
vendor/tesseract/tesseract-core.wasm.js(30,227): error TS2591: Cannot find name 'process'. Do you need to install type definitions for node? Try `npm i --save-dev @types/node` and then add 'node' to the types field in your tsconfig.
vendor/tesseract/tesseract-core.wasm.js(30,268): error TS18046: 'g' is of type 'unknown'.
vendor/tesseract/tesseract-core.wasm.js(30,492): error TS2304: Cannot find name 'readline'.
vendor/tesseract/tesseract-core.wasm.js(31,4): error TS2304: Cannot find name 'readline'.
vendor/tesseract/tesseract-core.wasm.js(31,107): error TS7006: Parameter 'a' implicitly has an 'any' type.
vendor/tesseract/tesseract-core.wasm.js(31,109): error TS7006: Parameter 'c' implicitly has an 'any' type.
vendor/tesseract/tesseract-core.wasm.js(31,201): error TS7006: Parameter 'a' implicitly has an 'any' type.
vendor/tesseract/tesseract-core.wasm.js(31,284): error TS7006: Parameter 'a' implicitly has an 'any' type.
vendor/tesseract/tesseract-core.wasm.js(31,286): error TS7006: Parameter 'c' implicitly has an 'any' type.
vendor/tesseract/tesseract-core.wasm.js(31,378): error TS7006: Parameter 'a' implicitly has an 'any' type.
vendor/tesseract/tesseract-core.wasm.js(32,25): error TS7006: Parameter 'a' implicitly has an 'any' type.
vendor/tesseract/tesseract-core.wasm.js(32,27): error TS7006: Parameter 'c' implicitly has an 'any' type.
vendor/tesseract/tesseract-core.wasm.js(32,29): error TS7006: Parameter 'd' implicitly has an 'any' type.
vendor/tesseract/tesseract-core.wasm.js(32,31): error TS7006: Parameter 'e' implicitly has an 'any' type.
vendor/tesseract/tesseract-core.wasm.js(32,84): error TS2322: Type '{ dir: { node: { Rf: (a: any) => { dev: any; ino: any; mode: any; nlink: number; uid: number; gid: number; rdev: any; size: any; atime: Date; mtime: Date; ctime: Date; xh: number; blocks: number; }; ... 7 more ...; symlink: (a: any, c: any, d: any) => any; }; stream: { ...; }; }; file: { ...; }; link: { ...; }; Zg: ...' is not assignable to type 'null'.
vendor/tesseract/tesseract-core.wasm.js(33,44): error TS18047: 'B.Uf' is possibly 'null'.
vendor/tesseract/tesseract-core.wasm.js(33,63): error TS18047: 'B.Uf' is possibly 'null'.
vendor/tesseract/tesseract-core.wasm.js(33,111): error TS18047: 'B.Uf' is possibly 'null'.
vendor/tesseract/tesseract-core.wasm.js(33,131): error TS18047: 'B.Uf' is possibly 'null'.
vendor/tesseract/tesseract-core.wasm.js(33,185): error TS18047: 'B.Uf' is possibly 'null'.
vendor/tesseract/tesseract-core.wasm.js(33,205): error TS18047: 'B.Uf' is possibly 'null'.
vendor/tesseract/tesseract-core.wasm.js(33,243): error TS18047: 'B.Uf' is possibly 'null'.
vendor/tesseract/tesseract-core.wasm.js(33,261): error TS18047: 'B.Uf' is possibly 'null'.
vendor/tesseract/tesseract-core.wasm.js(33,361): error TS7006: Parameter 'a' implicitly has an 'any' type.
vendor/tesseract/tesseract-core.wasm.js(33,464): error TS7006: Parameter 'a' implicitly has an 'any' type.
vendor/tesseract/tesseract-core.wasm.js(33,466): error TS7006: Parameter 'c' implicitly has an 'any' type.
vendor/tesseract/tesseract-core.wasm.js(34,148): error TS7006: Parameter 'a' implicitly has an 'any' type.
vendor/tesseract/tesseract-core.wasm.js(34,150): error TS7006: Parameter 'c' implicitly has an 'any' type.
vendor/tesseract/tesseract-core.wasm.js(34,297): error TS7006: Parameter 'a' implicitly has an 'any' type.
vendor/tesseract/tesseract-core.wasm.js(35,147): error TS7006: Parameter 'a' implicitly has an 'any' type.
vendor/tesseract/tesseract-core.wasm.js(35,149): error TS7006: Parameter 'c' implicitly has an 'any' type.
vendor/tesseract/tesseract-core.wasm.js(35,313): error TS7006: Parameter 'a' implicitly has an 'any' type.
vendor/tesseract/tesseract-core.wasm.js(35,315): error TS7006: Parameter 'c' implicitly has an 'any' type.
vendor/tesseract/tesseract-core.wasm.js(35,317): error TS7006: Parameter 'd' implicitly has an 'any' type.
vendor/tesseract/tesseract-core.wasm.js(35,319): error TS7006: Parameter 'e' implicitly has an 'any' type.
vendor/tesseract/tesseract-core.wasm.js(35,368): error TS7006: Parameter 'a' implicitly has an 'any' type.
vendor/tesseract/tesseract-core.wasm.js(35,370): error TS7006: Parameter 'c' implicitly has an 'any' type.
vendor/tesseract/tesseract-core.wasm.js(35,372): error TS7006: Parameter 'd' implicitly has an 'any' type.
vendor/tesseract/tesseract-core.wasm.js(36,90): error TS7006: Parameter 'a' implicitly has an 'any' type.
vendor/tesseract/tesseract-core.wasm.js(36,92): error TS7006: Parameter 'c' implicitly has an 'any' type.
vendor/tesseract/tesseract-core.wasm.js(36,149): error TS7006: Parameter 'a' implicitly has an 'any' type.
vendor/tesseract/tesseract-core.wasm.js(36,151): error TS7006: Parameter 'c' implicitly has an 'any' type.
vendor/tesseract/tesseract-core.wasm.js(36,261): error TS7006: Parameter 'a' implicitly has an 'any' type.
vendor/tesseract/tesseract-core.wasm.js(36,358): error TS7006: Parameter 'a' implicitly has an 'any' type.
vendor/tesseract/tesseract-core.wasm.js(36,360): error TS7006: Parameter 'c' implicitly has an 'any' type.
vendor/tesseract/tesseract-core.wasm.js(36,362): error TS7006: Parameter 'd' implicitly has an 'any' type.
vendor/tesseract/tesseract-core.wasm.js(36,430): error TS7006: Parameter 'a' implicitly has an 'any' type.
vendor/tesseract/tesseract-core.wasm.js(36,503): error TS7006: Parameter 'a' implicitly has an 'any' type.
vendor/tesseract/tesseract-core.wasm.js(37,1): error TS7006: Parameter 'c' implicitly has an 'any' type.
vendor/tesseract/tesseract-core.wasm.js(37,3): error TS7006: Parameter 'd' implicitly has an 'any' type.
vendor/tesseract/tesseract-core.wasm.js(37,5): error TS7006: Parameter 'e' implicitly has an 'any' type.
vendor/tesseract/tesseract-core.wasm.js(37,7): error TS7006: Parameter 'g' implicitly has an 'any' type.
vendor/tesseract/tesseract-core.wasm.js(37,183): error TS7006: Parameter 'a' implicitly has an 'any' type.
vendor/tesseract/tesseract-core.wasm.js(37,185): error TS7006: Parameter 'c' implicitly has an 'any' type.
vendor/tesseract/tesseract-core.wasm.js(37,187): error TS7006: Parameter 'd' implicitly has an 'any' type.
vendor/tesseract/tesseract-core.wasm.js(37,189): error TS7006: Parameter 'e' implicitly has an 'any' type.
vendor/tesseract/tesseract-core.wasm.js(37,191): error TS7006: Parameter 'g' implicitly has an 'any' type.
vendor/tesseract/tesseract-core.wasm.js(37,193): error TS7006: Parameter 'h' implicitly has an 'any' type.
vendor/tesseract/tesseract-core.wasm.js(37,207): error TS7005: Variable 'p' implicitly has an 'any' type.
vendor/tesseract/tesseract-core.wasm.js(38,93): error TS7006: Parameter 'a' implicitly has an 'any' type.
vendor/tesseract/tesseract-core.wasm.js(38,95): error TS7006: Parameter 'c' implicitly has an 'any' type.
vendor/tesseract/tesseract-core.wasm.js(38,97): error TS7006: Parameter 'd' implicitly has an 'any' type.
vendor/tesseract/tesseract-core.wasm.js(38,213): error TS7006: Parameter 'a' implicitly has an 'any' type.
vendor/tesseract/tesseract-core.wasm.js(38,215): error TS7006: Parameter 'c' implicitly has an 'any' type.
vendor/tesseract/tesseract-core.wasm.js(38,217): error TS7006: Parameter 'd' implicitly has an 'any' type.
vendor/tesseract/tesseract-core.wasm.js(38,284): error TS7006: Parameter 'a' implicitly has an 'any' type.
vendor/tesseract/tesseract-core.wasm.js(38,286): error TS7006: Parameter 'c' implicitly has an 'any' type.
vendor/tesseract/tesseract-core.wasm.js(38,288): error TS7006: Parameter 'd' implicitly has an 'any' type.
vendor/tesseract/tesseract-core.wasm.js(38,290): error TS7006: Parameter 'e' implicitly has an 'any' type.
vendor/tesseract/tesseract-core.wasm.js(38,292): error TS7006: Parameter 'g' implicitly has an 'any' type.
vendor/tesseract/tesseract-core.wasm.js(38,371): error TS7005: Variable 'p' implicitly has an 'any' type.
vendor/tesseract/tesseract-core.wasm.js(39,1): error TS7005: Variable 'p' implicitly has an 'any' type.
vendor/tesseract/tesseract-core.wasm.js(39,68): error TS7006: Parameter 'a' implicitly has an 'any' type.
vendor/tesseract/tesseract-core.wasm.js(39,70): error TS7006: Parameter 'c' implicitly has an 'any' type.
vendor/tesseract/tesseract-core.wasm.js(39,72): error TS7006: Parameter 'd' implicitly has an 'any' type.
vendor/tesseract/tesseract-core.wasm.js(39,74): error TS7006: Parameter 'e' implicitly has an 'any' type.
vendor/tesseract/tesseract-core.wasm.js(39,126): error TS7006: Parameter 'a' implicitly has an 'any' type.
vendor/tesseract/tesseract-core.wasm.js(39,128): error TS7006: Parameter 'c' implicitly has an 'any' type.
vendor/tesseract/tesseract-core.wasm.js(39,130): error TS7006: Parameter 'd' implicitly has an 'any' type.
vendor/tesseract/tesseract-core.wasm.js(39,147): error TS7005: Variable 'ka' implicitly has an 'any' type.
vendor/tesseract/tesseract-core.wasm.js(39,152): error TS7006: Parameter 'g' implicitly has an 'any' type.
vendor/tesseract/tesseract-core.wasm.js(39,241): error TS2554: Expected 0 arguments, but got 1.
vendor/tesseract/tesseract-core.wasm.js(39,313): error TS2554: Expected 0 arguments, but got 1.
vendor/tesseract/tesseract-core.wasm.js(39,325): error TS2339: Property 'preloadPlugins' does not exist on type '{}'.
vendor/tesseract/tesseract-core.wasm.js(39,356): error TS7006: Parameter 'a' implicitly has an 'any' type.
vendor/tesseract/tesseract-core.wasm.js(39,358): error TS7006: Parameter 'c' implicitly has an 'any' type.
vendor/tesseract/tesseract-core.wasm.js(39,360): error TS7006: Parameter 'd' implicitly has an 'any' type.
vendor/tesseract/tesseract-core.wasm.js(39,362): error TS7006: Parameter 'e' implicitly has an 'any' type.
vendor/tesseract/tesseract-core.wasm.js(39,385): error TS2304: Cannot find name 'Browser'.
vendor/tesseract/tesseract-core.wasm.js(39,394): error TS2304: Cannot find name 'Browser'.
vendor/tesseract/tesseract-core.wasm.js(39,436): error TS7006: Parameter 'h' implicitly has an 'any' type.
vendor/tesseract/tesseract-core.wasm.js(40,13): error TS7006: Parameter 'a' implicitly has an 'any' type.
vendor/tesseract/tesseract-core.wasm.js(40,15): error TS7006: Parameter 'c' implicitly has an 'any' type.
vendor/tesseract/tesseract-core.wasm.js(41,5): error TS7022: 'A' implicitly has type 'any' because it does not have a type annotation and is referenced directly or indirectly in its own initializer.
vendor/tesseract/tesseract-core.wasm.js(41,104): error TS7006: Parameter 'a' implicitly has an 'any' type.
vendor/tesseract/tesseract-core.wasm.js(41,193): error TS2339: Property 'Vg' does not exist on type '{}'.
vendor/tesseract/tesseract-core.wasm.js(41,237): error TS7006: Parameter 'k' implicitly has an 'any' type.
vendor/tesseract/tesseract-core.wasm.js(41,317): error TS2339: Property 'parent' does not exist on type '{}'.
vendor/tesseract/tesseract-core.wasm.js(41,381): error TS2339: Property 'Eg' does not exist on type '{}'.
vendor/tesseract/tesseract-core.wasm.js(41,409): error TS2339: Property 'Qf' does not exist on type '{}'.
vendor/tesseract/tesseract-core.wasm.js(41,416): error TS2322: Type 'number' is not assignable to type 'boolean'.
vendor/tesseract/tesseract-core.wasm.js(41,482): error TS2339: Property 'Vg' does not exist on type '{}'.
vendor/tesseract/tesseract-core.wasm.js(41,497): error TS2356: An arithmetic operand must be of type 'any', 'number', 'bigint' or an enum type.
vendor/tesseract/tesseract-core.wasm.js(42,28): error TS7006: Parameter 'a' implicitly has an 'any' type.
vendor/tesseract/tesseract-core.wasm.js(42,150): error TS7006: Parameter 'a' implicitly has an 'any' type.
vendor/tesseract/tesseract-core.wasm.js(42,152): error TS7006: Parameter 'c' implicitly has an 'any' type.
vendor/tesseract/tesseract-core.wasm.js(42,249): error TS7006: Parameter 'a' implicitly has an 'any' type.
vendor/tesseract/tesseract-core.wasm.js(42,311): error TS7006: Parameter 'a' implicitly has an 'any' type.
vendor/tesseract/tesseract-core.wasm.js(42,439): error TS7006: Parameter 'a' implicitly has an 'any' type.
vendor/tesseract/tesseract-core.wasm.js(42,441): error TS7006: Parameter 'c' implicitly has an 'any' type.
vendor/tesseract/tesseract-core.wasm.js(43,100): error TS7006: Parameter 'a' implicitly has an 'any' type.
vendor/tesseract/tesseract-core.wasm.js(43,102): error TS7006: Parameter 'c' implicitly has an 'any' type.
vendor/tesseract/tesseract-core.wasm.js(43,104): error TS7006: Parameter 'd' implicitly has an 'any' type.
vendor/tesseract/tesseract-core.wasm.js(43,106): error TS7006: Parameter 'e' implicitly has an 'any' type.
vendor/tesseract/tesseract-core.wasm.js(43,152): error TS7006: Parameter 'a' implicitly has an 'any' type.
vendor/tesseract/tesseract-core.wasm.js(43,168): error TS7006: Parameter 'a' implicitly has an 'any' type.
vendor/tesseract/tesseract-core.wasm.js(43,187): error TS7006: Parameter 'a' implicitly has an 'any' type.
vendor/tesseract/tesseract-core.wasm.js(43,204): error TS7006: Parameter 'a' implicitly has an 'any' type.
vendor/tesseract/tesseract-core.wasm.js(43,228): error TS7006: Parameter 'a' implicitly has an 'any' type.
vendor/tesseract/tesseract-core.wasm.js(43,252): error TS7006: Parameter 'a' implicitly has an 'any' type.
vendor/tesseract/tesseract-core.wasm.js(43,276): error TS7006: Parameter 'a' implicitly has an 'any' type.
vendor/tesseract/tesseract-core.wasm.js(43,299): error TS7006: Parameter 'a' implicitly has an 'any' type.
vendor/tesseract/tesseract-core.wasm.js(43,327): error TS7006: Parameter 'a' implicitly has an 'any' type.
vendor/tesseract/tesseract-core.wasm.js(43,356): error TS7006: Parameter 'a' implicitly has an 'any' type.
vendor/tesseract/tesseract-core.wasm.js(43,380): error TS7006: Parameter 'a' implicitly has an 'any' type.
vendor/tesseract/tesseract-core.wasm.js(43,440): error TS7006: Parameter 'a' implicitly has an 'any' type.
vendor/tesseract/tesseract-core.wasm.js(43,442): error TS7006: Parameter 'c' implicitly has an 'any' type.
vendor/tesseract/tesseract-core.wasm.js(44,82): error TS7006: Parameter 'a' implicitly has an 'any' type.
vendor/tesseract/tesseract-core.wasm.js(44,136): error TS7006: Parameter 'a' implicitly has an 'any' type.
vendor/tesseract/tesseract-core.wasm.js(44,138): error TS7006: Parameter 'c' implicitly has an 'any' type.
vendor/tesseract/tesseract-core.wasm.js(44,202): error TS7006: Parameter 'a' implicitly has an 'any' type.
vendor/tesseract/tesseract-core.wasm.js(44,204): error TS7006: Parameter 'c' implicitly has an 'any' type.
vendor/tesseract/tesseract-core.wasm.js(44,206): error TS7006: Parameter 'd' implicitly has an 'any' type.
vendor/tesseract/tesseract-core.wasm.js(44,247): error TS18046: 'g' is of type 'unknown'.
vendor/tesseract/tesseract-core.wasm.js(44,397): error TS7006: Parameter 'a' implicitly has an 'any' type.
vendor/tesseract/tesseract-core.wasm.js(44,399): error TS7006: Parameter 'c' implicitly has an 'any' type.
vendor/tesseract/tesseract-core.wasm.js(45,66): error TS7006: Parameter 'a' implicitly has an 'any' type.
vendor/tesseract/tesseract-core.wasm.js(45,86): error TS7006: Parameter 'a' implicitly has an 'any' type.
vendor/tesseract/tesseract-core.wasm.js(45,88): error TS7006: Parameter 'c' implicitly has an 'any' type.
vendor/tesseract/tesseract-core.wasm.js(45,90): error TS7006: Parameter 'd' implicitly has an 'any' type.
vendor/tesseract/tesseract-core.wasm.js(45,500): error TS7006: Parameter 'a' implicitly has an 'any' type.
vendor/tesseract/tesseract-core.wasm.js(46,30): error TS7006: Parameter 'a' implicitly has an 'any' type.
vendor/tesseract/tesseract-core.wasm.js(46,118): error TS7006: Parameter 'a' implicitly has an 'any' type.
vendor/tesseract/tesseract-core.wasm.js(46,129): error TS7006: Parameter 'a' implicitly has an 'any' type.
vendor/tesseract/tesseract-core.wasm.js(46,142): error TS7006: Parameter 'a' implicitly has an 'any' type.
vendor/tesseract/tesseract-core.wasm.js(46,144): error TS7006: Parameter 'c' implicitly has an 'any' type.
vendor/tesseract/tesseract-core.wasm.js(46,159): error TS7006: Parameter 'a' implicitly has an 'any' type.
vendor/tesseract/tesseract-core.wasm.js(46,161): error TS7006: Parameter 'c' implicitly has an 'any' type.
vendor/tesseract/tesseract-core.wasm.js(46,185): error TS7006: Parameter 'a' implicitly has an 'any' type.
vendor/tesseract/tesseract-core.wasm.js(46,199): error TS7006: Parameter 'a' implicitly has an 'any' type.
vendor/tesseract/tesseract-core.wasm.js(46,292): error TS7006: Parameter 'a' implicitly has an 'any' type.
vendor/tesseract/tesseract-core.wasm.js(46,294): error TS7006: Parameter 'c' implicitly has an 'any' type.
vendor/tesseract/tesseract-core.wasm.js(46,310): error TS7006: Parameter 'k' implicitly has an 'any' type.
vendor/tesseract/tesseract-core.wasm.js(46,341): error TS7023: 'e' implicitly has return type 'any' because it does not have a return type annotation and is referenced directly or indirectly in one of its return expressions.
vendor/tesseract/tesseract-core.wasm.js(46,343): error TS7006: Parameter 'k' implicitly has an 'any' type.
vendor/tesseract/tesseract-core.wasm.js(46,358): error TS2339: Property 'Gh' does not exist on type '(k: any) => any'.
vendor/tesseract/tesseract-core.wasm.js(46,370): error TS2339: Property 'Gh' does not exist on type '(k: any) => any'.
vendor/tesseract/tesseract-core.wasm.js(47,37): error TS7006: Parameter 'k' implicitly has an 'any' type.
vendor/tesseract/tesseract-core.wasm.js(47,94): error TS7006: Parameter 'a' implicitly has an 'any' type.
vendor/tesseract/tesseract-core.wasm.js(47,96): error TS7006: Parameter 'c' implicitly has an 'any' type.
vendor/tesseract/tesseract-core.wasm.js(47,98): error TS7006: Parameter 'd' implicitly has an 'any' type.
vendor/tesseract/tesseract-core.wasm.js(47,383): error TS7006: Parameter 'a' implicitly has an 'any' type.
vendor/tesseract/tesseract-core.wasm.js(48,21): error TS2339: Property 'fg' does not exist on type 'string'.
vendor/tesseract/tesseract-core.wasm.js(48,37): error TS2339: Property 'Lf' does not exist on type 'string'.
vendor/tesseract/tesseract-core.wasm.js(48,113): error TS7006: Parameter 'a' implicitly has an 'any' type.
vendor/tesseract/tesseract-core.wasm.js(48,115): error TS7006: Parameter 'c' implicitly has an 'any' type.
vendor/tesseract/tesseract-core.wasm.js(48,140): error TS7006: Parameter 'a' implicitly has an 'any' type.
vendor/tesseract/tesseract-core.wasm.js(48,142): error TS7006: Parameter 'c' implicitly has an 'any' type.
vendor/tesseract/tesseract-core.wasm.js(48,144): error TS7006: Parameter 'd' implicitly has an 'any' type.
vendor/tesseract/tesseract-core.wasm.js(48,335): error TS7006: Parameter 'a' implicitly has an 'any' type.
vendor/tesseract/tesseract-core.wasm.js(48,337): error TS7006: Parameter 'c' implicitly has an 'any' type.
vendor/tesseract/tesseract-core.wasm.js(48,388): error TS7006: Parameter 'a' implicitly has an 'any' type.
vendor/tesseract/tesseract-core.wasm.js(48,390): error TS7006: Parameter 'c' implicitly has an 'any' type.
vendor/tesseract/tesseract-core.wasm.js(48,438): error TS7006: Parameter 'a' implicitly has an 'any' type.
vendor/tesseract/tesseract-core.wasm.js(48,440): error TS7006: Parameter 'c' implicitly has an 'any' type.
vendor/tesseract/tesseract-core.wasm.js(49,43): error TS18046: 'g' is of type 'unknown'.
vendor/tesseract/tesseract-core.wasm.js(49,64): error TS7006: Parameter 'a' implicitly has an 'any' type.
vendor/tesseract/tesseract-core.wasm.js(49,66): error TS7006: Parameter 'c' implicitly has an 'any' type.
vendor/tesseract/tesseract-core.wasm.js(49,68): error TS7006: Parameter 'd' implicitly has an 'any' type.
vendor/tesseract/tesseract-core.wasm.js(49,142): error TS7006: Parameter 'a' implicitly has an 'any' type.
vendor/tesseract/tesseract-core.wasm.js(49,144): error TS7006: Parameter 'c' implicitly has an 'any' type.
vendor/tesseract/tesseract-core.wasm.js(49,353): error TS7006: Parameter 'a' implicitly has an 'any' type.
vendor/tesseract/tesseract-core.wasm.js(49,355): error TS7006: Parameter 'c' implicitly has an 'any' type.
vendor/tesseract/tesseract-core.wasm.js(50,473): error TS7006: Parameter 'a' implicitly has an 'any' type.
vendor/tesseract/tesseract-core.wasm.js(51,160): error TS7006: Parameter 'a' implicitly has an 'any' type.
vendor/tesseract/tesseract-core.wasm.js(51,254): error TS7006: Parameter 'a' implicitly has an 'any' type.
vendor/tesseract/tesseract-core.wasm.js(51,476): error TS7006: Parameter 'a' implicitly has an 'any' type.
vendor/tesseract/tesseract-core.wasm.js(52,88): error TS7006: Parameter 'a' implicitly has an 'any' type.
vendor/tesseract/tesseract-core.wasm.js(52,90): error TS7006: Parameter 'c' implicitly has an 'any' type.
vendor/tesseract/tesseract-core.wasm.js(52,199): error TS7006: Parameter 'a' implicitly has an 'any' type.
vendor/tesseract/tesseract-core.wasm.js(52,222): error TS7006: Parameter 'a' implicitly has an 'any' type.
vendor/tesseract/tesseract-core.wasm.js(52,224): error TS7006: Parameter 'c' implicitly has an 'any' type.
vendor/tesseract/tesseract-core.wasm.js(52,226): error TS7006: Parameter 'd' implicitly has an 'any' type.
vendor/tesseract/tesseract-core.wasm.js(52,374): error TS7006: Parameter 'a' implicitly has an 'any' type.
vendor/tesseract/tesseract-core.wasm.js(52,376): error TS7006: Parameter 'c' implicitly has an 'any' type.
vendor/tesseract/tesseract-core.wasm.js(52,406): error TS7006: Parameter 'a' implicitly has an 'any' type.
vendor/tesseract/tesseract-core.wasm.js(52,408): error TS7006: Parameter 'c' implicitly has an 'any' type.
vendor/tesseract/tesseract-core.wasm.js(52,473): error TS7006: Parameter 'a' implicitly has an 'any' type.
vendor/tesseract/tesseract-core.wasm.js(52,475): error TS7006: Parameter 'c' implicitly has an 'any' type.
vendor/tesseract/tesseract-core.wasm.js(52,477): error TS7006: Parameter 'd' implicitly has an 'any' type.
vendor/tesseract/tesseract-core.wasm.js(52,479): error TS7006: Parameter 'e' implicitly has an 'any' type.
vendor/tesseract/tesseract-core.wasm.js(53,98): error TS7006: Parameter 'a' implicitly has an 'any' type.
vendor/tesseract/tesseract-core.wasm.js(53,100): error TS7006: Parameter 'c' implicitly has an 'any' type.
vendor/tesseract/tesseract-core.wasm.js(53,102): error TS7006: Parameter 'd' implicitly has an 'any' type.
vendor/tesseract/tesseract-core.wasm.js(53,134): error TS7006: Parameter 'a' implicitly has an 'any' type.
vendor/tesseract/tesseract-core.wasm.js(53,136): error TS7006: Parameter 'c' implicitly has an 'any' type.
vendor/tesseract/tesseract-core.wasm.js(53,138): error TS7006: Parameter 'd' implicitly has an 'any' type.
vendor/tesseract/tesseract-core.wasm.js(53,208): error TS7006: Parameter 'a' implicitly has an 'any' type.
vendor/tesseract/tesseract-core.wasm.js(53,210): error TS7006: Parameter 'c' implicitly has an 'any' type.
vendor/tesseract/tesseract-core.wasm.js(53,478): error TS7006: Parameter 'a' implicitly has an 'any' type.
vendor/tesseract/tesseract-core.wasm.js(53,480): error TS7006: Parameter 'c' implicitly has an 'any' type.
vendor/tesseract/tesseract-core.wasm.js(54,71): error TS7006: Parameter 'a' implicitly has an 'any' type.
vendor/tesseract/tesseract-core.wasm.js(54,73): error TS7006: Parameter 'c' implicitly has an 'any' type.
vendor/tesseract/tesseract-core.wasm.js(54,75): error TS7006: Parameter 'd' implicitly has an 'any' type.
vendor/tesseract/tesseract-core.wasm.js(54,147): error TS7006: Parameter 'a' implicitly has an 'any' type.
vendor/tesseract/tesseract-core.wasm.js(54,149): error TS7006: Parameter 'c' implicitly has an 'any' type.
vendor/tesseract/tesseract-core.wasm.js(54,151): error TS7006: Parameter 'd' implicitly has an 'any' type.
vendor/tesseract/tesseract-core.wasm.js(54,473): error TS2322: Type 'boolean' is not assignable to type 'number'.
vendor/tesseract/tesseract-core.wasm.js(55,21): error TS2322: Type 'boolean' is not assignable to type 'number'.
vendor/tesseract/tesseract-core.wasm.js(55,306): error TS7005: Variable 'b' implicitly has an 'any' type.
vendor/tesseract/tesseract-core.wasm.js(55,384): error TS7006: Parameter 'a' implicitly has an 'any' type.
vendor/tesseract/tesseract-core.wasm.js(56,10): error TS7006: Parameter 'a' implicitly has an 'any' type.
vendor/tesseract/tesseract-core.wasm.js(56,29): error TS7006: Parameter 'a' implicitly has an 'any' type.
vendor/tesseract/tesseract-core.wasm.js(56,31): error TS7006: Parameter 'c' implicitly has an 'any' type.
vendor/tesseract/tesseract-core.wasm.js(56,33): error TS7006: Parameter 'd' implicitly has an 'any' type.
vendor/tesseract/tesseract-core.wasm.js(56,209): error TS7006: Parameter 'a' implicitly has an 'any' type.
vendor/tesseract/tesseract-core.wasm.js(56,211): error TS7006: Parameter 'c' implicitly has an 'any' type.
vendor/tesseract/tesseract-core.wasm.js(56,213): error TS7006: Parameter 'd' implicitly has an 'any' type.
vendor/tesseract/tesseract-core.wasm.js(56,215): error TS7006: Parameter 'e' implicitly has an 'any' type.
vendor/tesseract/tesseract-core.wasm.js(56,217): error TS7006: Parameter 'g' implicitly has an 'any' type.
vendor/tesseract/tesseract-core.wasm.js(57,42): error TS7006: Parameter 'a' implicitly has an 'any' type.
vendor/tesseract/tesseract-core.wasm.js(57,44): error TS7006: Parameter 'c' implicitly has an 'any' type.
vendor/tesseract/tesseract-core.wasm.js(57,46): error TS7006: Parameter 'd' implicitly has an 'any' type.
vendor/tesseract/tesseract-core.wasm.js(57,48): error TS7006: Parameter 'e' implicitly has an 'any' type.
vendor/tesseract/tesseract-core.wasm.js(57,50): error TS7006: Parameter 'g' implicitly has an 'any' type.
vendor/tesseract/tesseract-core.wasm.js(57,52): error TS7006: Parameter 'h' implicitly has an 'any' type.
vendor/tesseract/tesseract-core.wasm.js(57,417): error TS7006: Parameter 'a' implicitly has an 'any' type.
vendor/tesseract/tesseract-core.wasm.js(57,419): error TS7006: Parameter 'c' implicitly has an 'any' type.
vendor/tesseract/tesseract-core.wasm.js(57,421): error TS7006: Parameter 'd' implicitly has an 'any' type.
vendor/tesseract/tesseract-core.wasm.js(58,145): error TS7006: Parameter 'a' implicitly has an 'any' type.
vendor/tesseract/tesseract-core.wasm.js(58,147): error TS7006: Parameter 'c' implicitly has an 'any' type.
vendor/tesseract/tesseract-core.wasm.js(58,149): error TS7006: Parameter 'd' implicitly has an 'any' type.
vendor/tesseract/tesseract-core.wasm.js(58,151): error TS7006: Parameter 'e' implicitly has an 'any' type.
vendor/tesseract/tesseract-core.wasm.js(58,153): error TS7006: Parameter 'g' implicitly has an 'any' type.
vendor/tesseract/tesseract-core.wasm.js(58,328): error TS7006: Parameter 'a' implicitly has an 'any' type.
vendor/tesseract/tesseract-core.wasm.js(58,330): error TS7006: Parameter 'c' implicitly has an 'any' type.
vendor/tesseract/tesseract-core.wasm.js(58,332): error TS7006: Parameter 'd' implicitly has an 'any' type.
vendor/tesseract/tesseract-core.wasm.js(58,334): error TS7006: Parameter 'e' implicitly has an 'any' type.
vendor/tesseract/tesseract-core.wasm.js(58,336): error TS7006: Parameter 'g' implicitly has an 'any' type.
vendor/tesseract/tesseract-core.wasm.js(58,382): error TS7006: Parameter 'a' implicitly has an 'any' type.
vendor/tesseract/tesseract-core.wasm.js(58,384): error TS7006: Parameter 'c' implicitly has an 'any' type.
vendor/tesseract/tesseract-core.wasm.js(58,386): error TS7006: Parameter 'd' implicitly has an 'any' type.
vendor/tesseract/tesseract-core.wasm.js(58,455): error TS7006: Parameter 'a' implicitly has an 'any' type.
vendor/tesseract/tesseract-core.wasm.js(58,467): error TS2339: Property 'flags' does not exist on type '{}'.
vendor/tesseract/tesseract-core.wasm.js(58,475): error TS2339: Property 'flags' does not exist on type '{}'.
vendor/tesseract/tesseract-core.wasm.js(58,486): error TS2339: Property 'encoding' does not exist on type '{}'.
vendor/tesseract/tesseract-core.wasm.js(58,497): error TS2339: Property 'encoding' does not exist on type '{}'.
vendor/tesseract/tesseract-core.wasm.js(59,24): error TS2339: Property 'encoding' does not exist on type '{}'.
vendor/tesseract/tesseract-core.wasm.js(59,47): error TS2339: Property 'encoding' does not exist on type '{}'.
vendor/tesseract/tesseract-core.wasm.js(59,96): error TS2339: Property 'encoding' does not exist on type '{}'.
vendor/tesseract/tesseract-core.wasm.js(59,129): error TS2339: Property 'flags' does not exist on type '{}'.
vendor/tesseract/tesseract-core.wasm.js(59,206): error TS2339: Property 'encoding' does not exist on type '{}'.
vendor/tesseract/tesseract-core.wasm.js(59,238): error TS2339: Property 'encoding' does not exist on type '{}'.
vendor/tesseract/tesseract-core.wasm.js(59,286): error TS7006: Parameter 'a' implicitly has an 'any' type.
vendor/tesseract/tesseract-core.wasm.js(59,288): error TS7006: Parameter 'c' implicitly has an 'any' type.
vendor/tesseract/tesseract-core.wasm.js(59,300): error TS2339: Property 'flags' does not exist on type '{}'.
vendor/tesseract/tesseract-core.wasm.js(59,308): error TS2339: Property 'flags' does not exist on type '{}'.
vendor/tesseract/tesseract-core.wasm.js(59,332): error TS2339: Property 'flags' does not exist on type '{}'.
vendor/tesseract/tesseract-core.wasm.js(59,340): error TS2339: Property 'mode' does not exist on type '{}'.
vendor/tesseract/tesseract-core.wasm.js(59,445): error TS2339: Property 'yh' does not exist on type '{}'.
vendor/tesseract/tesseract-core.wasm.js(60,10): error TS2339: Property 'yh' does not exist on type '{}'.
vendor/tesseract/tesseract-core.wasm.js(60,87): error TS7006: Parameter 'a' implicitly has an 'any' type.
vendor/tesseract/tesseract-core.wasm.js(60,371): error TS7006: Parameter 'e' implicitly has an 'any' type.
vendor/tesseract/tesseract-core.wasm.js(60,373): error TS7006: Parameter 'g' implicitly has an 'any' type.
vendor/tesseract/tesseract-core.wasm.js(60,375): error TS7006: Parameter 'h' implicitly has an 'any' type.
vendor/tesseract/tesseract-core.wasm.js(60,377): error TS7006: Parameter 'k' implicitly has an 'any' type.
vendor/tesseract/tesseract-core.wasm.js(61,318): error TS7006: Parameter 'd' implicitly has an 'any' type.
vendor/tesseract/tesseract-core.wasm.js(61,320): error TS7006: Parameter 'e' implicitly has an 'any' type.
vendor/tesseract/tesseract-core.wasm.js(61,480): error TS7005: Variable 'b' implicitly has an 'any' type.
vendor/tesseract/tesseract-core.wasm.js(62,1): error TS7005: Variable 'b' implicitly has an 'any' type.
vendor/tesseract/tesseract-core.wasm.js(62,45): error TS7005: Variable 'b' implicitly has an 'any' type.
vendor/tesseract/tesseract-core.wasm.js(62,80): error TS7005: Variable 'b' implicitly has an 'any' type.
vendor/tesseract/tesseract-core.wasm.js(62,126): error TS7005: Variable 'b' implicitly has an 'any' type.
vendor/tesseract/tesseract-core.wasm.js(62,161): error TS7005: Variable 'b' implicitly has an 'any' type.
vendor/tesseract/tesseract-core.wasm.js(62,309): error TS7006: Parameter 'a' implicitly has an 'any' type.
vendor/tesseract/tesseract-core.wasm.js(62,311): error TS7006: Parameter 'c' implicitly has an 'any' type.
vendor/tesseract/tesseract-core.wasm.js(62,366): error TS7006: Parameter 'd' implicitly has an 'any' type.
vendor/tesseract/tesseract-core.wasm.js(63,135): error TS7006: Parameter 'a' implicitly has an 'any' type.
vendor/tesseract/tesseract-core.wasm.js(63,137): error TS7006: Parameter 'c' implicitly has an 'any' type.
vendor/tesseract/tesseract-core.wasm.js(63,139): error TS7006: Parameter 'd' implicitly has an 'any' type.
vendor/tesseract/tesseract-core.wasm.js(63,162): error TS7005: Variable 'b' implicitly has an 'any' type.
vendor/tesseract/tesseract-core.wasm.js(63,173): error TS7005: Variable 'b' implicitly has an 'any' type.
vendor/tesseract/tesseract-core.wasm.js(63,181): error TS7005: Variable 'b' implicitly has an 'any' type.
vendor/tesseract/tesseract-core.wasm.js(63,193): error TS7005: Variable 'b' implicitly has an 'any' type.
vendor/tesseract/tesseract-core.wasm.js(63,202): error TS7005: Variable 'b' implicitly has an 'any' type.
vendor/tesseract/tesseract-core.wasm.js(63,214): error TS7005: Variable 'b' implicitly has an 'any' type.
vendor/tesseract/tesseract-core.wasm.js(63,325): error TS7006: Parameter 'a' implicitly has an 'any' type.
vendor/tesseract/tesseract-core.wasm.js(63,327): error TS7006: Parameter 'c' implicitly has an 'any' type.
vendor/tesseract/tesseract-core.wasm.js(63,379): error TS7006: Parameter 'a' implicitly has an 'any' type.
vendor/tesseract/tesseract-core.wasm.js(63,381): error TS7006: Parameter 'c' implicitly has an 'any' type.
vendor/tesseract/tesseract-core.wasm.js(64,195): error TS18046: 'g' is of type 'unknown'.
vendor/tesseract/tesseract-core.wasm.js(64,214): error TS7006: Parameter 'a' implicitly has an 'any' type.
vendor/tesseract/tesseract-core.wasm.js(64,216): error TS7006: Parameter 'c' implicitly has an 'any' type.
vendor/tesseract/tesseract-core.wasm.js(64,367): error TS2454: Variable 'e' is used before being assigned.
vendor/tesseract/tesseract-core.wasm.js(64,374): error TS7006: Parameter 'a' implicitly has an 'any' type.
vendor/tesseract/tesseract-core.wasm.js(64,376): error TS7006: Parameter 'c' implicitly has an 'any' type.
vendor/tesseract/tesseract-core.wasm.js(64,378): error TS7006: Parameter 'd' implicitly has an 'any' type.
vendor/tesseract/tesseract-core.wasm.js(64,380): error TS7006: Parameter 'e' implicitly has an 'any' type.
vendor/tesseract/tesseract-core.wasm.js(64,382): error TS7006: Parameter 'g' implicitly has an 'any' type.
vendor/tesseract/tesseract-core.wasm.js(64,464): error TS7006: Parameter 'a' implicitly has an 'any' type.
vendor/tesseract/tesseract-core.wasm.js(64,466): error TS7006: Parameter 'c' implicitly has an 'any' type.
vendor/tesseract/tesseract-core.wasm.js(64,468): error TS7006: Parameter 'd' implicitly has an 'any' type.
vendor/tesseract/tesseract-core.wasm.js(64,470): error TS7006: Parameter 'e' implicitly has an 'any' type.
vendor/tesseract/tesseract-core.wasm.js(64,472): error TS7006: Parameter 'g' implicitly has an 'any' type.
vendor/tesseract/tesseract-core.wasm.js(64,474): error TS7006: Parameter 'h' implicitly has an 'any' type.
vendor/tesseract/tesseract-core.wasm.js(65,263): error TS7006: Parameter 'a' implicitly has an 'any' type.
vendor/tesseract/tesseract-core.wasm.js(65,265): error TS7006: Parameter 'c' implicitly has an 'any' type.
vendor/tesseract/tesseract-core.wasm.js(65,267): error TS7006: Parameter 'd' implicitly has an 'any' type.
vendor/tesseract/tesseract-core.wasm.js(65,269): error TS7006: Parameter 'e' implicitly has an 'any' type.
vendor/tesseract/tesseract-core.wasm.js(65,384): error TS7006: Parameter 'h' implicitly has an 'any' type.
vendor/tesseract/tesseract-core.wasm.js(65,457): error TS7006: Parameter 'h' implicitly has an 'any' type.
vendor/tesseract/tesseract-core.wasm.js(65,459): error TS7006: Parameter 'k' implicitly has an 'any' type.
vendor/tesseract/tesseract-core.wasm.js(65,461): error TS7006: Parameter 'm' implicitly has an 'any' type.
vendor/tesseract/tesseract-core.wasm.js(65,463): error TS7006: Parameter 'v' implicitly has an 'any' type.
vendor/tesseract/tesseract-core.wasm.js(66,166): error TS7006: Parameter 'h' implicitly has an 'any' type.
vendor/tesseract/tesseract-core.wasm.js(66,168): error TS7006: Parameter 'k' implicitly has an 'any' type.
vendor/tesseract/tesseract-core.wasm.js(66,170): error TS7006: Parameter 'm' implicitly has an 'any' type.
vendor/tesseract/tesseract-core.wasm.js(66,172): error TS7006: Parameter 'v' implicitly has an 'any' type.
vendor/tesseract/tesseract-core.wasm.js(66,308): error TS7006: Parameter 'a' implicitly has an 'any' type.
vendor/tesseract/tesseract-core.wasm.js(67,4): error TS7005: Variable 'ja' implicitly has an 'any' type.
vendor/tesseract/tesseract-core.wasm.js(67,151): error TS7006: Parameter 'a' implicitly has an 'any' type.
vendor/tesseract/tesseract-core.wasm.js(67,153): error TS7006: Parameter 'c' implicitly has an 'any' type.
vendor/tesseract/tesseract-core.wasm.js(67,155): error TS7006: Parameter 'd' implicitly has an 'any' type.
vendor/tesseract/tesseract-core.wasm.js(67,157): error TS7006: Parameter 'e' implicitly has an 'any' type.
vendor/tesseract/tesseract-core.wasm.js(67,159): error TS7006: Parameter 'g' implicitly has an 'any' type.
vendor/tesseract/tesseract-core.wasm.js(67,188): error TS7008: Member 'Of' implicitly has an 'any[]' type.
vendor/tesseract/tesseract-core.wasm.js(67,224): error TS7006: Parameter 'q' implicitly has an 'any' type.
vendor/tesseract/tesseract-core.wasm.js(67,239): error TS2339: Property 'length' does not exist on type 'h'.
vendor/tesseract/tesseract-core.wasm.js(67,268): error TS2339: Property 'chunkSize' does not exist on type 'h'.
vendor/tesseract/tesseract-core.wasm.js(67,300): error TS2339: Property 'chunkSize' does not exist on type 'h'.
vendor/tesseract/tesseract-core.wasm.js(67,342): error TS7006: Parameter 'q' implicitly has an 'any' type.
vendor/tesseract/tesseract-core.wasm.js(68,136): error TS2322: Type 'string | boolean | null' is not assignable to type 'XMLHttpRequest'.
  Type 'null' is not assignable to type 'XMLHttpRequest'.
vendor/tesseract/tesseract-core.wasm.js(68,233): error TS7006: Parameter 'E' implicitly has an 'any' type.
vendor/tesseract/tesseract-core.wasm.js(69,283): error TS2322: Type 'any[] | Uint8Array<any>' is not assignable to type 'number'.
  Type 'any[]' is not assignable to type 'number'.
vendor/tesseract/tesseract-core.wasm.js(70,367): error TS2353: Object literal may only specify known properties, and 'Pg' does not exist in type 'h'.
vendor/tesseract/tesseract-core.wasm.js(70,387): error TS2353: Object literal may only specify known properties, and 'Pg' does not exist in type 'h'.
vendor/tesseract/tesseract-core.wasm.js(70,424): error TS2339: Property 'Ef' does not exist on type 'h'.
vendor/tesseract/tesseract-core.wasm.js(70,434): error TS2339: Property 'Ef' does not exist on type 'h'.
vendor/tesseract/tesseract-core.wasm.js(70,439): error TS2339: Property 'url' does not exist on type 'h'.
vendor/tesseract/tesseract-core.wasm.js(70,463): error TS2339: Property 'url' does not exist on type 'h'.
vendor/tesseract/tesseract-core.wasm.js(71,54): error TS7053: Element implicitly has an 'any' type because expression of type 'string' can't be used to index type '{ read(q: any, t: any, F: any, U: any, l: any): any; eg(): never; }'.
  No index signature with a parameter of type 'string' was found on type '{ read(q: any, t: any, F: any, U: any, l: any): any; eg(): never; }'.
vendor/tesseract/tesseract-core.wasm.js(71,120): error TS7006: Parameter 'q' implicitly has an 'any' type.
vendor/tesseract/tesseract-core.wasm.js(71,122): error TS7006: Parameter 't' implicitly has an 'any' type.
vendor/tesseract/tesseract-core.wasm.js(71,124): error TS7006: Parameter 'F' implicitly has an 'any' type.
vendor/tesseract/tesseract-core.wasm.js(71,126): error TS7006: Parameter 'U' implicitly has an 'any' type.
vendor/tesseract/tesseract-core.wasm.js(71,128): error TS7006: Parameter 'l' implicitly has an 'any' type.
vendor/tesseract/tesseract-core.wasm.js(72,13): error TS7006: Parameter 'a' implicitly has an 'any' type.
vendor/tesseract/tesseract-core.wasm.js(72,15): error TS7006: Parameter 'c' implicitly has an 'any' type.
vendor/tesseract/tesseract-core.wasm.js(72,17): error TS7006: Parameter 'd' implicitly has an 'any' type.
vendor/tesseract/tesseract-core.wasm.js(73,13): error TS7006: Parameter 'a' implicitly has an 'any' type.
vendor/tesseract/tesseract-core.wasm.js(73,15): error TS7006: Parameter 'c' implicitly has an 'any' type.
vendor/tesseract/tesseract-core.wasm.js(73,17): error TS7006: Parameter 'd' implicitly has an 'any' type.
vendor/tesseract/tesseract-core.wasm.js(73,52): error TS2339: Property 'node' does not exist on type '{}'.
vendor/tesseract/tesseract-core.wasm.js(73,76): error TS2339: Property 'node' does not exist on type '{}'.
vendor/tesseract/tesseract-core.wasm.js(75,251): error TS18048: 'yb' is possibly 'undefined'.
vendor/tesseract/tesseract-core.wasm.js(75,264): error TS7005: Variable 'r' implicitly has an 'any' type.
vendor/tesseract/tesseract-core.wasm.js(75,266): error TS18048: 'yb' is possibly 'undefined'.
vendor/tesseract/tesseract-core.wasm.js(75,287): error TS7006: Parameter 'a' implicitly has an 'any' type.
vendor/tesseract/tesseract-core.wasm.js(75,398): error TS7006: Parameter 'a' implicitly has an 'any' type.
vendor/tesseract/tesseract-core.wasm.js(76,113): error TS7006: Parameter 'a' implicitly has an 'any' type.
vendor/tesseract/tesseract-core.wasm.js(76,190): error TS7006: Parameter 'a' implicitly has an 'any' type.
vendor/tesseract/tesseract-core.wasm.js(76,223): error TS7005: Variable 'ua' implicitly has an 'any' type.
vendor/tesseract/tesseract-core.wasm.js(76,244): error TS7034: Variable 'Hb' implicitly has type 'any[]' in some locations where its type cannot be determined.
vendor/tesseract/tesseract-core.wasm.js(76,270): error TS2591: Cannot find name 'process'. Do you need to install type definitions for node? Try `npm i --save-dev @types/node` and then add 'node' to the types field in your tsconfig.
vendor/tesseract/tesseract-core.wasm.js(77,19): error TS7005: Variable 'Lb' implicitly has an 'any' type.
vendor/tesseract/tesseract-core.wasm.js(77,261): error TS7053: Element implicitly has an 'any' type because expression of type 'string' can't be used to index type '{}'.
  No index signature with a parameter of type 'string' was found on type '{}'.
vendor/tesseract/tesseract-core.wasm.js(77,274): error TS7053: Element implicitly has an 'any' type because expression of type 'string' can't be used to index type '{ USER: string; LOGNAME: string; PATH: string; PWD: string; HOME: string; LANG: string; _: string; }'.
  No index signature with a parameter of type 'string' was found on type '{ USER: string; LOGNAME: string; PATH: string; PWD: string; HOME: string; LANG: string; _: string; }'.
vendor/tesseract/tesseract-core.wasm.js(77,279): error TS7053: Element implicitly has an 'any' type because expression of type 'string' can't be used to index type '{ USER: string; LOGNAME: string; PATH: string; PWD: string; HOME: string; LANG: string; _: string; }'.
  No index signature with a parameter of type 'string' was found on type '{ USER: string; LOGNAME: string; PATH: string; PWD: string; HOME: string; LANG: string; _: string; }'.
vendor/tesseract/tesseract-core.wasm.js(77,284): error TS7053: Element implicitly has an 'any' type because expression of type 'string' can't be used to index type '{}'.
  No index signature with a parameter of type 'string' was found on type '{}'.
vendor/tesseract/tesseract-core.wasm.js(77,323): error TS7053: Element implicitly has an 'any' type because expression of type 'string' can't be used to index type '{ USER: string; LOGNAME: string; PATH: string; PWD: string; HOME: string; LANG: string; _: string; }'.
  No index signature with a parameter of type 'string' was found on type '{ USER: string; LOGNAME: string; PATH: string; PWD: string; HOME: string; LANG: string; _: string; }'.
vendor/tesseract/tesseract-core.wasm.js(77,348): error TS7034: Variable 'Lb' implicitly has type 'any' in some locations where its type cannot be determined.
vendor/tesseract/tesseract-core.wasm.js(78,13): error TS7006: Parameter 'a' implicitly has an 'any' type.
vendor/tesseract/tesseract-core.wasm.js(78,15): error TS7006: Parameter 'c' implicitly has an 'any' type.
vendor/tesseract/tesseract-core.wasm.js(78,17): error TS7006: Parameter 'd' implicitly has an 'any' type.
vendor/tesseract/tesseract-core.wasm.js(78,19): error TS7006: Parameter 'e' implicitly has an 'any' type.
vendor/tesseract/tesseract-core.wasm.js(78,33): error TS7006: Parameter 'l' implicitly has an 'any' type.
vendor/tesseract/tesseract-core.wasm.js(78,35): error TS7006: Parameter 'w' implicitly has an 'any' type.
vendor/tesseract/tesseract-core.wasm.js(78,37): error TS7006: Parameter 'E' implicitly has an 'any' type.
vendor/tesseract/tesseract-core.wasm.js(78,125): error TS7006: Parameter 'l' implicitly has an 'any' type.
vendor/tesseract/tesseract-core.wasm.js(78,127): error TS7006: Parameter 'w' implicitly has an 'any' type.
vendor/tesseract/tesseract-core.wasm.js(78,159): error TS7006: Parameter 'l' implicitly has an 'any' type.
vendor/tesseract/tesseract-core.wasm.js(78,161): error TS7006: Parameter 'w' implicitly has an 'any' type.
vendor/tesseract/tesseract-core.wasm.js(78,175): error TS7006: Parameter 'qa' implicitly has an 'any' type.
vendor/tesseract/tesseract-core.wasm.js(78,342): error TS7006: Parameter 'l' implicitly has an 'any' type.
vendor/tesseract/tesseract-core.wasm.js(79,158): error TS7006: Parameter 'l' implicitly has an 'any' type.
vendor/tesseract/tesseract-core.wasm.js(80,99): error TS7005: Variable 'r' implicitly has an 'any' type.
vendor/tesseract/tesseract-core.wasm.js(80,116): error TS7005: Variable 'r' implicitly has an 'any' type.
vendor/tesseract/tesseract-core.wasm.js(80,127): error TS7005: Variable 'r' implicitly has an 'any' type.
vendor/tesseract/tesseract-core.wasm.js(80,140): error TS7005: Variable 'r' implicitly has an 'any' type.
vendor/tesseract/tesseract-core.wasm.js(80,153): error TS7005: Variable 'r' implicitly has an 'any' type.
vendor/tesseract/tesseract-core.wasm.js(80,167): error TS7005: Variable 'r' implicitly has an 'any' type.
vendor/tesseract/tesseract-core.wasm.js(80,181): error TS7005: Variable 'r' implicitly has an 'any' type.
vendor/tesseract/tesseract-core.wasm.js(80,195): error TS7005: Variable 'r' implicitly has an 'any' type.
vendor/tesseract/tesseract-core.wasm.js(80,209): error TS7005: Variable 'r' implicitly has an 'any' type.
vendor/tesseract/tesseract-core.wasm.js(80,223): error TS7005: Variable 'r' implicitly has an 'any' type.
vendor/tesseract/tesseract-core.wasm.js(80,237): error TS7005: Variable 'r' implicitly has an 'any' type.
vendor/tesseract/tesseract-core.wasm.js(81,379): error TS7006: Parameter 'l' implicitly has an 'any' type.
vendor/tesseract/tesseract-core.wasm.js(81,427): error TS7006: Parameter 'l' implicitly has an 'any' type.
vendor/tesseract/tesseract-core.wasm.js(81,460): error TS7006: Parameter 'l' implicitly has an 'any' type.
vendor/tesseract/tesseract-core.wasm.js(81,508): error TS7006: Parameter 'l' implicitly has an 'any' type.
vendor/tesseract/tesseract-core.wasm.js(82,15): error TS7006: Parameter 'l' implicitly has an 'any' type.
vendor/tesseract/tesseract-core.wasm.js(82,63): error TS7006: Parameter 'l' implicitly has an 'any' type.
vendor/tesseract/tesseract-core.wasm.js(82,98): error TS7006: Parameter 'l' implicitly has an 'any' type.
vendor/tesseract/tesseract-core.wasm.js(82,137): error TS7006: Parameter 'l' implicitly has an 'any' type.
vendor/tesseract/tesseract-core.wasm.js(82,191): error TS7006: Parameter 'l' implicitly has an 'any' type.
vendor/tesseract/tesseract-core.wasm.js(82,221): error TS7006: Parameter 'l' implicitly has an 'any' type.
vendor/tesseract/tesseract-core.wasm.js(82,256): error TS7006: Parameter 'l' implicitly has an 'any' type.
vendor/tesseract/tesseract-core.wasm.js(82,319): error TS7006: Parameter 'l' implicitly has an 'any' type.
vendor/tesseract/tesseract-core.wasm.js(82,413): error TS7006: Parameter 'l' implicitly has an 'any' type.
vendor/tesseract/tesseract-core.wasm.js(82,450): error TS7006: Parameter 'l' implicitly has an 'any' type.
vendor/tesseract/tesseract-core.wasm.js(82,513): error TS7006: Parameter 'l' implicitly has an 'any' type.
vendor/tesseract/tesseract-core.wasm.js(83,40): error TS7006: Parameter 'l' implicitly has an 'any' type.
vendor/tesseract/tesseract-core.wasm.js(83,103): error TS7006: Parameter 'l' implicitly has an 'any' type.
vendor/tesseract/tesseract-core.wasm.js(83,136): error TS7006: Parameter 'l' implicitly has an 'any' type.
vendor/tesseract/tesseract-core.wasm.js(83,194): error TS7006: Parameter 'l' implicitly has an 'any' type.
vendor/tesseract/tesseract-core.wasm.js(83,424): error TS7006: Parameter 'l' implicitly has an 'any' type.
vendor/tesseract/tesseract-core.wasm.js(83,454): error TS7006: Parameter 'l' implicitly has an 'any' type.
vendor/tesseract/tesseract-core.wasm.js(84,15): error TS7006: Parameter 'l' implicitly has an 'any' type.
vendor/tesseract/tesseract-core.wasm.js(84,75): error TS7006: Parameter 'l' implicitly has an 'any' type.
vendor/tesseract/tesseract-core.wasm.js(84,110): error TS7006: Parameter 'l' implicitly has an 'any' type.
vendor/tesseract/tesseract-core.wasm.js(84,222): error TS7006: Parameter 'l' implicitly has an 'any' type.
vendor/tesseract/tesseract-core.wasm.js(84,388): error TS2322: Type 'any[]' is not assignable to type 'string'.
vendor/tesseract/tesseract-core.wasm.js(84,422): error TS7005: Variable 'p' implicitly has an 'any' type.
vendor/tesseract/tesseract-core.wasm.js(84,455): error TS7034: Variable 'Pb' implicitly has type 'any[]' in some locations where its type cannot be determined.
vendor/tesseract/tesseract-core.wasm.js(85,13): error TS7006: Parameter 'a' implicitly has an 'any' type.
vendor/tesseract/tesseract-core.wasm.js(85,22): error TS7005: Variable 'Pb' implicitly has an 'any[]' type.
vendor/tesseract/tesseract-core.wasm.js(85,70): error TS7005: Variable 'za' implicitly has an 'any' type.
vendor/tesseract/tesseract-core.wasm.js(85,102): error TS7006: Parameter 'a' implicitly has an 'any' type.
vendor/tesseract/tesseract-core.wasm.js(85,104): error TS7006: Parameter 'c' implicitly has an 'any' type.
vendor/tesseract/tesseract-core.wasm.js(85,106): error TS7006: Parameter 'd' implicitly has an 'any' type.
vendor/tesseract/tesseract-core.wasm.js(85,108): error TS7006: Parameter 'e' implicitly has an 'any' type.
vendor/tesseract/tesseract-core.wasm.js(87,15): error TS7006: Parameter 'a' implicitly has an 'any' type.
vendor/tesseract/tesseract-core.wasm.js(87,17): error TS7006: Parameter 'c' implicitly has an 'any' type.
vendor/tesseract/tesseract-core.wasm.js(87,19): error TS7006: Parameter 'd' implicitly has an 'any' type.
vendor/tesseract/tesseract-core.wasm.js(87,21): error TS7006: Parameter 'e' implicitly has an 'any' type.
vendor/tesseract/tesseract-core.wasm.js(87,23): error TS7006: Parameter 'g' implicitly has an 'any' type.
vendor/tesseract/tesseract-core.wasm.js(87,25): error TS7006: Parameter 'h' implicitly has an 'any' type.
vendor/tesseract/tesseract-core.wasm.js(87,27): error TS7006: Parameter 'k' implicitly has an 'any' type.
vendor/tesseract/tesseract-core.wasm.js(87,29): error TS7006: Parameter 'm' implicitly has an 'any' type.
vendor/tesseract/tesseract-core.wasm.js(87,31): error TS7006: Parameter 'v' implicitly has an 'any' type.
vendor/tesseract/tesseract-core.wasm.js(87,33): error TS7006: Parameter 'q' implicitly has an 'any' type.
vendor/tesseract/tesseract-core.wasm.js(87,47): error TS7006: Parameter 'l' implicitly has an 'any' type.
vendor/tesseract/tesseract-core.wasm.js(87,61): error TS7006: Parameter 'E' implicitly has an 'any' type.
vendor/tesseract/tesseract-core.wasm.js(87,102): error TS2554: Expected 0 arguments, but got 1.
vendor/tesseract/tesseract-core.wasm.js(87,129): error TS2554: Expected 0 arguments, but got 1.
vendor/tesseract/tesseract-core.wasm.js(87,179): error TS2554: Expected 0 arguments, but got 1.
vendor/tesseract/tesseract-core.wasm.js(87,206): error TS7006: Parameter 'l' implicitly has an 'any' type.
vendor/tesseract/tesseract-core.wasm.js(87,232): error TS2339: Property 'FS_createPath' does not exist on type '{}'.
vendor/tesseract/tesseract-core.wasm.js(87,253): error TS2339: Property 'FS_createDataFile' does not exist on type '{}'.
vendor/tesseract/tesseract-core.wasm.js(87,278): error TS2339: Property 'FS_createPreloadedFile' does not exist on type '{}'.
vendor/tesseract/tesseract-core.wasm.js(87,308): error TS2339: Property 'FS_unlink' does not exist on type '{}'.
vendor/tesseract/tesseract-core.wasm.js(87,329): error TS2339: Property 'FS_createLazyFile' does not exist on type '{}'.
vendor/tesseract/tesseract-core.wasm.js(87,354): error TS2339: Property 'FS_createDevice' does not exist on type '{}'.
vendor/tesseract/tesseract-core.wasm.js(88,46): error TS7006: Parameter 'a' implicitly has an 'any' type.
vendor/tesseract/tesseract-core.wasm.js(90,13): error TS7006: Parameter 'a' implicitly has an 'any' type.
vendor/tesseract/tesseract-core.wasm.js(90,93): error TS2591: Cannot find name 'Buffer'. Do you need to install type definitions for node? Try `npm i --save-dev @types/node` and then add 'node' to the types field in your tsconfig.
vendor/tesseract/tesseract-core.wasm.js(91,20): error TS7006: Parameter 'a' implicitly has an 'any' type.
vendor/tesseract/tesseract-core.wasm.js(91,22): error TS7006: Parameter 'c' implicitly has an 'any' type.
vendor/tesseract/tesseract-core.wasm.js(91,24): error TS7006: Parameter 'd' implicitly has an 'any' type.
vendor/tesseract/tesseract-core.wasm.js(91,26): error TS7006: Parameter 'e' implicitly has an 'any' type.
vendor/tesseract/tesseract-core.wasm.js(91,134): error TS7006: Parameter 'a' implicitly has an 'any' type.
vendor/tesseract/tesseract-core.wasm.js(91,136): error TS7006: Parameter 'c' implicitly has an 'any' type.
vendor/tesseract/tesseract-core.wasm.js(91,138): error TS7006: Parameter 'd' implicitly has an 'any' type.
vendor/tesseract/tesseract-core.wasm.js(91,193): error TS7006: Parameter 'a' implicitly has an 'any' type.
vendor/tesseract/tesseract-core.wasm.js(91,195): error TS7006: Parameter 'c' implicitly has an 'any' type.
vendor/tesseract/tesseract-core.wasm.js(91,197): error TS7006: Parameter 'd' implicitly has an 'any' type.
vendor/tesseract/tesseract-core.wasm.js(92,26): error TS18046: 'h' is of type 'unknown'.
vendor/tesseract/tesseract-core.wasm.js(92,48): error TS18046: 'h' is of type 'unknown'.
vendor/tesseract/tesseract-core.wasm.js(92,66): error TS7006: Parameter 'a' implicitly has an 'any' type.
vendor/tesseract/tesseract-core.wasm.js(92,68): error TS7006: Parameter 'c' implicitly has an 'any' type.
vendor/tesseract/tesseract-core.wasm.js(92,164): error TS18046: 'e' is of type 'unknown'.
vendor/tesseract/tesseract-core.wasm.js(92,186): error TS18046: 'e' is of type 'unknown'.
vendor/tesseract/tesseract-core.wasm.js(92,204): error TS7006: Parameter 'a' implicitly has an 'any' type.
vendor/tesseract/tesseract-core.wasm.js(92,206): error TS7006: Parameter 'c' implicitly has an 'any' type.
vendor/tesseract/tesseract-core.wasm.js(92,278): error TS7005: Variable 'ua' implicitly has an 'any' type.
vendor/tesseract/tesseract-core.wasm.js(92,345): error TS18046: 'g' is of type 'unknown'.
vendor/tesseract/tesseract-core.wasm.js(92,367): error TS18046: 'g' is of type 'unknown'.
vendor/tesseract/tesseract-core.wasm.js(92,385): error TS7006: Parameter 'a' implicitly has an 'any' type.
vendor/tesseract/tesseract-core.wasm.js(92,387): error TS7006: Parameter 'c' implicitly has an 'any' type.
vendor/tesseract/tesseract-core.wasm.js(92,389): error TS7006: Parameter 'd' implicitly has an 'any' type.
vendor/tesseract/tesseract-core.wasm.js(93,264): error TS18046: 'h' is of type 'unknown'.
vendor/tesseract/tesseract-core.wasm.js(93,286): error TS18046: 'h' is of type 'unknown'.
vendor/tesseract/tesseract-core.wasm.js(93,304): error TS7006: Parameter 'a' implicitly has an 'any' type.
vendor/tesseract/tesseract-core.wasm.js(93,306): error TS7006: Parameter 'c' implicitly has an 'any' type.
vendor/tesseract/tesseract-core.wasm.js(93,308): error TS7006: Parameter 'd' implicitly has an 'any' type.
vendor/tesseract/tesseract-core.wasm.js(93,310): error TS7006: Parameter 'e' implicitly has an 'any' type.
vendor/tesseract/tesseract-core.wasm.js(93,435): error TS18046: 'h' is of type 'unknown'.
vendor/tesseract/tesseract-core.wasm.js(93,457): error TS18046: 'h' is of type 'unknown'.
vendor/tesseract/tesseract-core.wasm.js(93,475): error TS7006: Parameter 'a' implicitly has an 'any' type.
vendor/tesseract/tesseract-core.wasm.js(93,477): error TS7006: Parameter 'c' implicitly has an 'any' type.
vendor/tesseract/tesseract-core.wasm.js(93,479): error TS7006: Parameter 'd' implicitly has an 'any' type.
vendor/tesseract/tesseract-core.wasm.js(93,481): error TS7006: Parameter 'e' implicitly has an 'any' type.
vendor/tesseract/tesseract-core.wasm.js(94,98): error TS18046: 'h' is of type 'unknown'.
vendor/tesseract/tesseract-core.wasm.js(94,120): error TS18046: 'h' is of type 'unknown'.
vendor/tesseract/tesseract-core.wasm.js(94,138): error TS7006: Parameter 'a' implicitly has an 'any' type.
vendor/tesseract/tesseract-core.wasm.js(94,222): error TS18046: 'c' is of type 'unknown'.
vendor/tesseract/tesseract-core.wasm.js(94,244): error TS18046: 'c' is of type 'unknown'.
vendor/tesseract/tesseract-core.wasm.js(94,262): error TS7006: Parameter 'a' implicitly has an 'any' type.
vendor/tesseract/tesseract-core.wasm.js(94,264): error TS7006: Parameter 'c' implicitly has an 'any' type.
vendor/tesseract/tesseract-core.wasm.js(94,350): error TS18046: 'd' is of type 'unknown'.
vendor/tesseract/tesseract-core.wasm.js(94,372): error TS18046: 'd' is of type 'unknown'.
vendor/tesseract/tesseract-core.wasm.js(94,390): error TS7006: Parameter 'a' implicitly has an 'any' type.
vendor/tesseract/tesseract-core.wasm.js(94,392): error TS7006: Parameter 'c' implicitly has an 'any' type.
vendor/tesseract/tesseract-core.wasm.js(94,394): error TS7006: Parameter 'd' implicitly has an 'any' type.
vendor/tesseract/tesseract-core.wasm.js(95,26): error TS18046: 'e' is of type 'unknown'.
vendor/tesseract/tesseract-core.wasm.js(95,48): error TS18046: 'e' is of type 'unknown'.
vendor/tesseract/tesseract-core.wasm.js(95,66): error TS7006: Parameter 'a' implicitly has an 'any' type.
vendor/tesseract/tesseract-core.wasm.js(95,78): error TS7005: Variable 'u' implicitly has an 'any' type.
vendor/tesseract/tesseract-core.wasm.js(95,97): error TS7005: Variable 'u' implicitly has an 'any' type.
vendor/tesseract/tesseract-core.wasm.js(95,116): error TS7005: Variable 'u' implicitly has an 'any' type.
vendor/tesseract/tesseract-core.wasm.js(95,170): error TS7005: Variable 'p' implicitly has an 'any' type.
vendor/tesseract/tesseract-core.wasm.js(95,204): error TS7005: Variable 'u' implicitly has an 'any' type.
vendor/tesseract/tesseract-core.wasm.js(95,278): error TS7006: Parameter 'a' implicitly has an 'any' type.
vendor/tesseract/tesseract-core.wasm.js(95,280): error TS7006: Parameter 'c' implicitly has an 'any' type.
vendor/tesseract/tesseract-core.wasm.js(95,299): error TS7005: Variable 'u' implicitly has an 'any' type.
vendor/tesseract/tesseract-core.wasm.js(95,318): error TS7005: Variable 'r' implicitly has an 'any' type.
vendor/tesseract/tesseract-core.wasm.js(96,108): error TS7006: Parameter 'a' implicitly has an 'any' type.
vendor/tesseract/tesseract-core.wasm.js(96,110): error TS7006: Parameter 'c' implicitly has an 'any' type.
vendor/tesseract/tesseract-core.wasm.js(96,129): error TS7005: Variable 'u' implicitly has an 'any' type.
vendor/tesseract/tesseract-core.wasm.js(96,148): error TS7005: Variable 'r' implicitly has an 'any' type.
vendor/tesseract/tesseract-core.wasm.js(97,12): error TS2362: The left-hand side of an arithmetic operation must be of type 'any', 'number', 'bigint' or an enum type.
vendor/tesseract/tesseract-core.wasm.js(97,71): error TS7006: Parameter 'a' implicitly has an 'any' type.
vendor/tesseract/tesseract-core.wasm.js(97,89): error TS7005: Variable 'r' implicitly has an 'any' type.
vendor/tesseract/tesseract-core.wasm.js(97,105): error TS7005: Variable 'r' implicitly has an 'any' type.
vendor/tesseract/tesseract-core.wasm.js(97,116): error TS7005: Variable 'r' implicitly has an 'any' type.
vendor/tesseract/tesseract-core.wasm.js(97,127): error TS7005: Variable 'r' implicitly has an 'any' type.
vendor/tesseract/tesseract-core.wasm.js(97,137): error TS7005: Variable 'r' implicitly has an 'any' type.
vendor/tesseract/tesseract-core.wasm.js(97,147): error TS7005: Variable 'r' implicitly has an 'any' type.
vendor/tesseract/tesseract-core.wasm.js(97,160): error TS7005: Variable 'r' implicitly has an 'any' type.
vendor/tesseract/tesseract-core.wasm.js(98,84): error TS2339: Property 'getYear' does not exist on type 'Date'.
vendor/tesseract/tesseract-core.wasm.js(98,131): error TS7006: Parameter 'a' implicitly has an 'any' type.
vendor/tesseract/tesseract-core.wasm.js(98,133): error TS7006: Parameter 'c' implicitly has an 'any' type.
vendor/tesseract/tesseract-core.wasm.js(98,135): error TS7006: Parameter 'd' implicitly has an 'any' type.
vendor/tesseract/tesseract-core.wasm.js(98,137): error TS7006: Parameter 'e' implicitly has an 'any' type.
vendor/tesseract/tesseract-core.wasm.js(98,139): error TS7006: Parameter 'g' implicitly has an 'any' type.
vendor/tesseract/tesseract-core.wasm.js(98,141): error TS7006: Parameter 'h' implicitly has an 'any' type.
vendor/tesseract/tesseract-core.wasm.js(98,143): error TS7006: Parameter 'k' implicitly has an 'any' type.
vendor/tesseract/tesseract-core.wasm.js(98,269): error TS18046: 't' is of type 'unknown'.
vendor/tesseract/tesseract-core.wasm.js(98,291): error TS18046: 't' is of type 'unknown'.
vendor/tesseract/tesseract-core.wasm.js(98,309): error TS7006: Parameter 'a' implicitly has an 'any' type.
vendor/tesseract/tesseract-core.wasm.js(98,311): error TS7006: Parameter 'c' implicitly has an 'any' type.
vendor/tesseract/tesseract-core.wasm.js(98,313): error TS7006: Parameter 'd' implicitly has an 'any' type.
vendor/tesseract/tesseract-core.wasm.js(98,315): error TS7006: Parameter 'e' implicitly has an 'any' type.
vendor/tesseract/tesseract-core.wasm.js(98,317): error TS7006: Parameter 'g' implicitly has an 'any' type.
vendor/tesseract/tesseract-core.wasm.js(98,319): error TS7006: Parameter 'h' implicitly has an 'any' type.
vendor/tesseract/tesseract-core.wasm.js(98,408): error TS7005: Variable 'ua' implicitly has an 'any' type.
vendor/tesseract/tesseract-core.wasm.js(98,492): error TS18046: 'v' is of type 'unknown'.
vendor/tesseract/tesseract-core.wasm.js(99,8): error TS18046: 'v' is of type 'unknown'.
vendor/tesseract/tesseract-core.wasm.js(99,26): error TS7006: Parameter 'a' implicitly has an 'any' type.
vendor/tesseract/tesseract-core.wasm.js(99,28): error TS7006: Parameter 'c' implicitly has an 'any' type.
vendor/tesseract/tesseract-core.wasm.js(99,30): error TS7006: Parameter 'd' implicitly has an 'any' type.
vendor/tesseract/tesseract-core.wasm.js(99,44): error TS7006: Parameter 'v' implicitly has an 'any' type.
vendor/tesseract/tesseract-core.wasm.js(99,391): error TS7006: Parameter 'a' implicitly has an 'any' type.
vendor/tesseract/tesseract-core.wasm.js(99,393): error TS7006: Parameter 'c' implicitly has an 'any' type.
vendor/tesseract/tesseract-core.wasm.js(99,395): error TS7006: Parameter 'd' implicitly has an 'any' type.
vendor/tesseract/tesseract-core.wasm.js(99,428): error TS7005: Variable 'ua' implicitly has an 'any' type.
vendor/tesseract/tesseract-core.wasm.js(99,440): error TS2362: The left-hand side of an arithmetic operation must be of type 'any', 'number', 'bigint' or an enum type.
vendor/tesseract/tesseract-core.wasm.js(99,464): error TS7005: Variable 'r' implicitly has an 'any' type.
vendor/tesseract/tesseract-core.wasm.js(99,469): error TS7005: Variable 'xa' implicitly has an 'any' type.
vendor/tesseract/tesseract-core.wasm.js(99,492): error TS7053: Element implicitly has an 'any' type because expression of type 'any' can't be used to index type '{ 629308: (a: any) => void; 629377: (a: any) => void; 629446: (a: any) => void; }'.
vendor/tesseract/tesseract-core.wasm.js(100,1): error TS7005: Variable 'Hb' implicitly has an 'any[]' type.
vendor/tesseract/tesseract-core.wasm.js(100,54): error TS7006: Parameter 'a' implicitly has an 'any' type.
vendor/tesseract/tesseract-core.wasm.js(100,56): error TS7006: Parameter 'c' implicitly has an 'any' type.
vendor/tesseract/tesseract-core.wasm.js(100,58): error TS7006: Parameter 'd' implicitly has an 'any' type.
vendor/tesseract/tesseract-core.wasm.js(100,61): error TS7005: Variable 'ua' implicitly has an 'any' type.
vendor/tesseract/tesseract-core.wasm.js(100,96): error TS7006: Parameter 'a' implicitly has an 'any' type.
vendor/tesseract/tesseract-core.wasm.js(100,103): error TS7034: Variable 'c' implicitly has type 'any' in some locations where its type cannot be determined.
vendor/tesseract/tesseract-core.wasm.js(100,176): error TS7005: Variable 'c' implicitly has an 'any' type.
vendor/tesseract/tesseract-core.wasm.js(100,282): error TS7005: Variable 'sa' implicitly has an 'any' type.
vendor/tesseract/tesseract-core.wasm.js(100,296): error TS7005: Variable 'sa' implicitly has an 'any' type.
vendor/tesseract/tesseract-core.wasm.js(100,383): error TS2322: Type 'undefined' is not assignable to type 'number'.
vendor/tesseract/tesseract-core.wasm.js(100,427): error TS7006: Parameter 'a' implicitly has an 'any' type.
vendor/tesseract/tesseract-core.wasm.js(100,429): error TS7006: Parameter 'c' implicitly has an 'any' type.
vendor/tesseract/tesseract-core.wasm.js(100,462): error TS7006: Parameter 'e' implicitly has an 'any' type.
vendor/tesseract/tesseract-core.wasm.js(100,464): error TS7006: Parameter 'g' implicitly has an 'any' type.
vendor/tesseract/tesseract-core.wasm.js(101,87): error TS7006: Parameter 'a' implicitly has an 'any' type.
vendor/tesseract/tesseract-core.wasm.js(101,89): error TS7006: Parameter 'c' implicitly has an 'any' type.
vendor/tesseract/tesseract-core.wasm.js(101,147): error TS7006: Parameter 'g' implicitly has an 'any' type.
vendor/tesseract/tesseract-core.wasm.js(101,197): error TS7006: Parameter 'a' implicitly has an 'any' type.
vendor/tesseract/tesseract-core.wasm.js(101,222): error TS7005: Variable 'b' implicitly has an 'any' type.
vendor/tesseract/tesseract-core.wasm.js(101,231): error TS7005: Variable 'b' implicitly has an 'any' type.
vendor/tesseract/tesseract-core.wasm.js(101,277): error TS7006: Parameter 'a' implicitly has an 'any' type.
vendor/tesseract/tesseract-core.wasm.js(101,366): error TS18046: 'd' is of type 'unknown'.
vendor/tesseract/tesseract-core.wasm.js(101,388): error TS18046: 'd' is of type 'unknown'.
vendor/tesseract/tesseract-core.wasm.js(101,406): error TS7006: Parameter 'a' implicitly has an 'any' type.
vendor/tesseract/tesseract-core.wasm.js(101,408): error TS7006: Parameter 'c' implicitly has an 'any' type.
vendor/tesseract/tesseract-core.wasm.js(101,410): error TS7006: Parameter 'd' implicitly has an 'any' type.
vendor/tesseract/tesseract-core.wasm.js(101,412): error TS7006: Parameter 'e' implicitly has an 'any' type.
vendor/tesseract/tesseract-core.wasm.js(101,469): error TS7005: Variable 'u' implicitly has an 'any' type.
vendor/tesseract/tesseract-core.wasm.js(101,479): error TS7005: Variable 'u' implicitly has an 'any' type.
vendor/tesseract/tesseract-core.wasm.js(102,1): error TS7005: Variable 'p' implicitly has an 'any' type.
vendor/tesseract/tesseract-core.wasm.js(102,78): error TS2322: Type 'string' is not assignable to type 'never'.
vendor/tesseract/tesseract-core.wasm.js(102,157): error TS18046: 'F' is of type 'unknown'.
vendor/tesseract/tesseract-core.wasm.js(102,179): error TS18046: 'F' is of type 'unknown'.
vendor/tesseract/tesseract-core.wasm.js(102,197): error TS7006: Parameter 'a' implicitly has an 'any' type.
vendor/tesseract/tesseract-core.wasm.js(102,199): error TS7006: Parameter 'c' implicitly has an 'any' type.
vendor/tesseract/tesseract-core.wasm.js(102,201): error TS7006: Parameter 'd' implicitly has an 'any' type.
vendor/tesseract/tesseract-core.wasm.js(102,203): error TS7006: Parameter 'e' implicitly has an 'any' type.
vendor/tesseract/tesseract-core.wasm.js(102,205): error TS7006: Parameter 'g' implicitly has an 'any' type.
vendor/tesseract/tesseract-core.wasm.js(102,236): error TS2363: The right-hand side of an arithmetic operation must be of type 'any', 'number', 'bigint' or an enum type.
vendor/tesseract/tesseract-core.wasm.js(103,26): error TS18046: 'k' is of type 'unknown'.
vendor/tesseract/tesseract-core.wasm.js(103,48): error TS18046: 'k' is of type 'unknown'.
vendor/tesseract/tesseract-core.wasm.js(103,66): error TS7006: Parameter 'a' implicitly has an 'any' type.
vendor/tesseract/tesseract-core.wasm.js(103,68): error TS7006: Parameter 'c' implicitly has an 'any' type.
vendor/tesseract/tesseract-core.wasm.js(103,70): error TS7006: Parameter 'd' implicitly has an 'any' type.
vendor/tesseract/tesseract-core.wasm.js(103,72): error TS7006: Parameter 'e' implicitly has an 'any' type.
vendor/tesseract/tesseract-core.wasm.js(103,129): error TS7005: Variable 'u' implicitly has an 'any' type.
vendor/tesseract/tesseract-core.wasm.js(103,139): error TS7005: Variable 'u' implicitly has an 'any' type.
vendor/tesseract/tesseract-core.wasm.js(103,170): error TS7005: Variable 'p' implicitly has an 'any' type.
vendor/tesseract/tesseract-core.wasm.js(103,234): error TS2322: Type 'string' is not assignable to type 'never'.
vendor/tesseract/tesseract-core.wasm.js(103,313): error TS18046: 'F' is of type 'unknown'.
vendor/tesseract/tesseract-core.wasm.js(103,335): error TS18046: 'F' is of type 'unknown'.
vendor/tesseract/tesseract-core.wasm.js(103,413): error TS7006: Parameter 'a' implicitly has an 'any' type.
vendor/tesseract/tesseract-core.wasm.js(103,415): error TS7006: Parameter 'c' implicitly has an 'any' type.
vendor/tesseract/tesseract-core.wasm.js(103,417): error TS7006: Parameter 'd' implicitly has an 'any' type.
vendor/tesseract/tesseract-core.wasm.js(103,419): error TS7006: Parameter 'e' implicitly has an 'any' type.
vendor/tesseract/tesseract-core.wasm.js(104,24): error TS7006: Parameter 'd' implicitly has an 'any' type.
vendor/tesseract/tesseract-core.wasm.js(104,39): error TS7005: Variable 'b' implicitly has an 'any' type.
vendor/tesseract/tesseract-core.wasm.js(104,50): error TS7005: Variable 'b' implicitly has an 'any' type.
vendor/tesseract/tesseract-core.wasm.js(104,66): error TS7005: Variable 'b' implicitly has an 'any' type.
vendor/tesseract/tesseract-core.wasm.js(104,86): error TS7005: Variable 'b' implicitly has an 'any' type.
vendor/tesseract/tesseract-core.wasm.js(104,98): error TS2554: Expected 0 arguments, but got 1.
vendor/tesseract/tesseract-core.wasm.js(104,143): error TS2554: Expected 0 arguments, but got 1.
vendor/tesseract/tesseract-core.wasm.js(104,168): error TS2339: Property 'instantiateWasm' does not exist on type '{}'.
vendor/tesseract/tesseract-core.wasm.js(104,197): error TS2339: Property 'instantiateWasm' does not exist on type '{}'.
vendor/tesseract/tesseract-core.wasm.js(104,287): error TS2722: Cannot invoke an object which is possibly 'undefined'.
vendor/tesseract/tesseract-core.wasm.js(104,287): error TS18048: 'ba' is possibly 'undefined'.
vendor/tesseract/tesseract-core.wasm.js(104,307): error TS7006: Parameter 'd' implicitly has an 'any' type.
vendor/tesseract/tesseract-core.wasm.js(105,10): error TS2339: Property '_emscripten_bind_ParagraphJustification___destroy___0' does not exist on type '{}'.
vendor/tesseract/tesseract-core.wasm.js(105,85): error TS7005: Variable 'b' implicitly has an 'any' type.
vendor/tesseract/tesseract-core.wasm.js(105,141): error TS7005: Variable 'b' implicitly has an 'any' type.
vendor/tesseract/tesseract-core.wasm.js(105,178): error TS2339: Property '_emscripten_bind_BoolPtr___destroy___0' does not exist on type '{}'.
vendor/tesseract/tesseract-core.wasm.js(105,238): error TS7005: Variable 'b' implicitly has an 'any' type.
vendor/tesseract/tesseract-core.wasm.js(105,279): error TS7005: Variable 'b' implicitly has an 'any' type.
vendor/tesseract/tesseract-core.wasm.js(105,316): error TS2339: Property '_emscripten_bind_TessResultRenderer_BeginDocument_1' does not exist on type '{}'.
vendor/tesseract/tesseract-core.wasm.js(105,389): error TS7005: Variable 'b' implicitly has an 'any' type.
vendor/tesseract/tesseract-core.wasm.js(105,443): error TS7005: Variable 'b' implicitly has an 'any' type.
vendor/tesseract/tesseract-core.wasm.js(105,480): error TS2339: Property '_emscripten_bind_TessResultRenderer_AddImage_1' does not exist on type '{}'.
vendor/tesseract/tesseract-core.wasm.js(106,22): error TS7005: Variable 'b' implicitly has an 'any' type.
vendor/tesseract/tesseract-core.wasm.js(106,71): error TS7005: Variable 'b' implicitly has an 'any' type.
vendor/tesseract/tesseract-core.wasm.js(106,108): error TS2339: Property '_emscripten_bind_TessResultRenderer_EndDocument_0' does not exist on type '{}'.
vendor/tesseract/tesseract-core.wasm.js(106,179): error TS7005: Variable 'b' implicitly has an 'any' type.
vendor/tesseract/tesseract-core.wasm.js(106,231): error TS7005: Variable 'b' implicitly has an 'any' type.
vendor/tesseract/tesseract-core.wasm.js(106,268): error TS2339: Property '_emscripten_bind_TessResultRenderer_happy_0' does not exist on type '{}'.
vendor/tesseract/tesseract-core.wasm.js(106,333): error TS7005: Variable 'b' implicitly has an 'any' type.
vendor/tesseract/tesseract-core.wasm.js(106,379): error TS7005: Variable 'b' implicitly has an 'any' type.
vendor/tesseract/tesseract-core.wasm.js(106,416): error TS2339: Property '_emscripten_bind_TessResultRenderer_file_extension_0' does not exist on type '{}'.
vendor/tesseract/tesseract-core.wasm.js(106,490): error TS7005: Variable 'b' implicitly has an 'any' type.
vendor/tesseract/tesseract-core.wasm.js(107,1): error TS7005: Variable 'b' implicitly has an 'any' type.
vendor/tesseract/tesseract-core.wasm.js(107,39): error TS2339: Property '_emscripten_bind_TessResultRenderer_title_0' does not exist on type '{}'.
vendor/tesseract/tesseract-core.wasm.js(107,104): error TS7005: Variable 'b' implicitly has an 'any' type.
vendor/tesseract/tesseract-core.wasm.js(107,150): error TS7005: Variable 'b' implicitly has an 'any' type.
vendor/tesseract/tesseract-core.wasm.js(107,188): error TS2339: Property '_emscripten_bind_TessResultRenderer_imagenum_0' does not exist on type '{}'.
vendor/tesseract/tesseract-core.wasm.js(107,256): error TS7005: Variable 'b' implicitly has an 'any' type.
vendor/tesseract/tesseract-core.wasm.js(107,305): error TS7005: Variable 'b' implicitly has an 'any' type.
vendor/tesseract/tesseract-core.wasm.js(107,343): error TS2339: Property '_emscripten_bind_TessResultRenderer___destroy___0' does not exist on type '{}'.
vendor/tesseract/tesseract-core.wasm.js(107,414): error TS7005: Variable 'b' implicitly has an 'any' type.
vendor/tesseract/tesseract-core.wasm.js(107,466): error TS7005: Variable 'b' implicitly has an 'any' type.
vendor/tesseract/tesseract-core.wasm.js(108,3): error TS2339: Property '_emscripten_bind_LongStarPtr___destroy___0' does not exist on type '{}'.
vendor/tesseract/tesseract-core.wasm.js(108,67): error TS7005: Variable 'b' implicitly has an 'any' type.
vendor/tesseract/tesseract-core.wasm.js(108,112): error TS7005: Variable 'b' implicitly has an 'any' type.
vendor/tesseract/tesseract-core.wasm.js(108,150): error TS2339: Property '_emscripten_bind_VoidPtr___destroy___0' does not exist on type '{}'.
vendor/tesseract/tesseract-core.wasm.js(108,210): error TS7005: Variable 'b' implicitly has an 'any' type.
vendor/tesseract/tesseract-core.wasm.js(108,251): error TS7005: Variable 'b' implicitly has an 'any' type.
vendor/tesseract/tesseract-core.wasm.js(108,289): error TS2339: Property '_emscripten_bind_ResultIterator_ResultIterator_1' does not exist on type '{}'.
vendor/tesseract/tesseract-core.wasm.js(108,359): error TS7005: Variable 'b' implicitly has an 'any' type.
vendor/tesseract/tesseract-core.wasm.js(108,410): error TS7005: Variable 'b' implicitly has an 'any' type.
vendor/tesseract/tesseract-core.wasm.js(108,448): error TS2339: Property '_emscripten_bind_ResultIterator_Begin_0' does not exist on type '{}'.
vendor/tesseract/tesseract-core.wasm.js(109,1): error TS7005: Variable 'b' implicitly has an 'any' type.
vendor/tesseract/tesseract-core.wasm.js(109,43): error TS7005: Variable 'b' implicitly has an 'any' type.
vendor/tesseract/tesseract-core.wasm.js(109,81): error TS2339: Property '_emscripten_bind_ResultIterator_RestartParagraph_0' does not exist on type '{}'.
vendor/tesseract/tesseract-core.wasm.js(109,153): error TS7005: Variable 'b' implicitly has an 'any' type.
vendor/tesseract/tesseract-core.wasm.js(109,206): error TS7005: Variable 'b' implicitly has an 'any' type.
vendor/tesseract/tesseract-core.wasm.js(109,244): error TS2339: Property '_emscripten_bind_ResultIterator_IsWithinFirstTextlineOfParagraph_0' does not exist on type '{}'.
vendor/tesseract/tesseract-core.wasm.js(109,332): error TS7005: Variable 'b' implicitly has an 'any' type.
vendor/tesseract/tesseract-core.wasm.js(109,401): error TS7005: Variable 'b' implicitly has an 'any' type.
vendor/tesseract/tesseract-core.wasm.js(109,439): error TS2339: Property '_emscripten_bind_ResultIterator_RestartRow_0' does not exist on type '{}'.
vendor/tesseract/tesseract-core.wasm.js(110,1): error TS7005: Variable 'b' implicitly has an 'any' type.
vendor/tesseract/tesseract-core.wasm.js(110,48): error TS7005: Variable 'b' implicitly has an 'any' type.
vendor/tesseract/tesseract-core.wasm.js(110,86): error TS2339: Property '_emscripten_bind_ResultIterator_Next_1' does not exist on type '{}'.
vendor/tesseract/tesseract-core.wasm.js(110,146): error TS7005: Variable 'b' implicitly has an 'any' type.
vendor/tesseract/tesseract-core.wasm.js(110,187): error TS7005: Variable 'b' implicitly has an 'any' type.
vendor/tesseract/tesseract-core.wasm.js(110,225): error TS2339: Property '_emscripten_bind_ResultIterator_IsAtBeginningOf_1' does not exist on type '{}'.
vendor/tesseract/tesseract-core.wasm.js(110,296): error TS7005: Variable 'b' implicitly has an 'any' type.
vendor/tesseract/tesseract-core.wasm.js(110,348): error TS7005: Variable 'b' implicitly has an 'any' type.
vendor/tesseract/tesseract-core.wasm.js(110,386): error TS2339: Property '_emscripten_bind_ResultIterator_IsAtFinalElement_2' does not exist on type '{}'.
vendor/tesseract/tesseract-core.wasm.js(110,458): error TS7005: Variable 'b' implicitly has an 'any' type.
vendor/tesseract/tesseract-core.wasm.js(111,1): error TS7005: Variable 'b' implicitly has an 'any' type.
vendor/tesseract/tesseract-core.wasm.js(111,39): error TS2339: Property '_emscripten_bind_ResultIterator_Cmp_1' does not exist on type '{}'.
vendor/tesseract/tesseract-core.wasm.js(111,98): error TS7005: Variable 'b' implicitly has an 'any' type.
vendor/tesseract/tesseract-core.wasm.js(111,138): error TS7005: Variable 'b' implicitly has an 'any' type.
vendor/tesseract/tesseract-core.wasm.js(111,176): error TS2339: Property '_emscripten_bind_ResultIterator_SetBoundingBoxComponents_2' does not exist on type '{}'.
vendor/tesseract/tesseract-core.wasm.js(111,256): error TS7005: Variable 'b' implicitly has an 'any' type.
vendor/tesseract/tesseract-core.wasm.js(111,317): error TS7005: Variable 'b' implicitly has an 'any' type.
vendor/tesseract/tesseract-core.wasm.js(111,355): error TS2339: Property '_emscripten_bind_ResultIterator_BoundingBox_5' does not exist on type '{}'.
vendor/tesseract/tesseract-core.wasm.js(111,422): error TS7005: Variable 'b' implicitly has an 'any' type.
vendor/tesseract/tesseract-core.wasm.js(111,470): error TS7005: Variable 'b' implicitly has an 'any' type.
vendor/tesseract/tesseract-core.wasm.js(112,6): error TS2339: Property '_emscripten_bind_ResultIterator_BoundingBox_6' does not exist on type '{}'.
vendor/tesseract/tesseract-core.wasm.js(112,73): error TS7005: Variable 'b' implicitly has an 'any' type.
vendor/tesseract/tesseract-core.wasm.js(112,121): error TS7005: Variable 'b' implicitly has an 'any' type.
vendor/tesseract/tesseract-core.wasm.js(112,159): error TS2339: Property '_emscripten_bind_ResultIterator_BoundingBoxInternal_5' does not exist on type '{}'.
vendor/tesseract/tesseract-core.wasm.js(112,234): error TS7005: Variable 'b' implicitly has an 'any' type.
vendor/tesseract/tesseract-core.wasm.js(112,290): error TS7005: Variable 'b' implicitly has an 'any' type.
vendor/tesseract/tesseract-core.wasm.js(112,328): error TS2339: Property '_emscripten_bind_ResultIterator_Empty_1' does not exist on type '{}'.
vendor/tesseract/tesseract-core.wasm.js(112,389): error TS7005: Variable 'b' implicitly has an 'any' type.
vendor/tesseract/tesseract-core.wasm.js(112,431): error TS7005: Variable 'b' implicitly has an 'any' type.
vendor/tesseract/tesseract-core.wasm.js(112,469): error TS2339: Property '_emscripten_bind_ResultIterator_BlockType_0' does not exist on type '{}'.
vendor/tesseract/tesseract-core.wasm.js(113,22): error TS7005: Variable 'b' implicitly has an 'any' type.
vendor/tesseract/tesseract-core.wasm.js(113,68): error TS7005: Variable 'b' implicitly has an 'any' type.
vendor/tesseract/tesseract-core.wasm.js(113,106): error TS2339: Property '_emscripten_bind_ResultIterator_BlockPolygon_0' does not exist on type '{}'.
vendor/tesseract/tesseract-core.wasm.js(113,174): error TS7005: Variable 'b' implicitly has an 'any' type.
vendor/tesseract/tesseract-core.wasm.js(113,223): error TS7005: Variable 'b' implicitly has an 'any' type.
vendor/tesseract/tesseract-core.wasm.js(113,261): error TS2339: Property '_emscripten_bind_ResultIterator_GetBinaryImage_1' does not exist on type '{}'.
vendor/tesseract/tesseract-core.wasm.js(113,331): error TS7005: Variable 'b' implicitly has an 'any' type.
vendor/tesseract/tesseract-core.wasm.js(113,382): error TS7005: Variable 'b' implicitly has an 'any' type.
vendor/tesseract/tesseract-core.wasm.js(113,420): error TS2339: Property '_emscripten_bind_ResultIterator_GetImage_5' does not exist on type '{}'.
vendor/tesseract/tesseract-core.wasm.js(113,484): error TS7005: Variable 'b' implicitly has an 'any' type.
vendor/tesseract/tesseract-core.wasm.js(114,1): error TS7005: Variable 'b' implicitly has an 'any' type.
vendor/tesseract/tesseract-core.wasm.js(114,39): error TS2339: Property '_emscripten_bind_ResultIterator_Baseline_5' does not exist on type '{}'.
vendor/tesseract/tesseract-core.wasm.js(114,103): error TS7005: Variable 'b' implicitly has an 'any' type.
vendor/tesseract/tesseract-core.wasm.js(114,148): error TS7005: Variable 'b' implicitly has an 'any' type.
vendor/tesseract/tesseract-core.wasm.js(114,186): error TS2339: Property '_emscripten_bind_ResultIterator_Orientation_4' does not exist on type '{}'.
vendor/tesseract/tesseract-core.wasm.js(114,253): error TS7005: Variable 'b' implicitly has an 'any' type.
vendor/tesseract/tesseract-core.wasm.js(114,301): error TS7005: Variable 'b' implicitly has an 'any' type.
vendor/tesseract/tesseract-core.wasm.js(114,339): error TS2339: Property '_emscripten_bind_ResultIterator_ParagraphInfo_4' does not exist on type '{}'.
vendor/tesseract/tesseract-core.wasm.js(114,408): error TS7005: Variable 'b' implicitly has an 'any' type.
vendor/tesseract/tesseract-core.wasm.js(114,458): error TS7005: Variable 'b' implicitly has an 'any' type.
vendor/tesseract/tesseract-core.wasm.js(114,496): error TS2339: Property '_emscripten_bind_ResultIterator_ParagraphIsLtr_0' does not exist on type '{}'.
vendor/tesseract/tesseract-core.wasm.js(115,22): error TS7005: Variable 'b' implicitly has an 'any' type.
vendor/tesseract/tesseract-core.wasm.js(115,73): error TS7005: Variable 'b' implicitly has an 'any' type.
vendor/tesseract/tesseract-core.wasm.js(115,111): error TS2339: Property '_emscripten_bind_ResultIterator_GetUTF8Text_1' does not exist on type '{}'.
vendor/tesseract/tesseract-core.wasm.js(115,178): error TS7005: Variable 'b' implicitly has an 'any' type.
vendor/tesseract/tesseract-core.wasm.js(115,226): error TS7005: Variable 'b' implicitly has an 'any' type.
vendor/tesseract/tesseract-core.wasm.js(115,264): error TS2339: Property '_emscripten_bind_ResultIterator_SetLineSeparator_1' does not exist on type '{}'.
vendor/tesseract/tesseract-core.wasm.js(115,336): error TS7005: Variable 'b' implicitly has an 'any' type.
vendor/tesseract/tesseract-core.wasm.js(115,389): error TS7005: Variable 'b' implicitly has an 'any' type.
vendor/tesseract/tesseract-core.wasm.js(115,427): error TS2339: Property '_emscripten_bind_ResultIterator_SetParagraphSeparator_1' does not exist on type '{}'.
vendor/tesseract/tesseract-core.wasm.js(116,1): error TS7005: Variable 'b' implicitly has an 'any' type.
vendor/tesseract/tesseract-core.wasm.js(116,59): error TS7005: Variable 'b' implicitly has an 'any' type.
vendor/tesseract/tesseract-core.wasm.js(116,97): error TS2339: Property '_emscripten_bind_ResultIterator_Confidence_1' does not exist on type '{}'.
vendor/tesseract/tesseract-core.wasm.js(116,163): error TS7005: Variable 'b' implicitly has an 'any' type.
vendor/tesseract/tesseract-core.wasm.js(116,210): error TS7005: Variable 'b' implicitly has an 'any' type.
vendor/tesseract/tesseract-core.wasm.js(116,248): error TS2339: Property '_emscripten_bind_ResultIterator_WordFontAttributes_8' does not exist on type '{}'.
vendor/tesseract/tesseract-core.wasm.js(116,322): error TS7005: Variable 'b' implicitly has an 'any' type.
vendor/tesseract/tesseract-core.wasm.js(116,377): error TS7005: Variable 'b' implicitly has an 'any' type.
vendor/tesseract/tesseract-core.wasm.js(116,415): error TS2339: Property '_emscripten_bind_ResultIterator_WordRecognitionLanguage_0' does not exist on type '{}'.
vendor/tesseract/tesseract-core.wasm.js(116,494): error TS7005: Variable 'b' implicitly has an 'any' type.
vendor/tesseract/tesseract-core.wasm.js(117,1): error TS7005: Variable 'b' implicitly has an 'any' type.
vendor/tesseract/tesseract-core.wasm.js(117,39): error TS2339: Property '_emscripten_bind_ResultIterator_WordDirection_0' does not exist on type '{}'.
vendor/tesseract/tesseract-core.wasm.js(117,108): error TS7005: Variable 'b' implicitly has an 'any' type.
vendor/tesseract/tesseract-core.wasm.js(117,158): error TS7005: Variable 'b' implicitly has an 'any' type.
vendor/tesseract/tesseract-core.wasm.js(117,196): error TS2339: Property '_emscripten_bind_ResultIterator_WordIsFromDictionary_0' does not exist on type '{}'.
vendor/tesseract/tesseract-core.wasm.js(117,272): error TS7005: Variable 'b' implicitly has an 'any' type.
vendor/tesseract/tesseract-core.wasm.js(117,329): error TS7005: Variable 'b' implicitly has an 'any' type.
vendor/tesseract/tesseract-core.wasm.js(117,367): error TS2339: Property '_emscripten_bind_ResultIterator_WordIsNumeric_0' does not exist on type '{}'.
vendor/tesseract/tesseract-core.wasm.js(117,436): error TS7005: Variable 'b' implicitly has an 'any' type.
vendor/tesseract/tesseract-core.wasm.js(117,486): error TS7005: Variable 'b' implicitly has an 'any' type.
vendor/tesseract/tesseract-core.wasm.js(118,18): error TS2339: Property '_emscripten_bind_ResultIterator_HasBlamerInfo_0' does not exist on type '{}'.
vendor/tesseract/tesseract-core.wasm.js(118,87): error TS7005: Variable 'b' implicitly has an 'any' type.
vendor/tesseract/tesseract-core.wasm.js(118,137): error TS7005: Variable 'b' implicitly has an 'any' type.
vendor/tesseract/tesseract-core.wasm.js(118,175): error TS2339: Property '_emscripten_bind_ResultIterator_HasTruthString_0' does not exist on type '{}'.
vendor/tesseract/tesseract-core.wasm.js(118,245): error TS7005: Variable 'b' implicitly has an 'any' type.
vendor/tesseract/tesseract-core.wasm.js(118,296): error TS7005: Variable 'b' implicitly has an 'any' type.
vendor/tesseract/tesseract-core.wasm.js(118,334): error TS2339: Property '_emscripten_bind_ResultIterator_EquivalentToTruth_1' does not exist on type '{}'.
vendor/tesseract/tesseract-core.wasm.js(118,407): error TS7005: Variable 'b' implicitly has an 'any' type.
vendor/tesseract/tesseract-core.wasm.js(118,461): error TS7005: Variable 'b' implicitly has an 'any' type.
vendor/tesseract/tesseract-core.wasm.js(118,499): error TS2339: Property '_emscripten_bind_ResultIterator_WordTruthUTF8Text_0' does not exist on type '{}'.
vendor/tesseract/tesseract-core.wasm.js(119,22): error TS7005: Variable 'b' implicitly has an 'any' type.
vendor/tesseract/tesseract-core.wasm.js(119,76): error TS7005: Variable 'b' implicitly has an 'any' type.
vendor/tesseract/tesseract-core.wasm.js(119,114): error TS2339: Property '_emscripten_bind_ResultIterator_WordNormedUTF8Text_0' does not exist on type '{}'.
vendor/tesseract/tesseract-core.wasm.js(119,188): error TS7005: Variable 'b' implicitly has an 'any' type.
vendor/tesseract/tesseract-core.wasm.js(119,243): error TS7005: Variable 'b' implicitly has an 'any' type.
vendor/tesseract/tesseract-core.wasm.js(119,281): error TS2339: Property '_emscripten_bind_ResultIterator_WordLattice_1' does not exist on type '{}'.
vendor/tesseract/tesseract-core.wasm.js(119,348): error TS7005: Variable 'b' implicitly has an 'any' type.
vendor/tesseract/tesseract-core.wasm.js(119,396): error TS7005: Variable 'b' implicitly has an 'any' type.
vendor/tesseract/tesseract-core.wasm.js(119,434): error TS2339: Property '_emscripten_bind_ResultIterator_SymbolIsSuperscript_0' does not exist on type '{}'.
vendor/tesseract/tesseract-core.wasm.js(120,1): error TS7005: Variable 'b' implicitly has an 'any' type.
vendor/tesseract/tesseract-core.wasm.js(120,57): error TS7005: Variable 'b' implicitly has an 'any' type.
vendor/tesseract/tesseract-core.wasm.js(120,95): error TS2339: Property '_emscripten_bind_ResultIterator_SymbolIsSubscript_0' does not exist on type '{}'.
vendor/tesseract/tesseract-core.wasm.js(120,168): error TS7005: Variable 'b' implicitly has an 'any' type.
vendor/tesseract/tesseract-core.wasm.js(120,222): error TS7005: Variable 'b' implicitly has an 'any' type.
vendor/tesseract/tesseract-core.wasm.js(120,260): error TS2339: Property '_emscripten_bind_ResultIterator_SymbolIsDropcap_0' does not exist on type '{}'.
vendor/tesseract/tesseract-core.wasm.js(120,331): error TS7005: Variable 'b' implicitly has an 'any' type.
vendor/tesseract/tesseract-core.wasm.js(120,383): error TS7005: Variable 'b' implicitly has an 'any' type.
vendor/tesseract/tesseract-core.wasm.js(120,421): error TS2339: Property '_emscripten_bind_ResultIterator___destroy___0' does not exist on type '{}'.
vendor/tesseract/tesseract-core.wasm.js(120,488): error TS7005: Variable 'b' implicitly has an 'any' type.
vendor/tesseract/tesseract-core.wasm.js(121,1): error TS7005: Variable 'b' implicitly has an 'any' type.
vendor/tesseract/tesseract-core.wasm.js(121,39): error TS2339: Property '_emscripten_bind_TextlineOrder___destroy___0' does not exist on type '{}'.
vendor/tesseract/tesseract-core.wasm.js(121,105): error TS7005: Variable 'b' implicitly has an 'any' type.
vendor/tesseract/tesseract-core.wasm.js(121,152): error TS7005: Variable 'b' implicitly has an 'any' type.
vendor/tesseract/tesseract-core.wasm.js(121,190): error TS2339: Property '_emscripten_bind_ETEXT_DESC___destroy___0' does not exist on type '{}'.
vendor/tesseract/tesseract-core.wasm.js(121,253): error TS7005: Variable 'b' implicitly has an 'any' type.
vendor/tesseract/tesseract-core.wasm.js(121,297): error TS7005: Variable 'b' implicitly has an 'any' type.
vendor/tesseract/tesseract-core.wasm.js(121,335): error TS2339: Property '_emscripten_bind_PageIterator_Begin_0' does not exist on type '{}'.
vendor/tesseract/tesseract-core.wasm.js(121,394): error TS7005: Variable 'b' implicitly has an 'any' type.
vendor/tesseract/tesseract-core.wasm.js(121,434): error TS7005: Variable 'b' implicitly has an 'any' type.
vendor/tesseract/tesseract-core.wasm.js(121,472): error TS2339: Property '_emscripten_bind_PageIterator_RestartParagraph_0' does not exist on type '{}'.
vendor/tesseract/tesseract-core.wasm.js(122,22): error TS7005: Variable 'b' implicitly has an 'any' type.
vendor/tesseract/tesseract-core.wasm.js(122,73): error TS7005: Variable 'b' implicitly has an 'any' type.
vendor/tesseract/tesseract-core.wasm.js(122,111): error TS2339: Property '_emscripten_bind_PageIterator_IsWithinFirstTextlineOfParagraph_0' does not exist on type '{}'.
vendor/tesseract/tesseract-core.wasm.js(122,197): error TS7005: Variable 'b' implicitly has an 'any' type.
vendor/tesseract/tesseract-core.wasm.js(122,264): error TS7005: Variable 'b' implicitly has an 'any' type.
vendor/tesseract/tesseract-core.wasm.js(122,302): error TS2339: Property '_emscripten_bind_PageIterator_RestartRow_0' does not exist on type '{}'.
vendor/tesseract/tesseract-core.wasm.js(122,366): error TS7005: Variable 'b' implicitly has an 'any' type.
vendor/tesseract/tesseract-core.wasm.js(122,411): error TS7005: Variable 'b' implicitly has an 'any' type.
vendor/tesseract/tesseract-core.wasm.js(122,449): error TS2339: Property '_emscripten_bind_PageIterator_Next_1' does not exist on type '{}'.
vendor/tesseract/tesseract-core.wasm.js(123,1): error TS7005: Variable 'b' implicitly has an 'any' type.
vendor/tesseract/tesseract-core.wasm.js(123,40): error TS7005: Variable 'b' implicitly has an 'any' type.
vendor/tesseract/tesseract-core.wasm.js(123,78): error TS2339: Property '_emscripten_bind_PageIterator_IsAtBeginningOf_1' does not exist on type '{}'.
vendor/tesseract/tesseract-core.wasm.js(123,147): error TS7005: Variable 'b' implicitly has an 'any' type.
vendor/tesseract/tesseract-core.wasm.js(123,197): error TS7005: Variable 'b' implicitly has an 'any' type.
vendor/tesseract/tesseract-core.wasm.js(123,235): error TS2339: Property '_emscripten_bind_PageIterator_IsAtFinalElement_2' does not exist on type '{}'.
vendor/tesseract/tesseract-core.wasm.js(123,305): error TS7005: Variable 'b' implicitly has an 'any' type.
vendor/tesseract/tesseract-core.wasm.js(123,356): error TS7005: Variable 'b' implicitly has an 'any' type.
vendor/tesseract/tesseract-core.wasm.js(123,394): error TS2339: Property '_emscripten_bind_PageIterator_Cmp_1' does not exist on type '{}'.
vendor/tesseract/tesseract-core.wasm.js(123,451): error TS7005: Variable 'b' implicitly has an 'any' type.
vendor/tesseract/tesseract-core.wasm.js(123,489): error TS7005: Variable 'b' implicitly has an 'any' type.
vendor/tesseract/tesseract-core.wasm.js(124,18): error TS2339: Property '_emscripten_bind_PageIterator_SetBoundingBoxComponents_2' does not exist on type '{}'.
vendor/tesseract/tesseract-core.wasm.js(124,96): error TS7005: Variable 'b' implicitly has an 'any' type.
vendor/tesseract/tesseract-core.wasm.js(124,155): error TS7005: Variable 'b' implicitly has an 'any' type.
vendor/tesseract/tesseract-core.wasm.js(124,193): error TS2339: Property '_emscripten_bind_PageIterator_BoundingBox_5' does not exist on type '{}'.
vendor/tesseract/tesseract-core.wasm.js(124,258): error TS7005: Variable 'b' implicitly has an 'any' type.
vendor/tesseract/tesseract-core.wasm.js(124,304): error TS7005: Variable 'b' implicitly has an 'any' type.
vendor/tesseract/tesseract-core.wasm.js(124,342): error TS2339: Property '_emscripten_bind_PageIterator_BoundingBox_6' does not exist on type '{}'.
vendor/tesseract/tesseract-core.wasm.js(124,407): error TS7005: Variable 'b' implicitly has an 'any' type.
vendor/tesseract/tesseract-core.wasm.js(124,453): error TS7005: Variable 'b' implicitly has an 'any' type.
vendor/tesseract/tesseract-core.wasm.js(124,491): error TS2339: Property '_emscripten_bind_PageIterator_BoundingBoxInternal_5' does not exist on type '{}'.
vendor/tesseract/tesseract-core.wasm.js(125,22): error TS7005: Variable 'b' implicitly has an 'any' type.
vendor/tesseract/tesseract-core.wasm.js(125,76): error TS7005: Variable 'b' implicitly has an 'any' type.
vendor/tesseract/tesseract-core.wasm.js(125,114): error TS2339: Property '_emscripten_bind_PageIterator_Empty_1' does not exist on type '{}'.
vendor/tesseract/tesseract-core.wasm.js(125,173): error TS7005: Variable 'b' implicitly has an 'any' type.
vendor/tesseract/tesseract-core.wasm.js(125,213): error TS7005: Variable 'b' implicitly has an 'any' type.
vendor/tesseract/tesseract-core.wasm.js(125,251): error TS2339: Property '_emscripten_bind_PageIterator_BlockType_0' does not exist on type '{}'.
vendor/tesseract/tesseract-core.wasm.js(125,314): error TS7005: Variable 'b' implicitly has an 'any' type.
vendor/tesseract/tesseract-core.wasm.js(125,358): error TS7005: Variable 'b' implicitly has an 'any' type.
vendor/tesseract/tesseract-core.wasm.js(125,396): error TS2339: Property '_emscripten_bind_PageIterator_BlockPolygon_0' does not exist on type '{}'.
vendor/tesseract/tesseract-core.wasm.js(125,462): error TS7005: Variable 'b' implicitly has an 'any' type.
vendor/tesseract/tesseract-core.wasm.js(126,1): error TS7005: Variable 'b' implicitly has an 'any' type.
vendor/tesseract/tesseract-core.wasm.js(126,39): error TS2339: Property '_emscripten_bind_PageIterator_GetBinaryImage_1' does not exist on type '{}'.
vendor/tesseract/tesseract-core.wasm.js(126,107): error TS7005: Variable 'b' implicitly has an 'any' type.
vendor/tesseract/tesseract-core.wasm.js(126,156): error TS7005: Variable 'b' implicitly has an 'any' type.
vendor/tesseract/tesseract-core.wasm.js(126,194): error TS2339: Property '_emscripten_bind_PageIterator_GetImage_5' does not exist on type '{}'.
vendor/tesseract/tesseract-core.wasm.js(126,256): error TS7005: Variable 'b' implicitly has an 'any' type.
vendor/tesseract/tesseract-core.wasm.js(126,299): error TS7005: Variable 'b' implicitly has an 'any' type.
vendor/tesseract/tesseract-core.wasm.js(126,337): error TS2339: Property '_emscripten_bind_PageIterator_Baseline_5' does not exist on type '{}'.
vendor/tesseract/tesseract-core.wasm.js(126,399): error TS7005: Variable 'b' implicitly has an 'any' type.
vendor/tesseract/tesseract-core.wasm.js(126,442): error TS7005: Variable 'b' implicitly has an 'any' type.
vendor/tesseract/tesseract-core.wasm.js(126,480): error TS2339: Property '_emscripten_bind_PageIterator_Orientation_4' does not exist on type '{}'.
vendor/tesseract/tesseract-core.wasm.js(127,22): error TS7005: Variable 'b' implicitly has an 'any' type.
vendor/tesseract/tesseract-core.wasm.js(127,68): error TS7005: Variable 'b' implicitly has an 'any' type.
vendor/tesseract/tesseract-core.wasm.js(127,106): error TS2339: Property '_emscripten_bind_PageIterator_ParagraphInfo_4' does not exist on type '{}'.
vendor/tesseract/tesseract-core.wasm.js(127,173): error TS7005: Variable 'b' implicitly has an 'any' type.
vendor/tesseract/tesseract-core.wasm.js(127,221): error TS7005: Variable 'b' implicitly has an 'any' type.
vendor/tesseract/tesseract-core.wasm.js(127,259): error TS2339: Property '_emscripten_bind_PageIterator___destroy___0' does not exist on type '{}'.
vendor/tesseract/tesseract-core.wasm.js(127,324): error TS7005: Variable 'b' implicitly has an 'any' type.
vendor/tesseract/tesseract-core.wasm.js(127,370): error TS7005: Variable 'b' implicitly has an 'any' type.
vendor/tesseract/tesseract-core.wasm.js(127,408): error TS2339: Property '_emscripten_bind_WritingDirection___destroy___0' does not exist on type '{}'.
vendor/tesseract/tesseract-core.wasm.js(127,477): error TS7005: Variable 'b' implicitly has an 'any' type.
vendor/tesseract/tesseract-core.wasm.js(128,1): error TS7005: Variable 'b' implicitly has an 'any' type.
vendor/tesseract/tesseract-core.wasm.js(128,39): error TS2339: Property '_emscripten_bind_WordChoiceIterator_WordChoiceIterator_1' does not exist on type '{}'.
vendor/tesseract/tesseract-core.wasm.js(128,117): error TS7005: Variable 'b' implicitly has an 'any' type.
vendor/tesseract/tesseract-core.wasm.js(128,176): error TS7005: Variable 'b' implicitly has an 'any' type.
vendor/tesseract/tesseract-core.wasm.js(128,214): error TS2339: Property '_emscripten_bind_WordChoiceIterator_Next_0' does not exist on type '{}'.
vendor/tesseract/tesseract-core.wasm.js(128,278): error TS7005: Variable 'b' implicitly has an 'any' type.
vendor/tesseract/tesseract-core.wasm.js(128,323): error TS7005: Variable 'b' implicitly has an 'any' type.
vendor/tesseract/tesseract-core.wasm.js(128,361): error TS2339: Property '_emscripten_bind_WordChoiceIterator_GetUTF8Text_0' does not exist on type '{}'.
vendor/tesseract/tesseract-core.wasm.js(128,432): error TS7005: Variable 'b' implicitly has an 'any' type.
vendor/tesseract/tesseract-core.wasm.js(128,484): error TS7005: Variable 'b' implicitly has an 'any' type.
vendor/tesseract/tesseract-core.wasm.js(129,18): error TS2339: Property '_emscripten_bind_WordChoiceIterator_Confidence_0' does not exist on type '{}'.
vendor/tesseract/tesseract-core.wasm.js(129,88): error TS7005: Variable 'b' implicitly has an 'any' type.
vendor/tesseract/tesseract-core.wasm.js(129,139): error TS7005: Variable 'b' implicitly has an 'any' type.
vendor/tesseract/tesseract-core.wasm.js(129,177): error TS2339: Property '_emscripten_bind_WordChoiceIterator___destroy___0' does not exist on type '{}'.
vendor/tesseract/tesseract-core.wasm.js(129,248): error TS7005: Variable 'b' implicitly has an 'any' type.
vendor/tesseract/tesseract-core.wasm.js(129,300): error TS7005: Variable 'b' implicitly has an 'any' type.
vendor/tesseract/tesseract-core.wasm.js(129,338): error TS2339: Property '_emscripten_bind_Box_get_x_0' does not exist on type '{}'.
vendor/tesseract/tesseract-core.wasm.js(129,388): error TS7005: Variable 'b' implicitly has an 'any' type.
vendor/tesseract/tesseract-core.wasm.js(129,419): error TS7005: Variable 'b' implicitly has an 'any' type.
vendor/tesseract/tesseract-core.wasm.js(129,457): error TS2339: Property '_emscripten_bind_Box_get_y_0' does not exist on type '{}'.
vendor/tesseract/tesseract-core.wasm.js(130,1): error TS7005: Variable 'b' implicitly has an 'any' type.
vendor/tesseract/tesseract-core.wasm.js(130,32): error TS7005: Variable 'b' implicitly has an 'any' type.
vendor/tesseract/tesseract-core.wasm.js(130,70): error TS2339: Property '_emscripten_bind_Box_get_w_0' does not exist on type '{}'.
vendor/tesseract/tesseract-core.wasm.js(130,120): error TS7005: Variable 'b' implicitly has an 'any' type.
vendor/tesseract/tesseract-core.wasm.js(130,151): error TS7005: Variable 'b' implicitly has an 'any' type.
vendor/tesseract/tesseract-core.wasm.js(130,189): error TS2339: Property '_emscripten_bind_Box_get_h_0' does not exist on type '{}'.
vendor/tesseract/tesseract-core.wasm.js(130,239): error TS7005: Variable 'b' implicitly has an 'any' type.
vendor/tesseract/tesseract-core.wasm.js(130,270): error TS7005: Variable 'b' implicitly has an 'any' type.
vendor/tesseract/tesseract-core.wasm.js(130,308): error TS2339: Property '_emscripten_bind_Box_get_refcount_0' does not exist on type '{}'.
vendor/tesseract/tesseract-core.wasm.js(130,365): error TS7005: Variable 'b' implicitly has an 'any' type.
vendor/tesseract/tesseract-core.wasm.js(130,403): error TS7005: Variable 'b' implicitly has an 'any' type.
vendor/tesseract/tesseract-core.wasm.js(130,441): error TS2339: Property '_emscripten_bind_Box___destroy___0' does not exist on type '{}'.
vendor/tesseract/tesseract-core.wasm.js(130,497): error TS7005: Variable 'b' implicitly has an 'any' type.
vendor/tesseract/tesseract-core.wasm.js(131,1): error TS7005: Variable 'b' implicitly has an 'any' type.
vendor/tesseract/tesseract-core.wasm.js(131,39): error TS2339: Property '_emscripten_bind_TessPDFRenderer_TessPDFRenderer_3' does not exist on type '{}'.
vendor/tesseract/tesseract-core.wasm.js(131,111): error TS7005: Variable 'b' implicitly has an 'any' type.
vendor/tesseract/tesseract-core.wasm.js(131,164): error TS7005: Variable 'b' implicitly has an 'any' type.
vendor/tesseract/tesseract-core.wasm.js(131,202): error TS2339: Property '_emscripten_bind_TessPDFRenderer_BeginDocument_1' does not exist on type '{}'.
vendor/tesseract/tesseract-core.wasm.js(131,272): error TS7005: Variable 'b' implicitly has an 'any' type.
vendor/tesseract/tesseract-core.wasm.js(131,323): error TS7005: Variable 'b' implicitly has an 'any' type.
vendor/tesseract/tesseract-core.wasm.js(131,361): error TS2339: Property '_emscripten_bind_TessPDFRenderer_AddImage_1' does not exist on type '{}'.
vendor/tesseract/tesseract-core.wasm.js(131,426): error TS7005: Variable 'b' implicitly has an 'any' type.
vendor/tesseract/tesseract-core.wasm.js(131,472): error TS7005: Variable 'b' implicitly has an 'any' type.
vendor/tesseract/tesseract-core.wasm.js(132,6): error TS2339: Property '_emscripten_bind_TessPDFRenderer_EndDocument_0' does not exist on type '{}'.
vendor/tesseract/tesseract-core.wasm.js(132,74): error TS7005: Variable 'b' implicitly has an 'any' type.
vendor/tesseract/tesseract-core.wasm.js(132,123): error TS7005: Variable 'b' implicitly has an 'any' type.
vendor/tesseract/tesseract-core.wasm.js(132,161): error TS2339: Property '_emscripten_bind_TessPDFRenderer_happy_0' does not exist on type '{}'.
vendor/tesseract/tesseract-core.wasm.js(132,223): error TS7005: Variable 'b' implicitly has an 'any' type.
vendor/tesseract/tesseract-core.wasm.js(132,266): error TS7005: Variable 'b' implicitly has an 'any' type.
vendor/tesseract/tesseract-core.wasm.js(132,304): error TS2339: Property '_emscripten_bind_TessPDFRenderer_file_extension_0' does not exist on type '{}'.
vendor/tesseract/tesseract-core.wasm.js(132,375): error TS7005: Variable 'b' implicitly has an 'any' type.
vendor/tesseract/tesseract-core.wasm.js(132,427): error TS7005: Variable 'b' implicitly has an 'any' type.
vendor/tesseract/tesseract-core.wasm.js(132,465): error TS2339: Property '_emscripten_bind_TessPDFRenderer_title_0' does not exist on type '{}'.
vendor/tesseract/tesseract-core.wasm.js(133,22): error TS7005: Variable 'b' implicitly has an 'any' type.
vendor/tesseract/tesseract-core.wasm.js(133,65): error TS7005: Variable 'b' implicitly has an 'any' type.
vendor/tesseract/tesseract-core.wasm.js(133,103): error TS2339: Property '_emscripten_bind_TessPDFRenderer_imagenum_0' does not exist on type '{}'.
vendor/tesseract/tesseract-core.wasm.js(133,168): error TS7005: Variable 'b' implicitly has an 'any' type.
vendor/tesseract/tesseract-core.wasm.js(133,214): error TS7005: Variable 'b' implicitly has an 'any' type.
vendor/tesseract/tesseract-core.wasm.js(133,252): error TS2339: Property '_emscripten_bind_TessPDFRenderer___destroy___0' does not exist on type '{}'.
vendor/tesseract/tesseract-core.wasm.js(133,320): error TS7005: Variable 'b' implicitly has an 'any' type.
vendor/tesseract/tesseract-core.wasm.js(133,369): error TS7005: Variable 'b' implicitly has an 'any' type.
vendor/tesseract/tesseract-core.wasm.js(133,407): error TS2339: Property '_emscripten_bind_PixaPtr___destroy___0' does not exist on type '{}'.
vendor/tesseract/tesseract-core.wasm.js(133,467): error TS7005: Variable 'b' implicitly has an 'any' type.
vendor/tesseract/tesseract-core.wasm.js(134,1): error TS7005: Variable 'b' implicitly has an 'any' type.
vendor/tesseract/tesseract-core.wasm.js(134,39): error TS2339: Property '_emscripten_bind_FloatPtr___destroy___0' does not exist on type '{}'.
vendor/tesseract/tesseract-core.wasm.js(134,100): error TS7005: Variable 'b' implicitly has an 'any' type.
vendor/tesseract/tesseract-core.wasm.js(134,142): error TS7005: Variable 'b' implicitly has an 'any' type.
vendor/tesseract/tesseract-core.wasm.js(134,180): error TS2339: Property '_emscripten_bind_ChoiceIterator_ChoiceIterator_1' does not exist on type '{}'.
vendor/tesseract/tesseract-core.wasm.js(134,250): error TS7005: Variable 'b' implicitly has an 'any' type.
vendor/tesseract/tesseract-core.wasm.js(134,301): error TS7005: Variable 'b' implicitly has an 'any' type.
vendor/tesseract/tesseract-core.wasm.js(134,339): error TS2339: Property '_emscripten_bind_ChoiceIterator_Next_0' does not exist on type '{}'.
vendor/tesseract/tesseract-core.wasm.js(134,399): error TS7005: Variable 'b' implicitly has an 'any' type.
vendor/tesseract/tesseract-core.wasm.js(134,440): error TS7005: Variable 'b' implicitly has an 'any' type.
vendor/tesseract/tesseract-core.wasm.js(134,478): error TS2339: Property '_emscripten_bind_ChoiceIterator_GetUTF8Text_0' does not exist on type '{}'.
vendor/tesseract/tesseract-core.wasm.js(135,22): error TS7005: Variable 'b' implicitly has an 'any' type.
vendor/tesseract/tesseract-core.wasm.js(135,70): error TS7005: Variable 'b' implicitly has an 'any' type.
vendor/tesseract/tesseract-core.wasm.js(135,108): error TS2339: Property '_emscripten_bind_ChoiceIterator_Confidence_0' does not exist on type '{}'.
vendor/tesseract/tesseract-core.wasm.js(135,174): error TS7005: Variable 'b' implicitly has an 'any' type.
vendor/tesseract/tesseract-core.wasm.js(135,221): error TS7005: Variable 'b' implicitly has an 'any' type.
vendor/tesseract/tesseract-core.wasm.js(135,259): error TS2339: Property '_emscripten_bind_ChoiceIterator___destroy___0' does not exist on type '{}'.
vendor/tesseract/tesseract-core.wasm.js(135,326): error TS7005: Variable 'b' implicitly has an 'any' type.
vendor/tesseract/tesseract-core.wasm.js(135,374): error TS7005: Variable 'b' implicitly has an 'any' type.
vendor/tesseract/tesseract-core.wasm.js(135,412): error TS2339: Property '_emscripten_bind_PixPtr___destroy___0' does not exist on type '{}'.
vendor/tesseract/tesseract-core.wasm.js(135,471): error TS7005: Variable 'b' implicitly has an 'any' type.
vendor/tesseract/tesseract-core.wasm.js(136,1): error TS7005: Variable 'b' implicitly has an 'any' type.
vendor/tesseract/tesseract-core.wasm.js(136,39): error TS2339: Property '_emscripten_bind_UNICHARSET_get_script_from_script_id_1' does not exist on type '{}'.
vendor/tesseract/tesseract-core.wasm.js(136,116): error TS7005: Variable 'b' implicitly has an 'any' type.
vendor/tesseract/tesseract-core.wasm.js(136,174): error TS7005: Variable 'b' implicitly has an 'any' type.
vendor/tesseract/tesseract-core.wasm.js(136,212): error TS2339: Property '_emscripten_bind_UNICHARSET_get_script_id_from_name_1' does not exist on type '{}'.
vendor/tesseract/tesseract-core.wasm.js(136,287): error TS7005: Variable 'b' implicitly has an 'any' type.
vendor/tesseract/tesseract-core.wasm.js(136,343): error TS7005: Variable 'b' implicitly has an 'any' type.
vendor/tesseract/tesseract-core.wasm.js(136,381): error TS2339: Property '_emscripten_bind_UNICHARSET_get_script_table_size_0' does not exist on type '{}'.
vendor/tesseract/tesseract-core.wasm.js(136,454): error TS7005: Variable 'b' implicitly has an 'any' type.
vendor/tesseract/tesseract-core.wasm.js(137,1): error TS7005: Variable 'b' implicitly has an 'any' type.
vendor/tesseract/tesseract-core.wasm.js(137,39): error TS2339: Property '_emscripten_bind_UNICHARSET___destroy___0' does not exist on type '{}'.
vendor/tesseract/tesseract-core.wasm.js(137,102): error TS7005: Variable 'b' implicitly has an 'any' type.
vendor/tesseract/tesseract-core.wasm.js(137,146): error TS7005: Variable 'b' implicitly has an 'any' type.
vendor/tesseract/tesseract-core.wasm.js(137,184): error TS2339: Property '_emscripten_bind_IntPtr___destroy___0' does not exist on type '{}'.
vendor/tesseract/tesseract-core.wasm.js(137,243): error TS7005: Variable 'b' implicitly has an 'any' type.
vendor/tesseract/tesseract-core.wasm.js(137,283): error TS7005: Variable 'b' implicitly has an 'any' type.
vendor/tesseract/tesseract-core.wasm.js(137,321): error TS2339: Property '_emscripten_bind_Orientation___destroy___0' does not exist on type '{}'.
vendor/tesseract/tesseract-core.wasm.js(137,385): error TS7005: Variable 'b' implicitly has an 'any' type.
vendor/tesseract/tesseract-core.wasm.js(137,430): error TS7005: Variable 'b' implicitly has an 'any' type.
vendor/tesseract/tesseract-core.wasm.js(137,468): error TS2339: Property '_emscripten_bind_OSBestResult_get_orientation_id_0' does not exist on type '{}'.
vendor/tesseract/tesseract-core.wasm.js(138,22): error TS7005: Variable 'b' implicitly has an 'any' type.
vendor/tesseract/tesseract-core.wasm.js(138,75): error TS7005: Variable 'b' implicitly has an 'any' type.
vendor/tesseract/tesseract-core.wasm.js(138,113): error TS2339: Property '_emscripten_bind_OSBestResult_get_script_id_0' does not exist on type '{}'.
vendor/tesseract/tesseract-core.wasm.js(138,180): error TS7005: Variable 'b' implicitly has an 'any' type.
vendor/tesseract/tesseract-core.wasm.js(138,228): error TS7005: Variable 'b' implicitly has an 'any' type.
vendor/tesseract/tesseract-core.wasm.js(138,266): error TS2339: Property '_emscripten_bind_OSBestResult_get_sconfidence_0' does not exist on type '{}'.
vendor/tesseract/tesseract-core.wasm.js(138,335): error TS7005: Variable 'b' implicitly has an 'any' type.
vendor/tesseract/tesseract-core.wasm.js(138,385): error TS7005: Variable 'b' implicitly has an 'any' type.
vendor/tesseract/tesseract-core.wasm.js(138,423): error TS2339: Property '_emscripten_bind_OSBestResult_get_oconfidence_0' does not exist on type '{}'.
vendor/tesseract/tesseract-core.wasm.js(138,492): error TS7005: Variable 'b' implicitly has an 'any' type.
vendor/tesseract/tesseract-core.wasm.js(139,1): error TS7005: Variable 'b' implicitly has an 'any' type.
vendor/tesseract/tesseract-core.wasm.js(139,39): error TS2339: Property '_emscripten_bind_OSBestResult___destroy___0' does not exist on type '{}'.
vendor/tesseract/tesseract-core.wasm.js(139,104): error TS7005: Variable 'b' implicitly has an 'any' type.
vendor/tesseract/tesseract-core.wasm.js(139,150): error TS7005: Variable 'b' implicitly has an 'any' type.
vendor/tesseract/tesseract-core.wasm.js(139,188): error TS2339: Property '_emscripten_bind_Boxa_get_n_0' does not exist on type '{}'.
vendor/tesseract/tesseract-core.wasm.js(139,239): error TS7005: Variable 'b' implicitly has an 'any' type.
vendor/tesseract/tesseract-core.wasm.js(139,271): error TS7005: Variable 'b' implicitly has an 'any' type.
vendor/tesseract/tesseract-core.wasm.js(139,309): error TS2339: Property '_emscripten_bind_Boxa_get_nalloc_0' does not exist on type '{}'.
vendor/tesseract/tesseract-core.wasm.js(139,365): error TS7005: Variable 'b' implicitly has an 'any' type.
vendor/tesseract/tesseract-core.wasm.js(139,402): error TS7005: Variable 'b' implicitly has an 'any' type.
vendor/tesseract/tesseract-core.wasm.js(139,440): error TS2339: Property '_emscripten_bind_Boxa_get_refcount_0' does not exist on type '{}'.
vendor/tesseract/tesseract-core.wasm.js(139,498): error TS7005: Variable 'b' implicitly has an 'any' type.
vendor/tesseract/tesseract-core.wasm.js(140,1): error TS7005: Variable 'b' implicitly has an 'any' type.
vendor/tesseract/tesseract-core.wasm.js(140,39): error TS2339: Property '_emscripten_bind_Boxa_get_box_0' does not exist on type '{}'.
vendor/tesseract/tesseract-core.wasm.js(140,92): error TS7005: Variable 'b' implicitly has an 'any' type.
vendor/tesseract/tesseract-core.wasm.js(140,126): error TS7005: Variable 'b' implicitly has an 'any' type.
vendor/tesseract/tesseract-core.wasm.js(140,164): error TS2339: Property '_emscripten_bind_Boxa___destroy___0' does not exist on type '{}'.
vendor/tesseract/tesseract-core.wasm.js(140,221): error TS7005: Variable 'b' implicitly has an 'any' type.
vendor/tesseract/tesseract-core.wasm.js(140,259): error TS7005: Variable 'b' implicitly has an 'any' type.
vendor/tesseract/tesseract-core.wasm.js(140,297): error TS2339: Property '_emscripten_bind_PixColormap_get_array_0' does not exist on type '{}'.
vendor/tesseract/tesseract-core.wasm.js(140,359): error TS7005: Variable 'b' implicitly has an 'any' type.
vendor/tesseract/tesseract-core.wasm.js(140,402): error TS7005: Variable 'b' implicitly has an 'any' type.
vendor/tesseract/tesseract-core.wasm.js(140,440): error TS2339: Property '_emscripten_bind_PixColormap_get_depth_0' does not exist on type '{}'.
vendor/tesseract/tesseract-core.wasm.js(141,1): error TS7005: Variable 'b' implicitly has an 'any' type.
vendor/tesseract/tesseract-core.wasm.js(141,44): error TS7005: Variable 'b' implicitly has an 'any' type.
vendor/tesseract/tesseract-core.wasm.js(141,82): error TS2339: Property '_emscripten_bind_PixColormap_get_nalloc_0' does not exist on type '{}'.
vendor/tesseract/tesseract-core.wasm.js(141,145): error TS7005: Variable 'b' implicitly has an 'any' type.
vendor/tesseract/tesseract-core.wasm.js(141,189): error TS7005: Variable 'b' implicitly has an 'any' type.
vendor/tesseract/tesseract-core.wasm.js(141,227): error TS2339: Property '_emscripten_bind_PixColormap_get_n_0' does not exist on type '{}'.
vendor/tesseract/tesseract-core.wasm.js(141,285): error TS7005: Variable 'b' implicitly has an 'any' type.
vendor/tesseract/tesseract-core.wasm.js(141,324): error TS7005: Variable 'b' implicitly has an 'any' type.
vendor/tesseract/tesseract-core.wasm.js(141,362): error TS2339: Property '_emscripten_bind_PixColormap___destroy___0' does not exist on type '{}'.
vendor/tesseract/tesseract-core.wasm.js(141,426): error TS7005: Variable 'b' implicitly has an 'any' type.
vendor/tesseract/tesseract-core.wasm.js(141,471): error TS7005: Variable 'b' implicitly has an 'any' type.
vendor/tesseract/tesseract-core.wasm.js(142,6): error TS2339: Property '_emscripten_bind_Pta_get_n_0' does not exist on type '{}'.
vendor/tesseract/tesseract-core.wasm.js(142,56): error TS7005: Variable 'b' implicitly has an 'any' type.
vendor/tesseract/tesseract-core.wasm.js(142,87): error TS7005: Variable 'b' implicitly has an 'any' type.
vendor/tesseract/tesseract-core.wasm.js(142,125): error TS2339: Property '_emscripten_bind_Pta_get_nalloc_0' does not exist on type '{}'.
vendor/tesseract/tesseract-core.wasm.js(142,180): error TS7005: Variable 'b' implicitly has an 'any' type.
vendor/tesseract/tesseract-core.wasm.js(142,216): error TS7005: Variable 'b' implicitly has an 'any' type.
vendor/tesseract/tesseract-core.wasm.js(142,254): error TS2339: Property '_emscripten_bind_Pta_get_refcount_0' does not exist on type '{}'.
vendor/tesseract/tesseract-core.wasm.js(142,311): error TS7005: Variable 'b' implicitly has an 'any' type.
vendor/tesseract/tesseract-core.wasm.js(142,349): error TS7005: Variable 'b' implicitly has an 'any' type.
vendor/tesseract/tesseract-core.wasm.js(142,387): error TS2339: Property '_emscripten_bind_Pta_get_x_0' does not exist on type '{}'.
vendor/tesseract/tesseract-core.wasm.js(142,437): error TS7005: Variable 'b' implicitly has an 'any' type.
vendor/tesseract/tesseract-core.wasm.js(142,468): error TS7005: Variable 'b' implicitly has an 'any' type.
vendor/tesseract/tesseract-core.wasm.js(143,3): error TS2339: Property '_emscripten_bind_Pta_get_y_0' does not exist on type '{}'.
vendor/tesseract/tesseract-core.wasm.js(143,53): error TS7005: Variable 'b' implicitly has an 'any' type.
vendor/tesseract/tesseract-core.wasm.js(143,84): error TS7005: Variable 'b' implicitly has an 'any' type.
vendor/tesseract/tesseract-core.wasm.js(143,122): error TS2339: Property '_emscripten_bind_Pta___destroy___0' does not exist on type '{}'.
vendor/tesseract/tesseract-core.wasm.js(143,178): error TS7005: Variable 'b' implicitly has an 'any' type.
vendor/tesseract/tesseract-core.wasm.js(143,215): error TS7005: Variable 'b' implicitly has an 'any' type.
vendor/tesseract/tesseract-core.wasm.js(143,253): error TS2339: Property '_emscripten_bind_Pix_get_w_0' does not exist on type '{}'.
vendor/tesseract/tesseract-core.wasm.js(143,303): error TS7005: Variable 'b' implicitly has an 'any' type.
vendor/tesseract/tesseract-core.wasm.js(143,334): error TS7005: Variable 'b' implicitly has an 'any' type.
vendor/tesseract/tesseract-core.wasm.js(143,372): error TS2339: Property '_emscripten_bind_Pix_get_h_0' does not exist on type '{}'.
vendor/tesseract/tesseract-core.wasm.js(143,422): error TS7005: Variable 'b' implicitly has an 'any' type.
vendor/tesseract/tesseract-core.wasm.js(143,453): error TS7005: Variable 'b' implicitly has an 'any' type.
vendor/tesseract/tesseract-core.wasm.js(143,491): error TS2339: Property '_emscripten_bind_Pix_get_d_0' does not exist on type '{}'.
vendor/tesseract/tesseract-core.wasm.js(144,22): error TS7005: Variable 'b' implicitly has an 'any' type.
vendor/tesseract/tesseract-core.wasm.js(144,53): error TS7005: Variable 'b' implicitly has an 'any' type.
vendor/tesseract/tesseract-core.wasm.js(144,91): error TS2339: Property '_emscripten_bind_Pix_get_spp_0' does not exist on type '{}'.
vendor/tesseract/tesseract-core.wasm.js(144,143): error TS7005: Variable 'b' implicitly has an 'any' type.
vendor/tesseract/tesseract-core.wasm.js(144,176): error TS7005: Variable 'b' implicitly has an 'any' type.
vendor/tesseract/tesseract-core.wasm.js(144,214): error TS2339: Property '_emscripten_bind_Pix_get_wpl_0' does not exist on type '{}'.
vendor/tesseract/tesseract-core.wasm.js(144,266): error TS7005: Variable 'b' implicitly has an 'any' type.
vendor/tesseract/tesseract-core.wasm.js(144,299): error TS7005: Variable 'b' implicitly has an 'any' type.
vendor/tesseract/tesseract-core.wasm.js(144,337): error TS2339: Property '_emscripten_bind_Pix_get_refcount_0' does not exist on type '{}'.
vendor/tesseract/tesseract-core.wasm.js(144,394): error TS7005: Variable 'b' implicitly has an 'any' type.
vendor/tesseract/tesseract-core.wasm.js(144,432): error TS7005: Variable 'b' implicitly has an 'any' type.
vendor/tesseract/tesseract-core.wasm.js(144,470): error TS2339: Property '_emscripten_bind_Pix_get_xres_0' does not exist on type '{}'.
vendor/tesseract/tesseract-core.wasm.js(145,22): error TS7005: Variable 'b' implicitly has an 'any' type.
vendor/tesseract/tesseract-core.wasm.js(145,56): error TS7005: Variable 'b' implicitly has an 'any' type.
vendor/tesseract/tesseract-core.wasm.js(145,94): error TS2339: Property '_emscripten_bind_Pix_get_yres_0' does not exist on type '{}'.
vendor/tesseract/tesseract-core.wasm.js(145,147): error TS7005: Variable 'b' implicitly has an 'any' type.
vendor/tesseract/tesseract-core.wasm.js(145,181): error TS7005: Variable 'b' implicitly has an 'any' type.
vendor/tesseract/tesseract-core.wasm.js(145,219): error TS2339: Property '_emscripten_bind_Pix_get_informat_0' does not exist on type '{}'.
vendor/tesseract/tesseract-core.wasm.js(145,276): error TS7005: Variable 'b' implicitly has an 'any' type.
vendor/tesseract/tesseract-core.wasm.js(145,314): error TS7005: Variable 'b' implicitly has an 'any' type.
vendor/tesseract/tesseract-core.wasm.js(145,352): error TS2339: Property '_emscripten_bind_Pix_get_special_0' does not exist on type '{}'.
vendor/tesseract/tesseract-core.wasm.js(145,408): error TS7005: Variable 'b' implicitly has an 'any' type.
vendor/tesseract/tesseract-core.wasm.js(145,445): error TS7005: Variable 'b' implicitly has an 'any' type.
vendor/tesseract/tesseract-core.wasm.js(145,483): error TS2339: Property '_emscripten_bind_Pix_get_text_0' does not exist on type '{}'.
vendor/tesseract/tesseract-core.wasm.js(146,22): error TS7005: Variable 'b' implicitly has an 'any' type.
vendor/tesseract/tesseract-core.wasm.js(146,56): error TS7005: Variable 'b' implicitly has an 'any' type.
vendor/tesseract/tesseract-core.wasm.js(146,94): error TS2339: Property '_emscripten_bind_Pix_get_colormap_0' does not exist on type '{}'.
vendor/tesseract/tesseract-core.wasm.js(146,151): error TS7005: Variable 'b' implicitly has an 'any' type.
vendor/tesseract/tesseract-core.wasm.js(146,189): error TS7005: Variable 'b' implicitly has an 'any' type.
vendor/tesseract/tesseract-core.wasm.js(146,227): error TS2339: Property '_emscripten_bind_Pix_get_data_0' does not exist on type '{}'.
vendor/tesseract/tesseract-core.wasm.js(146,280): error TS7005: Variable 'b' implicitly has an 'any' type.
vendor/tesseract/tesseract-core.wasm.js(146,314): error TS7005: Variable 'b' implicitly has an 'any' type.
vendor/tesseract/tesseract-core.wasm.js(146,352): error TS2339: Property '_emscripten_bind_Pix___destroy___0' does not exist on type '{}'.
vendor/tesseract/tesseract-core.wasm.js(146,408): error TS7005: Variable 'b' implicitly has an 'any' type.
vendor/tesseract/tesseract-core.wasm.js(146,445): error TS7005: Variable 'b' implicitly has an 'any' type.
vendor/tesseract/tesseract-core.wasm.js(146,483): error TS2339: Property '_emscripten_bind_DoublePtr___destroy___0' does not exist on type '{}'.
vendor/tesseract/tesseract-core.wasm.js(147,22): error TS7005: Variable 'b' implicitly has an 'any' type.
vendor/tesseract/tesseract-core.wasm.js(147,65): error TS7005: Variable 'b' implicitly has an 'any' type.
vendor/tesseract/tesseract-core.wasm.js(147,103): error TS2339: Property '_emscripten_bind_Dawg___destroy___0' does not exist on type '{}'.
vendor/tesseract/tesseract-core.wasm.js(147,160): error TS7005: Variable 'b' implicitly has an 'any' type.
vendor/tesseract/tesseract-core.wasm.js(147,198): error TS7005: Variable 'b' implicitly has an 'any' type.
vendor/tesseract/tesseract-core.wasm.js(147,236): error TS2339: Property '_emscripten_bind_BoxPtr___destroy___0' does not exist on type '{}'.
vendor/tesseract/tesseract-core.wasm.js(147,295): error TS7005: Variable 'b' implicitly has an 'any' type.
vendor/tesseract/tesseract-core.wasm.js(147,335): error TS7005: Variable 'b' implicitly has an 'any' type.
vendor/tesseract/tesseract-core.wasm.js(147,373): error TS2339: Property '_emscripten_bind_TessBaseAPI_TessBaseAPI_0' does not exist on type '{}'.
vendor/tesseract/tesseract-core.wasm.js(147,437): error TS7005: Variable 'b' implicitly has an 'any' type.
vendor/tesseract/tesseract-core.wasm.js(147,482): error TS7005: Variable 'b' implicitly has an 'any' type.
vendor/tesseract/tesseract-core.wasm.js(148,18): error TS2339: Property '_emscripten_bind_TessBaseAPI_Version_0' does not exist on type '{}'.
vendor/tesseract/tesseract-core.wasm.js(148,78): error TS7005: Variable 'b' implicitly has an 'any' type.
vendor/tesseract/tesseract-core.wasm.js(148,119): error TS7005: Variable 'b' implicitly has an 'any' type.
vendor/tesseract/tesseract-core.wasm.js(148,157): error TS2339: Property '_emscripten_bind_TessBaseAPI_SetInputName_1' does not exist on type '{}'.
vendor/tesseract/tesseract-core.wasm.js(148,222): error TS7005: Variable 'b' implicitly has an 'any' type.
vendor/tesseract/tesseract-core.wasm.js(148,268): error TS7005: Variable 'b' implicitly has an 'any' type.
vendor/tesseract/tesseract-core.wasm.js(148,306): error TS2339: Property '_emscripten_bind_TessBaseAPI_GetInputName_0' does not exist on type '{}'.
vendor/tesseract/tesseract-core.wasm.js(148,371): error TS7005: Variable 'b' implicitly has an 'any' type.
vendor/tesseract/tesseract-core.wasm.js(148,417): error TS7005: Variable 'b' implicitly has an 'any' type.
vendor/tesseract/tesseract-core.wasm.js(148,455): error TS2339: Property '_emscripten_bind_TessBaseAPI_SetInputImage_1' does not exist on type '{}'.
vendor/tesseract/tesseract-core.wasm.js(149,1): error TS7005: Variable 'b' implicitly has an 'any' type.
vendor/tesseract/tesseract-core.wasm.js(149,48): error TS7005: Variable 'b' implicitly has an 'any' type.
vendor/tesseract/tesseract-core.wasm.js(149,86): error TS2339: Property '_emscripten_bind_TessBaseAPI_GetInputImage_0' does not exist on type '{}'.
vendor/tesseract/tesseract-core.wasm.js(149,152): error TS7005: Variable 'b' implicitly has an 'any' type.
vendor/tesseract/tesseract-core.wasm.js(149,199): error TS7005: Variable 'b' implicitly has an 'any' type.
vendor/tesseract/tesseract-core.wasm.js(149,237): error TS2339: Property '_emscripten_bind_TessBaseAPI_GetSourceYResolution_0' does not exist on type '{}'.
vendor/tesseract/tesseract-core.wasm.js(149,310): error TS7005: Variable 'b' implicitly has an 'any' type.
vendor/tesseract/tesseract-core.wasm.js(149,364): error TS7005: Variable 'b' implicitly has an 'any' type.
vendor/tesseract/tesseract-core.wasm.js(149,402): error TS2339: Property '_emscripten_bind_TessBaseAPI_GetDatapath_0' does not exist on type '{}'.
vendor/tesseract/tesseract-core.wasm.js(149,466): error TS7005: Variable 'b' implicitly has an 'any' type.
vendor/tesseract/tesseract-core.wasm.js(150,1): error TS7005: Variable 'b' implicitly has an 'any' type.
vendor/tesseract/tesseract-core.wasm.js(150,39): error TS2339: Property '_emscripten_bind_TessBaseAPI_SetOutputName_1' does not exist on type '{}'.
vendor/tesseract/tesseract-core.wasm.js(150,105): error TS7005: Variable 'b' implicitly has an 'any' type.
vendor/tesseract/tesseract-core.wasm.js(150,152): error TS7005: Variable 'b' implicitly has an 'any' type.
vendor/tesseract/tesseract-core.wasm.js(150,190): error TS2339: Property '_emscripten_bind_TessBaseAPI_SetVariable_2' does not exist on type '{}'.
vendor/tesseract/tesseract-core.wasm.js(150,254): error TS7005: Variable 'b' implicitly has an 'any' type.
vendor/tesseract/tesseract-core.wasm.js(150,299): error TS7005: Variable 'b' implicitly has an 'any' type.
vendor/tesseract/tesseract-core.wasm.js(150,337): error TS2339: Property '_emscripten_bind_TessBaseAPI_SetDebugVariable_2' does not exist on type '{}'.
vendor/tesseract/tesseract-core.wasm.js(150,406): error TS7005: Variable 'b' implicitly has an 'any' type.
vendor/tesseract/tesseract-core.wasm.js(150,456): error TS7005: Variable 'b' implicitly has an 'any' type.
vendor/tesseract/tesseract-core.wasm.js(150,494): error TS2339: Property '_emscripten_bind_TessBaseAPI_GetIntVariable_2' does not exist on type '{}'.
vendor/tesseract/tesseract-core.wasm.js(151,22): error TS7005: Variable 'b' implicitly has an 'any' type.
vendor/tesseract/tesseract-core.wasm.js(151,70): error TS7005: Variable 'b' implicitly has an 'any' type.
vendor/tesseract/tesseract-core.wasm.js(151,108): error TS2339: Property '_emscripten_bind_TessBaseAPI_GetBoolVariable_2' does not exist on type '{}'.
vendor/tesseract/tesseract-core.wasm.js(151,176): error TS7005: Variable 'b' implicitly has an 'any' type.
vendor/tesseract/tesseract-core.wasm.js(151,225): error TS7005: Variable 'b' implicitly has an 'any' type.
vendor/tesseract/tesseract-core.wasm.js(151,263): error TS2339: Property '_emscripten_bind_TessBaseAPI_GetDoubleVariable_2' does not exist on type '{}'.
vendor/tesseract/tesseract-core.wasm.js(151,333): error TS7005: Variable 'b' implicitly has an 'any' type.
vendor/tesseract/tesseract-core.wasm.js(151,384): error TS7005: Variable 'b' implicitly has an 'any' type.
vendor/tesseract/tesseract-core.wasm.js(151,422): error TS2339: Property '_emscripten_bind_TessBaseAPI_GetStringVariable_1' does not exist on type '{}'.
vendor/tesseract/tesseract-core.wasm.js(151,492): error TS7005: Variable 'b' implicitly has an 'any' type.
vendor/tesseract/tesseract-core.wasm.js(152,1): error TS7005: Variable 'b' implicitly has an 'any' type.
vendor/tesseract/tesseract-core.wasm.js(152,39): error TS2339: Property '_emscripten_bind_TessBaseAPI_SaveParameters_1' does not exist on type '{}'.
vendor/tesseract/tesseract-core.wasm.js(152,106): error TS7005: Variable 'b' implicitly has an 'any' type.
vendor/tesseract/tesseract-core.wasm.js(152,154): error TS7005: Variable 'b' implicitly has an 'any' type.
vendor/tesseract/tesseract-core.wasm.js(152,192): error TS2339: Property '_emscripten_bind_TessBaseAPI_RestoreParameters_1' does not exist on type '{}'.
vendor/tesseract/tesseract-core.wasm.js(152,262): error TS7005: Variable 'b' implicitly has an 'any' type.
vendor/tesseract/tesseract-core.wasm.js(152,313): error TS7005: Variable 'b' implicitly has an 'any' type.
vendor/tesseract/tesseract-core.wasm.js(152,351): error TS2339: Property '_emscripten_bind_TessBaseAPI_Init_2' does not exist on type '{}'.
vendor/tesseract/tesseract-core.wasm.js(152,408): error TS7005: Variable 'b' implicitly has an 'any' type.
vendor/tesseract/tesseract-core.wasm.js(152,446): error TS7005: Variable 'b' implicitly has an 'any' type.
vendor/tesseract/tesseract-core.wasm.js(152,484): error TS2339: Property '_emscripten_bind_TessBaseAPI_Init_3' does not exist on type '{}'.
vendor/tesseract/tesseract-core.wasm.js(153,22): error TS7005: Variable 'b' implicitly has an 'any' type.
vendor/tesseract/tesseract-core.wasm.js(153,60): error TS7005: Variable 'b' implicitly has an 'any' type.
vendor/tesseract/tesseract-core.wasm.js(153,98): error TS2339: Property '_emscripten_bind_TessBaseAPI_Init_4' does not exist on type '{}'.
vendor/tesseract/tesseract-core.wasm.js(153,155): error TS7005: Variable 'b' implicitly has an 'any' type.
vendor/tesseract/tesseract-core.wasm.js(153,193): error TS7005: Variable 'b' implicitly has an 'any' type.
vendor/tesseract/tesseract-core.wasm.js(153,231): error TS2339: Property '_emscripten_bind_TessBaseAPI_GetInitLanguagesAsString_0' does not exist on type '{}'.
vendor/tesseract/tesseract-core.wasm.js(153,308): error TS7005: Variable 'b' implicitly has an 'any' type.
vendor/tesseract/tesseract-core.wasm.js(153,366): error TS7005: Variable 'b' implicitly has an 'any' type.
vendor/tesseract/tesseract-core.wasm.js(153,404): error TS2339: Property '_emscripten_bind_TessBaseAPI_InitForAnalysePage_0' does not exist on type '{}'.
vendor/tesseract/tesseract-core.wasm.js(153,475): error TS7005: Variable 'b' implicitly has an 'any' type.
vendor/tesseract/tesseract-core.wasm.js(154,1): error TS7005: Variable 'b' implicitly has an 'any' type.
vendor/tesseract/tesseract-core.wasm.js(154,39): error TS2339: Property '_emscripten_bind_TessBaseAPI_ReadConfigFile_1' does not exist on type '{}'.
vendor/tesseract/tesseract-core.wasm.js(154,106): error TS7005: Variable 'b' implicitly has an 'any' type.
vendor/tesseract/tesseract-core.wasm.js(154,154): error TS7005: Variable 'b' implicitly has an 'any' type.
vendor/tesseract/tesseract-core.wasm.js(154,192): error TS2339: Property '_emscripten_bind_TessBaseAPI_ReadDebugConfigFile_1' does not exist on type '{}'.
vendor/tesseract/tesseract-core.wasm.js(154,264): error TS7005: Variable 'b' implicitly has an 'any' type.
vendor/tesseract/tesseract-core.wasm.js(154,317): error TS7005: Variable 'b' implicitly has an 'any' type.
vendor/tesseract/tesseract-core.wasm.js(154,355): error TS2339: Property '_emscripten_bind_TessBaseAPI_SetPageSegMode_1' does not exist on type '{}'.
vendor/tesseract/tesseract-core.wasm.js(154,422): error TS7005: Variable 'b' implicitly has an 'any' type.
vendor/tesseract/tesseract-core.wasm.js(154,470): error TS7005: Variable 'b' implicitly has an 'any' type.
vendor/tesseract/tesseract-core.wasm.js(155,6): error TS2339: Property '_emscripten_bind_TessBaseAPI_GetPageSegMode_0' does not exist on type '{}'.
vendor/tesseract/tesseract-core.wasm.js(155,73): error TS7005: Variable 'b' implicitly has an 'any' type.
vendor/tesseract/tesseract-core.wasm.js(155,121): error TS7005: Variable 'b' implicitly has an 'any' type.
vendor/tesseract/tesseract-core.wasm.js(155,159): error TS2339: Property '_emscripten_bind_TessBaseAPI_TesseractRect_7' does not exist on type '{}'.
vendor/tesseract/tesseract-core.wasm.js(155,225): error TS7005: Variable 'b' implicitly has an 'any' type.
vendor/tesseract/tesseract-core.wasm.js(155,272): error TS7005: Variable 'b' implicitly has an 'any' type.
vendor/tesseract/tesseract-core.wasm.js(155,310): error TS2339: Property '_emscripten_bind_TessBaseAPI_ClearAdaptiveClassifier_0' does not exist on type '{}'.
vendor/tesseract/tesseract-core.wasm.js(155,386): error TS7005: Variable 'b' implicitly has an 'any' type.
vendor/tesseract/tesseract-core.wasm.js(155,443): error TS7005: Variable 'b' implicitly has an 'any' type.
vendor/tesseract/tesseract-core.wasm.js(155,481): error TS2339: Property '_emscripten_bind_TessBaseAPI_SetImage_1' does not exist on type '{}'.
vendor/tesseract/tesseract-core.wasm.js(156,22): error TS7005: Variable 'b' implicitly has an 'any' type.
vendor/tesseract/tesseract-core.wasm.js(156,64): error TS7005: Variable 'b' implicitly has an 'any' type.
vendor/tesseract/tesseract-core.wasm.js(156,102): error TS2339: Property '_emscripten_bind_TessBaseAPI_SetImage_5' does not exist on type '{}'.
vendor/tesseract/tesseract-core.wasm.js(156,163): error TS7005: Variable 'b' implicitly has an 'any' type.
vendor/tesseract/tesseract-core.wasm.js(156,205): error TS7005: Variable 'b' implicitly has an 'any' type.
vendor/tesseract/tesseract-core.wasm.js(156,243): error TS2339: Property '_emscripten_bind_TessBaseAPI_SetImageFile_1' does not exist on type '{}'.
vendor/tesseract/tesseract-core.wasm.js(156,308): error TS7005: Variable 'b' implicitly has an 'any' type.
vendor/tesseract/tesseract-core.wasm.js(156,354): error TS7005: Variable 'b' implicitly has an 'any' type.
vendor/tesseract/tesseract-core.wasm.js(156,392): error TS2339: Property '_emscripten_bind_TessBaseAPI_SetSourceResolution_1' does not exist on type '{}'.
vendor/tesseract/tesseract-core.wasm.js(156,464): error TS7005: Variable 'b' implicitly has an 'any' type.
vendor/tesseract/tesseract-core.wasm.js(157,1): error TS7005: Variable 'b' implicitly has an 'any' type.
vendor/tesseract/tesseract-core.wasm.js(157,39): error TS2339: Property '_emscripten_bind_TessBaseAPI_SetRectangle_4' does not exist on type '{}'.
vendor/tesseract/tesseract-core.wasm.js(157,104): error TS7005: Variable 'b' implicitly has an 'any' type.
vendor/tesseract/tesseract-core.wasm.js(157,150): error TS7005: Variable 'b' implicitly has an 'any' type.
vendor/tesseract/tesseract-core.wasm.js(157,188): error TS2339: Property '_emscripten_bind_TessBaseAPI_GetThresholdedImage_0' does not exist on type '{}'.
vendor/tesseract/tesseract-core.wasm.js(157,260): error TS7005: Variable 'b' implicitly has an 'any' type.
vendor/tesseract/tesseract-core.wasm.js(157,313): error TS7005: Variable 'b' implicitly has an 'any' type.
vendor/tesseract/tesseract-core.wasm.js(157,351): error TS2339: Property '_emscripten_bind_TessBaseAPI_WriteImage_0' does not exist on type '{}'.
vendor/tesseract/tesseract-core.wasm.js(157,414): error TS7005: Variable 'b' implicitly has an 'any' type.
vendor/tesseract/tesseract-core.wasm.js(157,458): error TS7005: Variable 'b' implicitly has an 'any' type.
vendor/tesseract/tesseract-core.wasm.js(157,496): error TS2339: Property '_emscripten_bind_TessBaseAPI_FindLines_0' does not exist on type '{}'.
vendor/tesseract/tesseract-core.wasm.js(158,22): error TS7005: Variable 'b' implicitly has an 'any' type.
vendor/tesseract/tesseract-core.wasm.js(158,65): error TS7005: Variable 'b' implicitly has an 'any' type.
vendor/tesseract/tesseract-core.wasm.js(158,103): error TS2339: Property '_emscripten_bind_TessBaseAPI_GetGradient_0' does not exist on type '{}'.
vendor/tesseract/tesseract-core.wasm.js(158,167): error TS7005: Variable 'b' implicitly has an 'any' type.
vendor/tesseract/tesseract-core.wasm.js(158,212): error TS7005: Variable 'b' implicitly has an 'any' type.
vendor/tesseract/tesseract-core.wasm.js(158,250): error TS2339: Property '_emscripten_bind_TessBaseAPI_GetRegions_1' does not exist on type '{}'.
vendor/tesseract/tesseract-core.wasm.js(158,313): error TS7005: Variable 'b' implicitly has an 'any' type.
vendor/tesseract/tesseract-core.wasm.js(158,357): error TS7005: Variable 'b' implicitly has an 'any' type.
vendor/tesseract/tesseract-core.wasm.js(158,395): error TS2339: Property '_emscripten_bind_TessBaseAPI_GetTextlines_2' does not exist on type '{}'.
vendor/tesseract/tesseract-core.wasm.js(158,460): error TS7005: Variable 'b' implicitly has an 'any' type.
vendor/tesseract/tesseract-core.wasm.js(159,1): error TS7005: Variable 'b' implicitly has an 'any' type.
vendor/tesseract/tesseract-core.wasm.js(159,39): error TS2339: Property '_emscripten_bind_TessBaseAPI_GetTextlines_5' does not exist on type '{}'.
vendor/tesseract/tesseract-core.wasm.js(159,104): error TS7005: Variable 'b' implicitly has an 'any' type.
vendor/tesseract/tesseract-core.wasm.js(159,150): error TS7005: Variable 'b' implicitly has an 'any' type.
vendor/tesseract/tesseract-core.wasm.js(159,188): error TS2339: Property '_emscripten_bind_TessBaseAPI_GetStrips_2' does not exist on type '{}'.
vendor/tesseract/tesseract-core.wasm.js(159,250): error TS7005: Variable 'b' implicitly has an 'any' type.
vendor/tesseract/tesseract-core.wasm.js(159,293): error TS7005: Variable 'b' implicitly has an 'any' type.
vendor/tesseract/tesseract-core.wasm.js(159,331): error TS2339: Property '_emscripten_bind_TessBaseAPI_GetWords_1' does not exist on type '{}'.
vendor/tesseract/tesseract-core.wasm.js(159,392): error TS7005: Variable 'b' implicitly has an 'any' type.
vendor/tesseract/tesseract-core.wasm.js(159,434): error TS7005: Variable 'b' implicitly has an 'any' type.
vendor/tesseract/tesseract-core.wasm.js(159,472): error TS2339: Property '_emscripten_bind_TessBaseAPI_GetConnectedComponents_1' does not exist on type '{}'.
vendor/tesseract/tesseract-core.wasm.js(160,22): error TS7005: Variable 'b' implicitly has an 'any' type.
vendor/tesseract/tesseract-core.wasm.js(160,78): error TS7005: Variable 'b' implicitly has an 'any' type.
vendor/tesseract/tesseract-core.wasm.js(160,116): error TS2339: Property '_emscripten_bind_TessBaseAPI_GetComponentImages_4' does not exist on type '{}'.
vendor/tesseract/tesseract-core.wasm.js(160,187): error TS7005: Variable 'b' implicitly has an 'any' type.
vendor/tesseract/tesseract-core.wasm.js(160,239): error TS7005: Variable 'b' implicitly has an 'any' type.
vendor/tesseract/tesseract-core.wasm.js(160,277): error TS2339: Property '_emscripten_bind_TessBaseAPI_GetComponentImages_7' does not exist on type '{}'.
vendor/tesseract/tesseract-core.wasm.js(160,348): error TS7005: Variable 'b' implicitly has an 'any' type.
vendor/tesseract/tesseract-core.wasm.js(160,400): error TS7005: Variable 'b' implicitly has an 'any' type.
vendor/tesseract/tesseract-core.wasm.js(160,438): error TS2339: Property '_emscripten_bind_TessBaseAPI_GetThresholdedImageScaleFactor_0' does not exist on type '{}'.
vendor/tesseract/tesseract-core.wasm.js(161,1): error TS7005: Variable 'b' implicitly has an 'any' type.
vendor/tesseract/tesseract-core.wasm.js(161,65): error TS7005: Variable 'b' implicitly has an 'any' type.
vendor/tesseract/tesseract-core.wasm.js(161,103): error TS2339: Property '_emscripten_bind_TessBaseAPI_AnalyseLayout_0' does not exist on type '{}'.
vendor/tesseract/tesseract-core.wasm.js(161,169): error TS7005: Variable 'b' implicitly has an 'any' type.
vendor/tesseract/tesseract-core.wasm.js(161,216): error TS7005: Variable 'b' implicitly has an 'any' type.
vendor/tesseract/tesseract-core.wasm.js(161,254): error TS2339: Property '_emscripten_bind_TessBaseAPI_AnalyseLayout_1' does not exist on type '{}'.
vendor/tesseract/tesseract-core.wasm.js(161,320): error TS7005: Variable 'b' implicitly has an 'any' type.
vendor/tesseract/tesseract-core.wasm.js(161,367): error TS7005: Variable 'b' implicitly has an 'any' type.
vendor/tesseract/tesseract-core.wasm.js(161,405): error TS2339: Property '_emscripten_bind_TessBaseAPI_Recognize_1' does not exist on type '{}'.
vendor/tesseract/tesseract-core.wasm.js(161,467): error TS7005: Variable 'b' implicitly has an 'any' type.
vendor/tesseract/tesseract-core.wasm.js(162,1): error TS7005: Variable 'b' implicitly has an 'any' type.
vendor/tesseract/tesseract-core.wasm.js(162,39): error TS2339: Property '_emscripten_bind_TessBaseAPI_ProcessPages_4' does not exist on type '{}'.
vendor/tesseract/tesseract-core.wasm.js(162,104): error TS7005: Variable 'b' implicitly has an 'any' type.
vendor/tesseract/tesseract-core.wasm.js(162,150): error TS7005: Variable 'b' implicitly has an 'any' type.
vendor/tesseract/tesseract-core.wasm.js(162,188): error TS2339: Property '_emscripten_bind_TessBaseAPI_ProcessPage_6' does not exist on type '{}'.
vendor/tesseract/tesseract-core.wasm.js(162,252): error TS7005: Variable 'b' implicitly has an 'any' type.
vendor/tesseract/tesseract-core.wasm.js(162,297): error TS7005: Variable 'b' implicitly has an 'any' type.
vendor/tesseract/tesseract-core.wasm.js(162,335): error TS2339: Property '_emscripten_bind_TessBaseAPI_GetIterator_0' does not exist on type '{}'.
vendor/tesseract/tesseract-core.wasm.js(162,399): error TS7005: Variable 'b' implicitly has an 'any' type.
vendor/tesseract/tesseract-core.wasm.js(162,444): error TS7005: Variable 'b' implicitly has an 'any' type.
vendor/tesseract/tesseract-core.wasm.js(162,482): error TS2339: Property '_emscripten_bind_TessBaseAPI_GetUTF8Text_0' does not exist on type '{}'.
vendor/tesseract/tesseract-core.wasm.js(163,22): error TS7005: Variable 'b' implicitly has an 'any' type.
vendor/tesseract/tesseract-core.wasm.js(163,67): error TS7005: Variable 'b' implicitly has an 'any' type.
vendor/tesseract/tesseract-core.wasm.js(163,105): error TS2339: Property '_emscripten_bind_TessBaseAPI_GetHOCRText_1' does not exist on type '{}'.
vendor/tesseract/tesseract-core.wasm.js(163,169): error TS7005: Variable 'b' implicitly has an 'any' type.
vendor/tesseract/tesseract-core.wasm.js(163,214): error TS7005: Variable 'b' implicitly has an 'any' type.
vendor/tesseract/tesseract-core.wasm.js(163,252): error TS2339: Property '_emscripten_bind_TessBaseAPI_GetTSVText_1' does not exist on type '{}'.
vendor/tesseract/tesseract-core.wasm.js(163,315): error TS7005: Variable 'b' implicitly has an 'any' type.
vendor/tesseract/tesseract-core.wasm.js(163,359): error TS7005: Variable 'b' implicitly has an 'any' type.
vendor/tesseract/tesseract-core.wasm.js(163,397): error TS2339: Property '_emscripten_bind_TessBaseAPI_GetBoxText_1' does not exist on type '{}'.
vendor/tesseract/tesseract-core.wasm.js(163,460): error TS7005: Variable 'b' implicitly has an 'any' type.
vendor/tesseract/tesseract-core.wasm.js(164,1): error TS7005: Variable 'b' implicitly has an 'any' type.
vendor/tesseract/tesseract-core.wasm.js(164,39): error TS2339: Property '_emscripten_bind_TessBaseAPI_GetUNLVText_0' does not exist on type '{}'.
vendor/tesseract/tesseract-core.wasm.js(164,103): error TS7005: Variable 'b' implicitly has an 'any' type.
vendor/tesseract/tesseract-core.wasm.js(164,148): error TS7005: Variable 'b' implicitly has an 'any' type.
vendor/tesseract/tesseract-core.wasm.js(164,186): error TS2339: Property '_emscripten_bind_TessBaseAPI_GetOsdText_1' does not exist on type '{}'.
vendor/tesseract/tesseract-core.wasm.js(164,249): error TS7005: Variable 'b' implicitly has an 'any' type.
vendor/tesseract/tesseract-core.wasm.js(164,293): error TS7005: Variable 'b' implicitly has an 'any' type.
vendor/tesseract/tesseract-core.wasm.js(164,331): error TS2339: Property '_emscripten_bind_TessBaseAPI_MeanTextConf_0' does not exist on type '{}'.
vendor/tesseract/tesseract-core.wasm.js(164,396): error TS7005: Variable 'b' implicitly has an 'any' type.
vendor/tesseract/tesseract-core.wasm.js(164,442): error TS7005: Variable 'b' implicitly has an 'any' type.
vendor/tesseract/tesseract-core.wasm.js(164,480): error TS2339: Property '_emscripten_bind_TessBaseAPI_AllWordConfidences_0' does not exist on type '{}'.
vendor/tesseract/tesseract-core.wasm.js(165,22): error TS7005: Variable 'b' implicitly has an 'any' type.
vendor/tesseract/tesseract-core.wasm.js(165,74): error TS7005: Variable 'b' implicitly has an 'any' type.
vendor/tesseract/tesseract-core.wasm.js(165,112): error TS2339: Property '_emscripten_bind_TessBaseAPI_Clear_0' does not exist on type '{}'.
vendor/tesseract/tesseract-core.wasm.js(165,170): error TS7005: Variable 'b' implicitly has an 'any' type.
vendor/tesseract/tesseract-core.wasm.js(165,209): error TS7005: Variable 'b' implicitly has an 'any' type.
vendor/tesseract/tesseract-core.wasm.js(165,247): error TS2339: Property '_emscripten_bind_TessBaseAPI_End_0' does not exist on type '{}'.
vendor/tesseract/tesseract-core.wasm.js(165,303): error TS7005: Variable 'b' implicitly has an 'any' type.
vendor/tesseract/tesseract-core.wasm.js(165,340): error TS7005: Variable 'b' implicitly has an 'any' type.
vendor/tesseract/tesseract-core.wasm.js(165,378): error TS2339: Property '_emscripten_bind_TessBaseAPI_ClearPersistentCache_0' does not exist on type '{}'.
vendor/tesseract/tesseract-core.wasm.js(165,451): error TS7005: Variable 'b' implicitly has an 'any' type.
vendor/tesseract/tesseract-core.wasm.js(166,1): error TS7005: Variable 'b' implicitly has an 'any' type.
vendor/tesseract/tesseract-core.wasm.js(166,39): error TS2339: Property '_emscripten_bind_TessBaseAPI_IsValidWord_1' does not exist on type '{}'.
vendor/tesseract/tesseract-core.wasm.js(166,103): error TS7005: Variable 'b' implicitly has an 'any' type.
vendor/tesseract/tesseract-core.wasm.js(166,148): error TS7005: Variable 'b' implicitly has an 'any' type.
vendor/tesseract/tesseract-core.wasm.js(166,186): error TS2339: Property '_emscripten_bind_TessBaseAPI_IsValidCharacter_1' does not exist on type '{}'.
vendor/tesseract/tesseract-core.wasm.js(166,255): error TS7005: Variable 'b' implicitly has an 'any' type.
vendor/tesseract/tesseract-core.wasm.js(166,305): error TS7005: Variable 'b' implicitly has an 'any' type.
vendor/tesseract/tesseract-core.wasm.js(166,343): error TS2339: Property '_emscripten_bind_TessBaseAPI_DetectOS_1' does not exist on type '{}'.
vendor/tesseract/tesseract-core.wasm.js(166,404): error TS7005: Variable 'b' implicitly has an 'any' type.
vendor/tesseract/tesseract-core.wasm.js(166,446): error TS7005: Variable 'b' implicitly has an 'any' type.
vendor/tesseract/tesseract-core.wasm.js(166,484): error TS2339: Property '_emscripten_bind_TessBaseAPI_GetUnichar_1' does not exist on type '{}'.
vendor/tesseract/tesseract-core.wasm.js(167,22): error TS7005: Variable 'b' implicitly has an 'any' type.
vendor/tesseract/tesseract-core.wasm.js(167,66): error TS7005: Variable 'b' implicitly has an 'any' type.
vendor/tesseract/tesseract-core.wasm.js(167,104): error TS2339: Property '_emscripten_bind_TessBaseAPI_GetDawg_1' does not exist on type '{}'.
vendor/tesseract/tesseract-core.wasm.js(167,164): error TS7005: Variable 'b' implicitly has an 'any' type.
vendor/tesseract/tesseract-core.wasm.js(167,205): error TS7005: Variable 'b' implicitly has an 'any' type.
vendor/tesseract/tesseract-core.wasm.js(167,243): error TS2339: Property '_emscripten_bind_TessBaseAPI_NumDawgs_0' does not exist on type '{}'.
vendor/tesseract/tesseract-core.wasm.js(167,304): error TS7005: Variable 'b' implicitly has an 'any' type.
vendor/tesseract/tesseract-core.wasm.js(167,346): error TS7005: Variable 'b' implicitly has an 'any' type.
vendor/tesseract/tesseract-core.wasm.js(167,384): error TS2339: Property '_emscripten_bind_TessBaseAPI_oem_0' does not exist on type '{}'.
vendor/tesseract/tesseract-core.wasm.js(167,440): error TS7005: Variable 'b' implicitly has an 'any' type.
vendor/tesseract/tesseract-core.wasm.js(167,477): error TS7005: Variable 'b' implicitly has an 'any' type.
vendor/tesseract/tesseract-core.wasm.js(168,6): error TS2339: Property '_emscripten_bind_TessBaseAPI___destroy___0' does not exist on type '{}'.
vendor/tesseract/tesseract-core.wasm.js(168,70): error TS7005: Variable 'b' implicitly has an 'any' type.
vendor/tesseract/tesseract-core.wasm.js(168,115): error TS7005: Variable 'b' implicitly has an 'any' type.
vendor/tesseract/tesseract-core.wasm.js(168,153): error TS2339: Property '_emscripten_bind_OSResults_OSResults_0' does not exist on type '{}'.
vendor/tesseract/tesseract-core.wasm.js(168,213): error TS7005: Variable 'b' implicitly has an 'any' type.
vendor/tesseract/tesseract-core.wasm.js(168,254): error TS7005: Variable 'b' implicitly has an 'any' type.
vendor/tesseract/tesseract-core.wasm.js(168,292): error TS2339: Property '_emscripten_bind_OSResults_print_scores_0' does not exist on type '{}'.
vendor/tesseract/tesseract-core.wasm.js(168,355): error TS7005: Variable 'b' implicitly has an 'any' type.
vendor/tesseract/tesseract-core.wasm.js(168,399): error TS7005: Variable 'b' implicitly has an 'any' type.
vendor/tesseract/tesseract-core.wasm.js(168,437): error TS2339: Property '_emscripten_bind_OSResults_get_best_result_0' does not exist on type '{}'.
vendor/tesseract/tesseract-core.wasm.js(169,1): error TS7005: Variable 'b' implicitly has an 'any' type.
vendor/tesseract/tesseract-core.wasm.js(169,48): error TS7005: Variable 'b' implicitly has an 'any' type.
vendor/tesseract/tesseract-core.wasm.js(169,86): error TS2339: Property '_emscripten_bind_OSResults_get_unicharset_0' does not exist on type '{}'.
vendor/tesseract/tesseract-core.wasm.js(169,151): error TS7005: Variable 'b' implicitly has an 'any' type.
vendor/tesseract/tesseract-core.wasm.js(169,197): error TS7005: Variable 'b' implicitly has an 'any' type.
vendor/tesseract/tesseract-core.wasm.js(169,235): error TS2339: Property '_emscripten_bind_OSResults___destroy___0' does not exist on type '{}'.
vendor/tesseract/tesseract-core.wasm.js(169,297): error TS7005: Variable 'b' implicitly has an 'any' type.
vendor/tesseract/tesseract-core.wasm.js(169,340): error TS7005: Variable 'b' implicitly has an 'any' type.
vendor/tesseract/tesseract-core.wasm.js(169,378): error TS2339: Property '_emscripten_bind_Pixa_get_n_0' does not exist on type '{}'.
vendor/tesseract/tesseract-core.wasm.js(169,429): error TS7005: Variable 'b' implicitly has an 'any' type.
vendor/tesseract/tesseract-core.wasm.js(169,461): error TS7005: Variable 'b' implicitly has an 'any' type.
vendor/tesseract/tesseract-core.wasm.js(169,499): error TS2339: Property '_emscripten_bind_Pixa_get_nalloc_0' does not exist on type '{}'.
vendor/tesseract/tesseract-core.wasm.js(170,22): error TS7005: Variable 'b' implicitly has an 'any' type.
vendor/tesseract/tesseract-core.wasm.js(170,59): error TS7005: Variable 'b' implicitly has an 'any' type.
vendor/tesseract/tesseract-core.wasm.js(170,97): error TS2339: Property '_emscripten_bind_Pixa_get_refcount_0' does not exist on type '{}'.
vendor/tesseract/tesseract-core.wasm.js(170,155): error TS7005: Variable 'b' implicitly has an 'any' type.
vendor/tesseract/tesseract-core.wasm.js(170,194): error TS7005: Variable 'b' implicitly has an 'any' type.
vendor/tesseract/tesseract-core.wasm.js(170,232): error TS2339: Property '_emscripten_bind_Pixa_get_pix_0' does not exist on type '{}'.
vendor/tesseract/tesseract-core.wasm.js(170,285): error TS7005: Variable 'b' implicitly has an 'any' type.
vendor/tesseract/tesseract-core.wasm.js(170,319): error TS7005: Variable 'b' implicitly has an 'any' type.
vendor/tesseract/tesseract-core.wasm.js(170,357): error TS2339: Property '_emscripten_bind_Pixa_get_boxa_0' does not exist on type '{}'.
vendor/tesseract/tesseract-core.wasm.js(170,411): error TS7005: Variable 'b' implicitly has an 'any' type.
vendor/tesseract/tesseract-core.wasm.js(170,446): error TS7005: Variable 'b' implicitly has an 'any' type.
vendor/tesseract/tesseract-core.wasm.js(170,484): error TS2339: Property '_emscripten_bind_Pixa___destroy___0' does not exist on type '{}'.
vendor/tesseract/tesseract-core.wasm.js(171,22): error TS7005: Variable 'b' implicitly has an 'any' type.
vendor/tesseract/tesseract-core.wasm.js(171,60): error TS7005: Variable 'b' implicitly has an 'any' type.
vendor/tesseract/tesseract-core.wasm.js(171,98): error TS2339: Property '_emscripten_enum_PageIteratorLevel_RIL_BLOCK' does not exist on type '{}'.
vendor/tesseract/tesseract-core.wasm.js(171,164): error TS7005: Variable 'b' implicitly has an 'any' type.
vendor/tesseract/tesseract-core.wasm.js(171,211): error TS7005: Variable 'b' implicitly has an 'any' type.
vendor/tesseract/tesseract-core.wasm.js(171,249): error TS2339: Property '_emscripten_enum_PageIteratorLevel_RIL_PARA' does not exist on type '{}'.
vendor/tesseract/tesseract-core.wasm.js(171,314): error TS7005: Variable 'b' implicitly has an 'any' type.
vendor/tesseract/tesseract-core.wasm.js(171,360): error TS7005: Variable 'b' implicitly has an 'any' type.
vendor/tesseract/tesseract-core.wasm.js(171,398): error TS2339: Property '_emscripten_enum_PageIteratorLevel_RIL_TEXTLINE' does not exist on type '{}'.
vendor/tesseract/tesseract-core.wasm.js(171,467): error TS7005: Variable 'b' implicitly has an 'any' type.
vendor/tesseract/tesseract-core.wasm.js(172,1): error TS7005: Variable 'b' implicitly has an 'any' type.
vendor/tesseract/tesseract-core.wasm.js(172,39): error TS2339: Property '_emscripten_enum_PageIteratorLevel_RIL_WORD' does not exist on type '{}'.
vendor/tesseract/tesseract-core.wasm.js(172,104): error TS7005: Variable 'b' implicitly has an 'any' type.
vendor/tesseract/tesseract-core.wasm.js(172,150): error TS7005: Variable 'b' implicitly has an 'any' type.
vendor/tesseract/tesseract-core.wasm.js(172,188): error TS2339: Property '_emscripten_enum_PageIteratorLevel_RIL_SYMBOL' does not exist on type '{}'.
vendor/tesseract/tesseract-core.wasm.js(172,255): error TS7005: Variable 'b' implicitly has an 'any' type.
vendor/tesseract/tesseract-core.wasm.js(172,303): error TS7005: Variable 'b' implicitly has an 'any' type.
vendor/tesseract/tesseract-core.wasm.js(172,341): error TS2339: Property '_emscripten_enum_OcrEngineMode_OEM_TESSERACT_ONLY' does not exist on type '{}'.
vendor/tesseract/tesseract-core.wasm.js(172,412): error TS7005: Variable 'b' implicitly has an 'any' type.
vendor/tesseract/tesseract-core.wasm.js(172,464): error TS7005: Variable 'b' implicitly has an 'any' type.
vendor/tesseract/tesseract-core.wasm.js(172,502): error TS2339: Property '_emscripten_enum_OcrEngineMode_OEM_LSTM_ONLY' does not exist on type '{}'.
vendor/tesseract/tesseract-core.wasm.js(173,22): error TS7005: Variable 'b' implicitly has an 'any' type.
vendor/tesseract/tesseract-core.wasm.js(173,69): error TS7005: Variable 'b' implicitly has an 'any' type.
vendor/tesseract/tesseract-core.wasm.js(173,107): error TS2339: Property '_emscripten_enum_OcrEngineMode_OEM_TESSERACT_LSTM_COMBINED' does not exist on type '{}'.
vendor/tesseract/tesseract-core.wasm.js(173,187): error TS7005: Variable 'b' implicitly has an 'any' type.
vendor/tesseract/tesseract-core.wasm.js(173,248): error TS7005: Variable 'b' implicitly has an 'any' type.
vendor/tesseract/tesseract-core.wasm.js(173,286): error TS2339: Property '_emscripten_enum_OcrEngineMode_OEM_DEFAULT' does not exist on type '{}'.
vendor/tesseract/tesseract-core.wasm.js(173,350): error TS7005: Variable 'b' implicitly has an 'any' type.
vendor/tesseract/tesseract-core.wasm.js(173,395): error TS7005: Variable 'b' implicitly has an 'any' type.
vendor/tesseract/tesseract-core.wasm.js(173,433): error TS2339: Property '_emscripten_enum_OcrEngineMode_OEM_COUNT' does not exist on type '{}'.
vendor/tesseract/tesseract-core.wasm.js(173,495): error TS7005: Variable 'b' implicitly has an 'any' type.
vendor/tesseract/tesseract-core.wasm.js(174,1): error TS7005: Variable 'b' implicitly has an 'any' type.
vendor/tesseract/tesseract-core.wasm.js(174,39): error TS2339: Property '_emscripten_enum_WritingDirection__WRITING_DIRECTION_LEFT_TO_RIGHT' does not exist on type '{}'.
vendor/tesseract/tesseract-core.wasm.js(174,127): error TS7005: Variable 'b' implicitly has an 'any' type.
vendor/tesseract/tesseract-core.wasm.js(174,196): error TS7005: Variable 'b' implicitly has an 'any' type.
vendor/tesseract/tesseract-core.wasm.js(174,234): error TS2339: Property '_emscripten_enum_WritingDirection__WRITING_DIRECTION_RIGHT_TO_LEFT' does not exist on type '{}'.
vendor/tesseract/tesseract-core.wasm.js(174,322): error TS7005: Variable 'b' implicitly has an 'any' type.
vendor/tesseract/tesseract-core.wasm.js(174,391): error TS7005: Variable 'b' implicitly has an 'any' type.
vendor/tesseract/tesseract-core.wasm.js(174,429): error TS2339: Property '_emscripten_enum_WritingDirection__WRITING_DIRECTION_TOP_TO_BOTTOM' does not exist on type '{}'.
vendor/tesseract/tesseract-core.wasm.js(175,1): error TS7005: Variable 'b' implicitly has an 'any' type.
vendor/tesseract/tesseract-core.wasm.js(175,70): error TS7005: Variable 'b' implicitly has an 'any' type.
vendor/tesseract/tesseract-core.wasm.js(175,108): error TS2339: Property '_emscripten_enum_PolyBlockType_PT_UNKNOWN' does not exist on type '{}'.
vendor/tesseract/tesseract-core.wasm.js(175,171): error TS7005: Variable 'b' implicitly has an 'any' type.
vendor/tesseract/tesseract-core.wasm.js(175,215): error TS7005: Variable 'b' implicitly has an 'any' type.
vendor/tesseract/tesseract-core.wasm.js(175,253): error TS2339: Property '_emscripten_enum_PolyBlockType_PT_FLOWING_TEXT' does not exist on type '{}'.
vendor/tesseract/tesseract-core.wasm.js(175,321): error TS7005: Variable 'b' implicitly has an 'any' type.
vendor/tesseract/tesseract-core.wasm.js(175,370): error TS7005: Variable 'b' implicitly has an 'any' type.
vendor/tesseract/tesseract-core.wasm.js(175,408): error TS2339: Property '_emscripten_enum_PolyBlockType_PT_HEADING_TEXT' does not exist on type '{}'.
vendor/tesseract/tesseract-core.wasm.js(175,476): error TS7005: Variable 'b' implicitly has an 'any' type.
vendor/tesseract/tesseract-core.wasm.js(176,1): error TS7005: Variable 'b' implicitly has an 'any' type.
vendor/tesseract/tesseract-core.wasm.js(176,39): error TS2339: Property '_emscripten_enum_PolyBlockType_PT_PULLOUT_TEXT' does not exist on type '{}'.
vendor/tesseract/tesseract-core.wasm.js(176,107): error TS7005: Variable 'b' implicitly has an 'any' type.
vendor/tesseract/tesseract-core.wasm.js(176,156): error TS7005: Variable 'b' implicitly has an 'any' type.
vendor/tesseract/tesseract-core.wasm.js(176,194): error TS2339: Property '_emscripten_enum_PolyBlockType_PT_EQUATION' does not exist on type '{}'.
vendor/tesseract/tesseract-core.wasm.js(176,258): error TS7005: Variable 'b' implicitly has an 'any' type.
vendor/tesseract/tesseract-core.wasm.js(176,303): error TS7005: Variable 'b' implicitly has an 'any' type.
vendor/tesseract/tesseract-core.wasm.js(176,341): error TS2339: Property '_emscripten_enum_PolyBlockType_PT_INLINE_EQUATION' does not exist on type '{}'.
vendor/tesseract/tesseract-core.wasm.js(176,412): error TS7005: Variable 'b' implicitly has an 'any' type.
vendor/tesseract/tesseract-core.wasm.js(176,464): error TS7005: Variable 'b' implicitly has an 'any' type.
vendor/tesseract/tesseract-core.wasm.js(176,502): error TS2339: Property '_emscripten_enum_PolyBlockType_PT_TABLE' does not exist on type '{}'.
vendor/tesseract/tesseract-core.wasm.js(177,22): error TS7005: Variable 'b' implicitly has an 'any' type.
vendor/tesseract/tesseract-core.wasm.js(177,64): error TS7005: Variable 'b' implicitly has an 'any' type.
vendor/tesseract/tesseract-core.wasm.js(177,102): error TS2339: Property '_emscripten_enum_PolyBlockType_PT_VERTICAL_TEXT' does not exist on type '{}'.
vendor/tesseract/tesseract-core.wasm.js(177,171): error TS7005: Variable 'b' implicitly has an 'any' type.
vendor/tesseract/tesseract-core.wasm.js(177,221): error TS7005: Variable 'b' implicitly has an 'any' type.
vendor/tesseract/tesseract-core.wasm.js(177,259): error TS2339: Property '_emscripten_enum_PolyBlockType_PT_CAPTION_TEXT' does not exist on type '{}'.
vendor/tesseract/tesseract-core.wasm.js(177,327): error TS7005: Variable 'b' implicitly has an 'any' type.
vendor/tesseract/tesseract-core.wasm.js(177,376): error TS7005: Variable 'b' implicitly has an 'any' type.
vendor/tesseract/tesseract-core.wasm.js(177,414): error TS2339: Property '_emscripten_enum_PolyBlockType_PT_FLOWING_IMAGE' does not exist on type '{}'.
vendor/tesseract/tesseract-core.wasm.js(177,483): error TS7005: Variable 'b' implicitly has an 'any' type.
vendor/tesseract/tesseract-core.wasm.js(178,1): error TS7005: Variable 'b' implicitly has an 'any' type.
vendor/tesseract/tesseract-core.wasm.js(178,39): error TS2339: Property '_emscripten_enum_PolyBlockType_PT_HEADING_IMAGE' does not exist on type '{}'.
vendor/tesseract/tesseract-core.wasm.js(178,108): error TS7005: Variable 'b' implicitly has an 'any' type.
vendor/tesseract/tesseract-core.wasm.js(178,158): error TS7005: Variable 'b' implicitly has an 'any' type.
vendor/tesseract/tesseract-core.wasm.js(178,196): error TS2339: Property '_emscripten_enum_PolyBlockType_PT_PULLOUT_IMAGE' does not exist on type '{}'.
vendor/tesseract/tesseract-core.wasm.js(178,265): error TS7005: Variable 'b' implicitly has an 'any' type.
vendor/tesseract/tesseract-core.wasm.js(178,315): error TS7005: Variable 'b' implicitly has an 'any' type.
vendor/tesseract/tesseract-core.wasm.js(178,353): error TS2339: Property '_emscripten_enum_PolyBlockType_PT_HORZ_LINE' does not exist on type '{}'.
vendor/tesseract/tesseract-core.wasm.js(178,418): error TS7005: Variable 'b' implicitly has an 'any' type.
vendor/tesseract/tesseract-core.wasm.js(178,464): error TS7005: Variable 'b' implicitly has an 'any' type.
vendor/tesseract/tesseract-core.wasm.js(178,502): error TS2339: Property '_emscripten_enum_PolyBlockType_PT_VERT_LINE' does not exist on type '{}'.
vendor/tesseract/tesseract-core.wasm.js(179,22): error TS7005: Variable 'b' implicitly has an 'any' type.
vendor/tesseract/tesseract-core.wasm.js(179,68): error TS7005: Variable 'b' implicitly has an 'any' type.
vendor/tesseract/tesseract-core.wasm.js(179,106): error TS2339: Property '_emscripten_enum_PolyBlockType_PT_NOISE' does not exist on type '{}'.
vendor/tesseract/tesseract-core.wasm.js(179,167): error TS7005: Variable 'b' implicitly has an 'any' type.
vendor/tesseract/tesseract-core.wasm.js(179,209): error TS7005: Variable 'b' implicitly has an 'any' type.
vendor/tesseract/tesseract-core.wasm.js(179,247): error TS2339: Property '_emscripten_enum_PolyBlockType_PT_COUNT' does not exist on type '{}'.
vendor/tesseract/tesseract-core.wasm.js(179,308): error TS7005: Variable 'b' implicitly has an 'any' type.
vendor/tesseract/tesseract-core.wasm.js(179,350): error TS7005: Variable 'b' implicitly has an 'any' type.
vendor/tesseract/tesseract-core.wasm.js(179,388): error TS2339: Property '_emscripten_enum_StrongScriptDirection_DIR_NEUTRAL' does not exist on type '{}'.
vendor/tesseract/tesseract-core.wasm.js(179,460): error TS7005: Variable 'b' implicitly has an 'any' type.
vendor/tesseract/tesseract-core.wasm.js(180,1): error TS7005: Variable 'b' implicitly has an 'any' type.
vendor/tesseract/tesseract-core.wasm.js(180,39): error TS2339: Property '_emscripten_enum_StrongScriptDirection_DIR_LEFT_TO_RIGHT' does not exist on type '{}'.
vendor/tesseract/tesseract-core.wasm.js(180,117): error TS7005: Variable 'b' implicitly has an 'any' type.
vendor/tesseract/tesseract-core.wasm.js(180,176): error TS7005: Variable 'b' implicitly has an 'any' type.
vendor/tesseract/tesseract-core.wasm.js(180,214): error TS2339: Property '_emscripten_enum_StrongScriptDirection_DIR_RIGHT_TO_LEFT' does not exist on type '{}'.
vendor/tesseract/tesseract-core.wasm.js(180,292): error TS7005: Variable 'b' implicitly has an 'any' type.
vendor/tesseract/tesseract-core.wasm.js(180,351): error TS7005: Variable 'b' implicitly has an 'any' type.
vendor/tesseract/tesseract-core.wasm.js(180,389): error TS2339: Property '_emscripten_enum_StrongScriptDirection_DIR_MIX' does not exist on type '{}'.
vendor/tesseract/tesseract-core.wasm.js(180,457): error TS7005: Variable 'b' implicitly has an 'any' type.
vendor/tesseract/tesseract-core.wasm.js(181,1): error TS7005: Variable 'b' implicitly has an 'any' type.
vendor/tesseract/tesseract-core.wasm.js(181,39): error TS2339: Property '_emscripten_enum_ParagraphJustification__JUSTIFICATION_UNKNOWN' does not exist on type '{}'.
vendor/tesseract/tesseract-core.wasm.js(181,123): error TS7005: Variable 'b' implicitly has an 'any' type.
vendor/tesseract/tesseract-core.wasm.js(181,188): error TS7005: Variable 'b' implicitly has an 'any' type.
vendor/tesseract/tesseract-core.wasm.js(181,226): error TS2339: Property '_emscripten_enum_ParagraphJustification__JUSTIFICATION_LEFT' does not exist on type '{}'.
vendor/tesseract/tesseract-core.wasm.js(181,307): error TS7005: Variable 'b' implicitly has an 'any' type.
vendor/tesseract/tesseract-core.wasm.js(181,369): error TS7005: Variable 'b' implicitly has an 'any' type.
vendor/tesseract/tesseract-core.wasm.js(181,407): error TS2339: Property '_emscripten_enum_ParagraphJustification__JUSTIFICATION_CENTER' does not exist on type '{}'.
vendor/tesseract/tesseract-core.wasm.js(181,490): error TS7005: Variable 'b' implicitly has an 'any' type.
vendor/tesseract/tesseract-core.wasm.js(182,1): error TS7005: Variable 'b' implicitly has an 'any' type.
vendor/tesseract/tesseract-core.wasm.js(182,39): error TS2339: Property '_emscripten_enum_ParagraphJustification__JUSTIFICATION_RIGHT' does not exist on type '{}'.
vendor/tesseract/tesseract-core.wasm.js(182,121): error TS7005: Variable 'b' implicitly has an 'any' type.
vendor/tesseract/tesseract-core.wasm.js(182,184): error TS7005: Variable 'b' implicitly has an 'any' type.
vendor/tesseract/tesseract-core.wasm.js(182,222): error TS2339: Property '_emscripten_enum_TextlineOrder__TEXTLINE_ORDER_LEFT_TO_RIGHT' does not exist on type '{}'.
vendor/tesseract/tesseract-core.wasm.js(182,304): error TS7005: Variable 'b' implicitly has an 'any' type.
vendor/tesseract/tesseract-core.wasm.js(182,367): error TS7005: Variable 'b' implicitly has an 'any' type.
vendor/tesseract/tesseract-core.wasm.js(182,405): error TS2339: Property '_emscripten_enum_TextlineOrder__TEXTLINE_ORDER_RIGHT_TO_LEFT' does not exist on type '{}'.
vendor/tesseract/tesseract-core.wasm.js(182,487): error TS7005: Variable 'b' implicitly has an 'any' type.
vendor/tesseract/tesseract-core.wasm.js(183,1): error TS7005: Variable 'b' implicitly has an 'any' type.
vendor/tesseract/tesseract-core.wasm.js(183,39): error TS2339: Property '_emscripten_enum_TextlineOrder__TEXTLINE_ORDER_TOP_TO_BOTTOM' does not exist on type '{}'.
vendor/tesseract/tesseract-core.wasm.js(183,121): error TS7005: Variable 'b' implicitly has an 'any' type.
vendor/tesseract/tesseract-core.wasm.js(183,184): error TS7005: Variable 'b' implicitly has an 'any' type.
vendor/tesseract/tesseract-core.wasm.js(183,222): error TS2339: Property '_emscripten_enum_Orientation__ORIENTATION_PAGE_UP' does not exist on type '{}'.
vendor/tesseract/tesseract-core.wasm.js(183,293): error TS7005: Variable 'b' implicitly has an 'any' type.
vendor/tesseract/tesseract-core.wasm.js(183,345): error TS7005: Variable 'b' implicitly has an 'any' type.
vendor/tesseract/tesseract-core.wasm.js(183,383): error TS2339: Property '_emscripten_enum_Orientation__ORIENTATION_PAGE_RIGHT' does not exist on type '{}'.
vendor/tesseract/tesseract-core.wasm.js(183,457): error TS7005: Variable 'b' implicitly has an 'any' type.
vendor/tesseract/tesseract-core.wasm.js(184,1): error TS7005: Variable 'b' implicitly has an 'any' type.
vendor/tesseract/tesseract-core.wasm.js(184,39): error TS2339: Property '_emscripten_enum_Orientation__ORIENTATION_PAGE_DOWN' does not exist on type '{}'.
vendor/tesseract/tesseract-core.wasm.js(184,112): error TS7005: Variable 'b' implicitly has an 'any' type.
vendor/tesseract/tesseract-core.wasm.js(184,166): error TS7005: Variable 'b' implicitly has an 'any' type.
vendor/tesseract/tesseract-core.wasm.js(184,204): error TS2339: Property '_emscripten_enum_Orientation__ORIENTATION_PAGE_LEFT' does not exist on type '{}'.
vendor/tesseract/tesseract-core.wasm.js(184,277): error TS7005: Variable 'b' implicitly has an 'any' type.
vendor/tesseract/tesseract-core.wasm.js(184,331): error TS7005: Variable 'b' implicitly has an 'any' type.
vendor/tesseract/tesseract-core.wasm.js(184,369): error TS2339: Property '_emscripten_enum_PageSegMode_PSM_OSD_ONLY' does not exist on type '{}'.
vendor/tesseract/tesseract-core.wasm.js(184,432): error TS7005: Variable 'b' implicitly has an 'any' type.
vendor/tesseract/tesseract-core.wasm.js(184,476): error TS7005: Variable 'b' implicitly has an 'any' type.
vendor/tesseract/tesseract-core.wasm.js(185,6): error TS2339: Property '_emscripten_enum_PageSegMode_PSM_AUTO_OSD' does not exist on type '{}'.
vendor/tesseract/tesseract-core.wasm.js(185,69): error TS7005: Variable 'b' implicitly has an 'any' type.
vendor/tesseract/tesseract-core.wasm.js(185,113): error TS7005: Variable 'b' implicitly has an 'any' type.
vendor/tesseract/tesseract-core.wasm.js(185,151): error TS2339: Property '_emscripten_enum_PageSegMode_PSM_AUTO_ONLY' does not exist on type '{}'.
vendor/tesseract/tesseract-core.wasm.js(185,215): error TS7005: Variable 'b' implicitly has an 'any' type.
vendor/tesseract/tesseract-core.wasm.js(185,260): error TS7005: Variable 'b' implicitly has an 'any' type.
vendor/tesseract/tesseract-core.wasm.js(185,298): error TS2339: Property '_emscripten_enum_PageSegMode_PSM_AUTO' does not exist on type '{}'.
vendor/tesseract/tesseract-core.wasm.js(185,357): error TS7005: Variable 'b' implicitly has an 'any' type.
vendor/tesseract/tesseract-core.wasm.js(185,397): error TS7005: Variable 'b' implicitly has an 'any' type.
vendor/tesseract/tesseract-core.wasm.js(185,435): error TS2339: Property '_emscripten_enum_PageSegMode_PSM_SINGLE_COLUMN' does not exist on type '{}'.
vendor/tesseract/tesseract-core.wasm.js(186,1): error TS7005: Variable 'b' implicitly has an 'any' type.
vendor/tesseract/tesseract-core.wasm.js(186,50): error TS7005: Variable 'b' implicitly has an 'any' type.
vendor/tesseract/tesseract-core.wasm.js(186,88): error TS2339: Property '_emscripten_enum_PageSegMode_PSM_SINGLE_BLOCK_VERT_TEXT' does not exist on type '{}'.
vendor/tesseract/tesseract-core.wasm.js(186,165): error TS7005: Variable 'b' implicitly has an 'any' type.
vendor/tesseract/tesseract-core.wasm.js(186,223): error TS7005: Variable 'b' implicitly has an 'any' type.
vendor/tesseract/tesseract-core.wasm.js(186,261): error TS2339: Property '_emscripten_enum_PageSegMode_PSM_SINGLE_BLOCK' does not exist on type '{}'.
vendor/tesseract/tesseract-core.wasm.js(186,328): error TS7005: Variable 'b' implicitly has an 'any' type.
vendor/tesseract/tesseract-core.wasm.js(186,376): error TS7005: Variable 'b' implicitly has an 'any' type.
vendor/tesseract/tesseract-core.wasm.js(186,414): error TS2339: Property '_emscripten_enum_PageSegMode_PSM_SINGLE_LINE' does not exist on type '{}'.
vendor/tesseract/tesseract-core.wasm.js(186,480): error TS7005: Variable 'b' implicitly has an 'any' type.
vendor/tesseract/tesseract-core.wasm.js(187,1): error TS7005: Variable 'b' implicitly has an 'any' type.
vendor/tesseract/tesseract-core.wasm.js(187,39): error TS2339: Property '_emscripten_enum_PageSegMode_PSM_SINGLE_WORD' does not exist on type '{}'.
vendor/tesseract/tesseract-core.wasm.js(187,105): error TS7005: Variable 'b' implicitly has an 'any' type.
vendor/tesseract/tesseract-core.wasm.js(187,152): error TS7005: Variable 'b' implicitly has an 'any' type.
vendor/tesseract/tesseract-core.wasm.js(187,190): error TS2339: Property '_emscripten_enum_PageSegMode_PSM_CIRCLE_WORD' does not exist on type '{}'.
vendor/tesseract/tesseract-core.wasm.js(187,256): error TS7005: Variable 'b' implicitly has an 'any' type.
vendor/tesseract/tesseract-core.wasm.js(187,303): error TS7005: Variable 'b' implicitly has an 'any' type.
vendor/tesseract/tesseract-core.wasm.js(187,341): error TS2339: Property '_emscripten_enum_PageSegMode_PSM_SINGLE_CHAR' does not exist on type '{}'.
vendor/tesseract/tesseract-core.wasm.js(187,407): error TS7005: Variable 'b' implicitly has an 'any' type.
vendor/tesseract/tesseract-core.wasm.js(187,454): error TS7005: Variable 'b' implicitly has an 'any' type.
vendor/tesseract/tesseract-core.wasm.js(187,492): error TS2339: Property '_emscripten_enum_PageSegMode_PSM_SPARSE_TEXT' does not exist on type '{}'.
vendor/tesseract/tesseract-core.wasm.js(188,22): error TS7005: Variable 'b' implicitly has an 'any' type.
vendor/tesseract/tesseract-core.wasm.js(188,69): error TS7005: Variable 'b' implicitly has an 'any' type.
vendor/tesseract/tesseract-core.wasm.js(188,107): error TS2339: Property '_emscripten_enum_PageSegMode_PSM_SPARSE_TEXT_OSD' does not exist on type '{}'.
vendor/tesseract/tesseract-core.wasm.js(188,177): error TS7005: Variable 'b' implicitly has an 'any' type.
vendor/tesseract/tesseract-core.wasm.js(188,228): error TS7005: Variable 'b' implicitly has an 'any' type.
vendor/tesseract/tesseract-core.wasm.js(188,266): error TS2339: Property '_emscripten_enum_PageSegMode_PSM_RAW_LINE' does not exist on type '{}'.
vendor/tesseract/tesseract-core.wasm.js(188,329): error TS7005: Variable 'b' implicitly has an 'any' type.
vendor/tesseract/tesseract-core.wasm.js(188,373): error TS7005: Variable 'b' implicitly has an 'any' type.
vendor/tesseract/tesseract-core.wasm.js(188,411): error TS2339: Property '_emscripten_enum_PageSegMode_PSM_COUNT' does not exist on type '{}'.
vendor/tesseract/tesseract-core.wasm.js(188,471): error TS7005: Variable 'b' implicitly has an 'any' type.
vendor/tesseract/tesseract-core.wasm.js(189,1): error TS7005: Variable 'b' implicitly has an 'any' type.
vendor/tesseract/tesseract-core.wasm.js(189,36): error TS2339: Property '_pixDestroy' does not exist on type '{}'.
vendor/tesseract/tesseract-core.wasm.js(189,66): error TS7005: Variable 'b' implicitly has an 'any' type.
vendor/tesseract/tesseract-core.wasm.js(189,80): error TS7005: Variable 'b' implicitly has an 'any' type.
vendor/tesseract/tesseract-core.wasm.js(189,115): error TS2339: Property '_ptaDestroy' does not exist on type '{}'.
vendor/tesseract/tesseract-core.wasm.js(189,145): error TS7005: Variable 'b' implicitly has an 'any' type.
vendor/tesseract/tesseract-core.wasm.js(189,159): error TS7005: Variable 'b' implicitly has an 'any' type.
vendor/tesseract/tesseract-core.wasm.js(189,194): error TS2339: Property '_pixaDestroy' does not exist on type '{}'.
vendor/tesseract/tesseract-core.wasm.js(189,225): error TS7005: Variable 'b' implicitly has an 'any' type.
vendor/tesseract/tesseract-core.wasm.js(189,240): error TS7005: Variable 'b' implicitly has an 'any' type.
vendor/tesseract/tesseract-core.wasm.js(189,275): error TS2339: Property '_boxaDestroy' does not exist on type '{}'.
vendor/tesseract/tesseract-core.wasm.js(189,306): error TS7005: Variable 'b' implicitly has an 'any' type.
vendor/tesseract/tesseract-core.wasm.js(189,321): error TS7005: Variable 'b' implicitly has an 'any' type.
vendor/tesseract/tesseract-core.wasm.js(189,356): error TS2339: Property '_pixReadMem' does not exist on type '{}'.
vendor/tesseract/tesseract-core.wasm.js(189,386): error TS7005: Variable 'b' implicitly has an 'any' type.
vendor/tesseract/tesseract-core.wasm.js(189,400): error TS7005: Variable 'b' implicitly has an 'any' type.
vendor/tesseract/tesseract-core.wasm.js(189,454): error TS2630: Cannot assign to 'Tb' because it is a function.
vendor/tesseract/tesseract-core.wasm.js(189,457): error TS7005: Variable 'b' implicitly has an 'any' type.
vendor/tesseract/tesseract-core.wasm.js(190,10): error TS2339: Property '_free' does not exist on type '{}'.
vendor/tesseract/tesseract-core.wasm.js(190,37): error TS7005: Variable 'b' implicitly has an 'any' type.
vendor/tesseract/tesseract-core.wasm.js(190,45): error TS7005: Variable 'b' implicitly has an 'any' type.
vendor/tesseract/tesseract-core.wasm.js(190,83): error TS2339: Property '_malloc' does not exist on type '{}'.
vendor/tesseract/tesseract-core.wasm.js(190,112): error TS7005: Variable 'b' implicitly has an 'any' type.
vendor/tesseract/tesseract-core.wasm.js(190,122): error TS7005: Variable 'b' implicitly has an 'any' type.
vendor/tesseract/tesseract-core.wasm.js(190,157): error TS2339: Property '_pixReadHeaderMem' does not exist on type '{}'.
vendor/tesseract/tesseract-core.wasm.js(190,193): error TS7005: Variable 'b' implicitly has an 'any' type.
vendor/tesseract/tesseract-core.wasm.js(190,213): error TS7005: Variable 'b' implicitly has an 'any' type.
vendor/tesseract/tesseract-core.wasm.js(190,266): error TS2630: Cannot assign to 'C' because it is a function.
vendor/tesseract/tesseract-core.wasm.js(190,268): error TS7005: Variable 'b' implicitly has an 'any' type.
vendor/tesseract/tesseract-core.wasm.js(190,320): error TS2630: Cannot assign to 'D' because it is a function.
vendor/tesseract/tesseract-core.wasm.js(190,322): error TS7005: Variable 'b' implicitly has an 'any' type.
vendor/tesseract/tesseract-core.wasm.js(190,356): error TS2339: Property '___emscripten_embedded_file_data' does not exist on type '{}'.
vendor/tesseract/tesseract-core.wasm.js(190,408): error TS7006: Parameter 'a' implicitly has an 'any' type.
vendor/tesseract/tesseract-core.wasm.js(190,410): error TS7006: Parameter 'c' implicitly has an 'any' type.
vendor/tesseract/tesseract-core.wasm.js(190,412): error TS7006: Parameter 'd' implicitly has an 'any' type.
vendor/tesseract/tesseract-core.wasm.js(190,414): error TS7006: Parameter 'e' implicitly has an 'any' type.
vendor/tesseract/tesseract-core.wasm.js(190,472): error TS18046: 'h' is of type 'unknown'.
vendor/tesseract/tesseract-core.wasm.js(191,13): error TS7006: Parameter 'a' implicitly has an 'any' type.
vendor/tesseract/tesseract-core.wasm.js(191,15): error TS7006: Parameter 'c' implicitly has an 'any' type.
vendor/tesseract/tesseract-core.wasm.js(191,62): error TS18046: 'e' is of type 'unknown'.
vendor/tesseract/tesseract-core.wasm.js(191,92): error TS7006: Parameter 'a' implicitly has an 'any' type.
vendor/tesseract/tesseract-core.wasm.js(191,94): error TS7006: Parameter 'c' implicitly has an 'any' type.
vendor/tesseract/tesseract-core.wasm.js(191,148): error TS18046: 'e' is of type 'unknown'.
vendor/tesseract/tesseract-core.wasm.js(191,178): error TS7006: Parameter 'a' implicitly has an 'any' type.
vendor/tesseract/tesseract-core.wasm.js(191,180): error TS7006: Parameter 'c' implicitly has an 'any' type.
vendor/tesseract/tesseract-core.wasm.js(191,182): error TS7006: Parameter 'd' implicitly has an 'any' type.
vendor/tesseract/tesseract-core.wasm.js(191,184): error TS7006: Parameter 'e' implicitly has an 'any' type.
vendor/tesseract/tesseract-core.wasm.js(191,235): error TS18046: 'h' is of type 'unknown'.
vendor/tesseract/tesseract-core.wasm.js(191,265): error TS7006: Parameter 'a' implicitly has an 'any' type.
vendor/tesseract/tesseract-core.wasm.js(191,267): error TS7006: Parameter 'c' implicitly has an 'any' type.
vendor/tesseract/tesseract-core.wasm.js(191,269): error TS7006: Parameter 'd' implicitly has an 'any' type.
vendor/tesseract/tesseract-core.wasm.js(191,318): error TS18046: 'g' is of type 'unknown'.
vendor/tesseract/tesseract-core.wasm.js(191,348): error TS7006: Parameter 'a' implicitly has an 'any' type.
vendor/tesseract/tesseract-core.wasm.js(191,350): error TS7006: Parameter 'c' implicitly has an 'any' type.
vendor/tesseract/tesseract-core.wasm.js(191,352): error TS7006: Parameter 'd' implicitly has an 'any' type.
vendor/tesseract/tesseract-core.wasm.js(191,408): error TS18046: 'g' is of type 'unknown'.
vendor/tesseract/tesseract-core.wasm.js(192,13): error TS7006: Parameter 'a' implicitly has an 'any' type.
vendor/tesseract/tesseract-core.wasm.js(192,15): error TS7006: Parameter 'c' implicitly has an 'any' type.
vendor/tesseract/tesseract-core.wasm.js(192,17): error TS7006: Parameter 'd' implicitly has an 'any' type.
vendor/tesseract/tesseract-core.wasm.js(192,19): error TS7006: Parameter 'e' implicitly has an 'any' type.
vendor/tesseract/tesseract-core.wasm.js(192,21): error TS7006: Parameter 'g' implicitly has an 'any' type.
vendor/tesseract/tesseract-core.wasm.js(192,81): error TS18046: 'k' is of type 'unknown'.
vendor/tesseract/tesseract-core.wasm.js(192,111): error TS7006: Parameter 'a' implicitly has an 'any' type.
vendor/tesseract/tesseract-core.wasm.js(192,113): error TS7006: Parameter 'c' implicitly has an 'any' type.
vendor/tesseract/tesseract-core.wasm.js(192,115): error TS7006: Parameter 'd' implicitly has an 'any' type.
vendor/tesseract/tesseract-core.wasm.js(192,117): error TS7006: Parameter 'e' implicitly has an 'any' type.
vendor/tesseract/tesseract-core.wasm.js(192,119): error TS7006: Parameter 'g' implicitly has an 'any' type.
vendor/tesseract/tesseract-core.wasm.js(192,172): error TS18046: 'k' is of type 'unknown'.
vendor/tesseract/tesseract-core.wasm.js(192,202): error TS7006: Parameter 'a' implicitly has an 'any' type.
vendor/tesseract/tesseract-core.wasm.js(192,204): error TS7006: Parameter 'c' implicitly has an 'any' type.
vendor/tesseract/tesseract-core.wasm.js(192,206): error TS7006: Parameter 'd' implicitly has an 'any' type.
vendor/tesseract/tesseract-core.wasm.js(192,208): error TS7006: Parameter 'e' implicitly has an 'any' type.
vendor/tesseract/tesseract-core.wasm.js(192,210): error TS7006: Parameter 'g' implicitly has an 'any' type.
vendor/tesseract/tesseract-core.wasm.js(192,212): error TS7006: Parameter 'h' implicitly has an 'any' type.
vendor/tesseract/tesseract-core.wasm.js(192,274): error TS18046: 'm' is of type 'unknown'.
vendor/tesseract/tesseract-core.wasm.js(192,304): error TS7006: Parameter 'a' implicitly has an 'any' type.
vendor/tesseract/tesseract-core.wasm.js(192,306): error TS7006: Parameter 'c' implicitly has an 'any' type.
vendor/tesseract/tesseract-core.wasm.js(192,308): error TS7006: Parameter 'd' implicitly has an 'any' type.
vendor/tesseract/tesseract-core.wasm.js(192,310): error TS7006: Parameter 'e' implicitly has an 'any' type.
vendor/tesseract/tesseract-core.wasm.js(192,312): error TS7006: Parameter 'g' implicitly has an 'any' type.
vendor/tesseract/tesseract-core.wasm.js(192,314): error TS7006: Parameter 'h' implicitly has an 'any' type.
vendor/tesseract/tesseract-core.wasm.js(192,316): error TS7006: Parameter 'k' implicitly has an 'any' type.
vendor/tesseract/tesseract-core.wasm.js(192,318): error TS7006: Parameter 'm' implicitly has an 'any' type.
vendor/tesseract/tesseract-core.wasm.js(192,320): error TS7006: Parameter 'v' implicitly has an 'any' type.
vendor/tesseract/tesseract-core.wasm.js(192,322): error TS7006: Parameter 'q' implicitly has an 'any' type.
vendor/tesseract/tesseract-core.wasm.js(192,385): error TS18046: 'F' is of type 'unknown'.
vendor/tesseract/tesseract-core.wasm.js(192,415): error TS7006: Parameter 'a' implicitly has an 'any' type.
vendor/tesseract/tesseract-core.wasm.js(192,417): error TS7006: Parameter 'c' implicitly has an 'any' type.
vendor/tesseract/tesseract-core.wasm.js(192,419): error TS7006: Parameter 'd' implicitly has an 'any' type.
vendor/tesseract/tesseract-core.wasm.js(192,421): error TS7006: Parameter 'e' implicitly has an 'any' type.
vendor/tesseract/tesseract-core.wasm.js(192,423): error TS7006: Parameter 'g' implicitly has an 'any' type.
vendor/tesseract/tesseract-core.wasm.js(192,425): error TS7006: Parameter 'h' implicitly has an 'any' type.
vendor/tesseract/tesseract-core.wasm.js(192,480): error TS18046: 'm' is of type 'unknown'.
vendor/tesseract/tesseract-core.wasm.js(193,3): error TS2339: Property 'addRunDependency' does not exist on type '{}'.
vendor/tesseract/tesseract-core.wasm.js(193,25): error TS2339: Property 'removeRunDependency' does not exist on type '{}'.
vendor/tesseract/tesseract-core.wasm.js(193,50): error TS2339: Property 'FS_createPath' does not exist on type '{}'.
vendor/tesseract/tesseract-core.wasm.js(193,71): error TS2339: Property 'FS_createDataFile' does not exist on type '{}'.
vendor/tesseract/tesseract-core.wasm.js(193,96): error TS2339: Property 'FS_createLazyFile' does not exist on type '{}'.
vendor/tesseract/tesseract-core.wasm.js(193,121): error TS2339: Property 'FS_createDevice' does not exist on type '{}'.
vendor/tesseract/tesseract-core.wasm.js(193,144): error TS2339: Property 'FS_unlink' does not exist on type '{}'.
vendor/tesseract/tesseract-core.wasm.js(193,165): error TS2339: Property 'setValue' does not exist on type '{}'.
vendor/tesseract/tesseract-core.wasm.js(193,179): error TS2339: Property 'getValue' does not exist on type '{}'.
vendor/tesseract/tesseract-core.wasm.js(193,193): error TS2339: Property 'FS_createPreloadedFile' does not exist on type '{}'.
vendor/tesseract/tesseract-core.wasm.js(193,223): error TS2339: Property 'FS' does not exist on type '{}'.
vendor/tesseract/tesseract-core.wasm.js(193,232): error TS7034: Variable 'Hh' implicitly has type 'any' in some locations where its type cannot be determined.
vendor/tesseract/tesseract-core.wasm.js(193,252): error TS7005: Variable 'Hh' implicitly has an 'any' type.
vendor/tesseract/tesseract-core.wasm.js(193,261): error TS7005: Variable 'Hh' implicitly has an 'any' type.
vendor/tesseract/tesseract-core.wasm.js(194,32): error TS7005: Variable 'Hh' implicitly has an 'any' type.
vendor/tesseract/tesseract-core.wasm.js(194,43): error TS7005: Variable 'b' implicitly has an 'any' type.
vendor/tesseract/tesseract-core.wasm.js(194,70): error TS7005: Variable 'b' implicitly has an 'any' type.
vendor/tesseract/tesseract-core.wasm.js(194,109): error TS7005: Variable 'Ba' implicitly has an 'any[]' type.
vendor/tesseract/tesseract-core.wasm.js(194,113): error TS7005: Variable 'aa' implicitly has an 'any' type.
vendor/tesseract/tesseract-core.wasm.js(194,116): error TS7005: Variable 'b' implicitly has an 'any' type.
vendor/tesseract/tesseract-core.wasm.js(194,122): error TS7005: Variable 'b' implicitly has an 'any' type.
vendor/tesseract/tesseract-core.wasm.js(194,145): error TS7005: Variable 'b' implicitly has an 'any' type.
vendor/tesseract/tesseract-core.wasm.js(194,173): error TS7005: Variable 'b' implicitly has an 'any' type.
vendor/tesseract/tesseract-core.wasm.js(194,206): error TS7005: Variable 'b' implicitly has an 'any' type.
vendor/tesseract/tesseract-core.wasm.js(194,218): error TS7005: Variable 'b' implicitly has an 'any' type.
vendor/tesseract/tesseract-core.wasm.js(194,229): error TS7005: Variable 'b' implicitly has an 'any' type.
vendor/tesseract/tesseract-core.wasm.js(194,241): error TS7005: Variable 'b' implicitly has an 'any' type.
vendor/tesseract/tesseract-core.wasm.js(194,266): error TS7005: Variable 'b' implicitly has an 'any' type.
vendor/tesseract/tesseract-core.wasm.js(194,301): error TS7005: Variable 'Ca' implicitly has an 'any[]' type.
vendor/tesseract/tesseract-core.wasm.js(194,321): error TS7005: Variable 'b' implicitly has an 'any' type.
vendor/tesseract/tesseract-core.wasm.js(194,353): error TS7005: Variable 'b' implicitly has an 'any' type.
vendor/tesseract/tesseract-core.wasm.js(194,364): error TS7005: Variable 'b' implicitly has an 'any' type.
vendor/tesseract/tesseract-core.wasm.js(194,374): error TS7005: Variable 'b' implicitly has an 'any' type.
vendor/tesseract/tesseract-core.wasm.js(194,385): error TS7005: Variable 'b' implicitly has an 'any' type.
vendor/tesseract/tesseract-core.wasm.js(194,410): error TS7005: Variable 'Aa' implicitly has an 'any[]' type.
vendor/tesseract/tesseract-core.wasm.js(194,421): error TS7005: Variable 'b' implicitly has an 'any' type.
vendor/tesseract/tesseract-core.wasm.js(194,434): error TS7005: Variable 'b' implicitly has an 'any' type.
vendor/tesseract/tesseract-core.wasm.js(194,504): error TS7005: Variable 'b' implicitly has an 'any' type.
vendor/tesseract/tesseract-core.wasm.js(195,24): error TS2339: Property 'preInit' does not exist on type '{}'.
vendor/tesseract/tesseract-core.wasm.js(195,57): error TS2339: Property 'preInit' does not exist on type '{}'.
vendor/tesseract/tesseract-core.wasm.js(195,69): error TS2339: Property 'preInit' does not exist on type '{}'.
vendor/tesseract/tesseract-core.wasm.js(195,80): error TS2339: Property 'preInit' does not exist on type '{}'.
vendor/tesseract/tesseract-core.wasm.js(195,94): error TS2339: Property 'preInit' does not exist on type '{}'.
vendor/tesseract/tesseract-core.wasm.js(195,112): error TS2339: Property 'preInit' does not exist on type '{}'.
vendor/tesseract/tesseract-core.wasm.js(195,147): error TS7022: 'prototype' implicitly has type 'any' because it does not have a type annotation and is referenced directly or indirectly in its own initializer.
vendor/tesseract/tesseract-core.wasm.js(195,239): error TS2339: Property 'WrapperObject' does not exist on type '{}'.
vendor/tesseract/tesseract-core.wasm.js(195,267): error TS7006: Parameter 'a' implicitly has an 'any' type.
vendor/tesseract/tesseract-core.wasm.js(195,288): error TS2339: Property 'getCache' does not exist on type '{}'.
vendor/tesseract/tesseract-core.wasm.js(195,311): error TS7006: Parameter 'a' implicitly has an 'any' type.
vendor/tesseract/tesseract-core.wasm.js(195,313): error TS7006: Parameter 'c' implicitly has an 'any' type.
vendor/tesseract/tesseract-core.wasm.js(195,406): error TS2339: Property 'wrapPointer' does not exist on type '{}'.
vendor/tesseract/tesseract-core.wasm.js(195,422): error TS2339: Property 'castObject' does not exist on type '{}'.
vendor/tesseract/tesseract-core.wasm.js(195,442): error TS7006: Parameter 'a' implicitly has an 'any' type.
vendor/tesseract/tesseract-core.wasm.js(195,444): error TS7006: Parameter 'c' implicitly has an 'any' type.
vendor/tesseract/tesseract-core.wasm.js(195,467): error TS2339: Property 'NULL' does not exist on type '{}'.
vendor/tesseract/tesseract-core.wasm.js(196,3): error TS2339: Property 'destroy' does not exist on type '{}'.
vendor/tesseract/tesseract-core.wasm.js(196,20): error TS7006: Parameter 'a' implicitly has an 'any' type.
vendor/tesseract/tesseract-core.wasm.js(196,149): error TS2339: Property 'compare' does not exist on type '{}'.
vendor/tesseract/tesseract-core.wasm.js(196,166): error TS7006: Parameter 'a' implicitly has an 'any' type.
vendor/tesseract/tesseract-core.wasm.js(196,168): error TS7006: Parameter 'c' implicitly has an 'any' type.
vendor/tesseract/tesseract-core.wasm.js(196,193): error TS2339: Property 'getPointer' does not exist on type '{}'.
vendor/tesseract/tesseract-core.wasm.js(196,213): error TS7006: Parameter 'a' implicitly has an 'any' type.
vendor/tesseract/tesseract-core.wasm.js(196,231): error TS2339: Property 'getClass' does not exist on type '{}'.
vendor/tesseract/tesseract-core.wasm.js(196,249): error TS7006: Parameter 'a' implicitly has an 'any' type.
vendor/tesseract/tesseract-core.wasm.js(196,284): error TS7034: Variable 'Oh' implicitly has type 'any[]' in some locations where its type cannot be determined.
vendor/tesseract/tesseract-core.wasm.js(196,343): error TS7005: Variable 'b' implicitly has an 'any' type.
vendor/tesseract/tesseract-core.wasm.js(196,351): error TS7005: Variable 'Oh' implicitly has an 'any[]' type.
vendor/tesseract/tesseract-core.wasm.js(196,370): error TS7005: Variable 'b' implicitly has an 'any' type.
vendor/tesseract/tesseract-core.wasm.js(196,416): error TS7005: Variable 'b' implicitly has an 'any' type.
vendor/tesseract/tesseract-core.wasm.js(197,12): error TS7006: Parameter 'a' implicitly has an 'any' type.
vendor/tesseract/tesseract-core.wasm.js(197,53): error TS7005: Variable 'p' implicitly has an 'any' type.
vendor/tesseract/tesseract-core.wasm.js(197,137): error TS7005: Variable 'b' implicitly has an 'any' type.
vendor/tesseract/tesseract-core.wasm.js(197,186): error TS7005: Variable 'p' implicitly has an 'any' type.
vendor/tesseract/tesseract-core.wasm.js(198,31): error TS2339: Property 'ParagraphJustification' does not exist on type '{}'.
vendor/tesseract/tesseract-core.wasm.js(198,101): error TS2339: Property 'Bf' does not exist on type 'Qh'.
vendor/tesseract/tesseract-core.wasm.js(198,276): error TS2339: Property 'BoolPtr' does not exist on type '{}'.
vendor/tesseract/tesseract-core.wasm.js(198,331): error TS2339: Property 'Bf' does not exist on type 'Rh'.
vendor/tesseract/tesseract-core.wasm.js(199,11): error TS2339: Property 'TessResultRenderer' does not exist on type '{}'.
vendor/tesseract/tesseract-core.wasm.js(199,67): error TS7006: Parameter 'a' implicitly has an 'any' type.
vendor/tesseract/tesseract-core.wasm.js(199,81): error TS2339: Property 'Bf' does not exist on type 'K'.
vendor/tesseract/tesseract-core.wasm.js(199,170): error TS7006: Parameter 'a' implicitly has an 'any' type.
vendor/tesseract/tesseract-core.wasm.js(199,184): error TS2339: Property 'Bf' does not exist on type 'K'.
vendor/tesseract/tesseract-core.wasm.js(199,288): error TS2339: Property 'Bf' does not exist on type 'K'.
vendor/tesseract/tesseract-core.wasm.js(199,338): error TS2339: Property 'Bf' does not exist on type 'K'.
vendor/tesseract/tesseract-core.wasm.js(199,398): error TS2339: Property 'Bf' does not exist on type 'K'.
vendor/tesseract/tesseract-core.wasm.js(199,416): error TS2300: Duplicate identifier 'title'.
vendor/tesseract/tesseract-core.wasm.js(199,434): error TS2300: Duplicate identifier 'title'.
vendor/tesseract/tesseract-core.wasm.js(199,468): error TS2339: Property 'Bf' does not exist on type 'K'.
vendor/tesseract/tesseract-core.wasm.js(199,521): error TS2339: Property 'Bf' does not exist on type 'K'.
vendor/tesseract/tesseract-core.wasm.js(200,44): error TS2339: Property 'Bf' does not exist on type 'K'.
vendor/tesseract/tesseract-core.wasm.js(200,223): error TS2339: Property 'LongStarPtr' does not exist on type '{}'.
vendor/tesseract/tesseract-core.wasm.js(200,282): error TS2339: Property 'Bf' does not exist on type 'Sh'.
vendor/tesseract/tesseract-core.wasm.js(200,457): error TS2339: Property 'VoidPtr' does not exist on type '{}'.
vendor/tesseract/tesseract-core.wasm.js(200,512): error TS2339: Property 'Bf' does not exist on type 'Uh'.
vendor/tesseract/tesseract-core.wasm.js(201,12): error TS7006: Parameter 'a' implicitly has an 'any' type.
vendor/tesseract/tesseract-core.wasm.js(201,174): error TS2339: Property 'ResultIterator' does not exist on type '{}'.
vendor/tesseract/tesseract-core.wasm.js(201,436): error TS7006: Parameter 'a' implicitly has an 'any' type.
vendor/tesseract/tesseract-core.wasm.js(202,38): error TS7006: Parameter 'a' implicitly has an 'any' type.
vendor/tesseract/tesseract-core.wasm.js(202,143): error TS7006: Parameter 'a' implicitly has an 'any' type.
vendor/tesseract/tesseract-core.wasm.js(202,145): error TS7006: Parameter 'c' implicitly has an 'any' type.
vendor/tesseract/tesseract-core.wasm.js(202,272): error TS7006: Parameter 'a' implicitly has an 'any' type.
vendor/tesseract/tesseract-core.wasm.js(202,384): error TS7006: Parameter 'a' implicitly has an 'any' type.
vendor/tesseract/tesseract-core.wasm.js(202,386): error TS7006: Parameter 'c' implicitly has an 'any' type.
vendor/tesseract/tesseract-core.wasm.js(203,34): error TS7006: Parameter 'a' implicitly has an 'any' type.
vendor/tesseract/tesseract-core.wasm.js(203,36): error TS7006: Parameter 'c' implicitly has an 'any' type.
vendor/tesseract/tesseract-core.wasm.js(203,38): error TS7006: Parameter 'd' implicitly has an 'any' type.
vendor/tesseract/tesseract-core.wasm.js(203,40): error TS7006: Parameter 'e' implicitly has an 'any' type.
vendor/tesseract/tesseract-core.wasm.js(203,42): error TS7006: Parameter 'g' implicitly has an 'any' type.
vendor/tesseract/tesseract-core.wasm.js(203,44): error TS7006: Parameter 'h' implicitly has an 'any' type.
vendor/tesseract/tesseract-core.wasm.js(204,42): error TS7006: Parameter 'a' implicitly has an 'any' type.
vendor/tesseract/tesseract-core.wasm.js(204,44): error TS7006: Parameter 'c' implicitly has an 'any' type.
vendor/tesseract/tesseract-core.wasm.js(204,46): error TS7006: Parameter 'd' implicitly has an 'any' type.
vendor/tesseract/tesseract-core.wasm.js(204,48): error TS7006: Parameter 'e' implicitly has an 'any' type.
vendor/tesseract/tesseract-core.wasm.js(204,50): error TS7006: Parameter 'g' implicitly has an 'any' type.
vendor/tesseract/tesseract-core.wasm.js(204,284): error TS7006: Parameter 'a' implicitly has an 'any' type.
vendor/tesseract/tesseract-core.wasm.js(205,37): error TS7006: Parameter 'a' implicitly has an 'any' type.
vendor/tesseract/tesseract-core.wasm.js(205,138): error TS7006: Parameter 'a' implicitly has an 'any' type.
vendor/tesseract/tesseract-core.wasm.js(205,140): error TS7006: Parameter 'c' implicitly has an 'any' type.
vendor/tesseract/tesseract-core.wasm.js(205,142): error TS7006: Parameter 'd' implicitly has an 'any' type.
vendor/tesseract/tesseract-core.wasm.js(205,144): error TS7006: Parameter 'e' implicitly has an 'any' type.
vendor/tesseract/tesseract-core.wasm.js(205,146): error TS7006: Parameter 'g' implicitly has an 'any' type.
vendor/tesseract/tesseract-core.wasm.js(206,31): error TS7006: Parameter 'a' implicitly has an 'any' type.
vendor/tesseract/tesseract-core.wasm.js(206,33): error TS7006: Parameter 'c' implicitly has an 'any' type.
vendor/tesseract/tesseract-core.wasm.js(206,35): error TS7006: Parameter 'd' implicitly has an 'any' type.
vendor/tesseract/tesseract-core.wasm.js(206,37): error TS7006: Parameter 'e' implicitly has an 'any' type.
vendor/tesseract/tesseract-core.wasm.js(206,39): error TS7006: Parameter 'g' implicitly has an 'any' type.
vendor/tesseract/tesseract-core.wasm.js(206,279): error TS7006: Parameter 'a' implicitly has an 'any' type.
vendor/tesseract/tesseract-core.wasm.js(206,281): error TS7006: Parameter 'c' implicitly has an 'any' type.
vendor/tesseract/tesseract-core.wasm.js(206,283): error TS7006: Parameter 'd' implicitly has an 'any' type.
vendor/tesseract/tesseract-core.wasm.js(206,285): error TS7006: Parameter 'e' implicitly has an 'any' type.
vendor/tesseract/tesseract-core.wasm.js(207,36): error TS7006: Parameter 'a' implicitly has an 'any' type.
vendor/tesseract/tesseract-core.wasm.js(207,38): error TS7006: Parameter 'c' implicitly has an 'any' type.
vendor/tesseract/tesseract-core.wasm.js(207,40): error TS7006: Parameter 'd' implicitly has an 'any' type.
vendor/tesseract/tesseract-core.wasm.js(207,42): error TS7006: Parameter 'e' implicitly has an 'any' type.
vendor/tesseract/tesseract-core.wasm.js(207,298): error TS7006: Parameter 'a' implicitly has an 'any' type.
vendor/tesseract/tesseract-core.wasm.js(207,405): error TS7006: Parameter 'a' implicitly has an 'any' type.
vendor/tesseract/tesseract-core.wasm.js(208,44): error TS7006: Parameter 'a' implicitly has an 'any' type.
vendor/tesseract/tesseract-core.wasm.js(208,141): error TS7006: Parameter 'a' implicitly has an 'any' type.
vendor/tesseract/tesseract-core.wasm.js(209,41): error TS7006: Parameter 'a' implicitly has an 'any' type.
vendor/tesseract/tesseract-core.wasm.js(209,43): error TS7006: Parameter 'c' implicitly has an 'any' type.
vendor/tesseract/tesseract-core.wasm.js(209,45): error TS7006: Parameter 'd' implicitly has an 'any' type.
vendor/tesseract/tesseract-core.wasm.js(209,47): error TS7006: Parameter 'e' implicitly has an 'any' type.
vendor/tesseract/tesseract-core.wasm.js(209,49): error TS7006: Parameter 'g' implicitly has an 'any' type.
vendor/tesseract/tesseract-core.wasm.js(209,51): error TS7006: Parameter 'h' implicitly has an 'any' type.
vendor/tesseract/tesseract-core.wasm.js(209,53): error TS7006: Parameter 'k' implicitly has an 'any' type.
vendor/tesseract/tesseract-core.wasm.js(209,55): error TS7006: Parameter 'm' implicitly has an 'any' type.
vendor/tesseract/tesseract-core.wasm.js(210,280): error TS7006: Parameter 'a' implicitly has an 'any' type.
vendor/tesseract/tesseract-core.wasm.js(211,34): error TS7006: Parameter 'a' implicitly has an 'any' type.
vendor/tesseract/tesseract-core.wasm.js(212,12): error TS2339: Property 'TextlineOrder' does not exist on type '{}'.
vendor/tesseract/tesseract-core.wasm.js(212,73): error TS2339: Property 'Bf' does not exist on type 'Vh'.
vendor/tesseract/tesseract-core.wasm.js(212,251): error TS2339: Property 'ETEXT_DESC' does not exist on type '{}'.
vendor/tesseract/tesseract-core.wasm.js(212,309): error TS2339: Property 'Bf' does not exist on type 'Wh'.
vendor/tesseract/tesseract-core.wasm.js(212,482): error TS2339: Property 'PageIterator' does not exist on type '{}'.
vendor/tesseract/tesseract-core.wasm.js(213,38): error TS2339: Property 'Bf' does not exist on type 'O'.
vendor/tesseract/tesseract-core.wasm.js(213,91): error TS2339: Property 'Bf' does not exist on type 'O'.
vendor/tesseract/tesseract-core.wasm.js(213,168): error TS2339: Property 'Bf' does not exist on type 'O'.
vendor/tesseract/tesseract-core.wasm.js(213,215): error TS2339: Property 'Bf' does not exist on type 'O'.
vendor/tesseract/tesseract-core.wasm.js(213,246): error TS7006: Parameter 'a' implicitly has an 'any' type.
vendor/tesseract/tesseract-core.wasm.js(213,260): error TS2339: Property 'Bf' does not exist on type 'O'.
vendor/tesseract/tesseract-core.wasm.js(213,350): error TS7006: Parameter 'a' implicitly has an 'any' type.
vendor/tesseract/tesseract-core.wasm.js(213,364): error TS2339: Property 'Bf' does not exist on type 'O'.
vendor/tesseract/tesseract-core.wasm.js(214,39): error TS7006: Parameter 'a' implicitly has an 'any' type.
vendor/tesseract/tesseract-core.wasm.js(214,41): error TS7006: Parameter 'c' implicitly has an 'any' type.
vendor/tesseract/tesseract-core.wasm.js(214,55): error TS2339: Property 'Bf' does not exist on type 'O'.
vendor/tesseract/tesseract-core.wasm.js(214,168): error TS7006: Parameter 'a' implicitly has an 'any' type.
vendor/tesseract/tesseract-core.wasm.js(214,182): error TS2339: Property 'Bf' does not exist on type 'O'.
vendor/tesseract/tesseract-core.wasm.js(214,280): error TS7006: Parameter 'a' implicitly has an 'any' type.
vendor/tesseract/tesseract-core.wasm.js(214,282): error TS7006: Parameter 'c' implicitly has an 'any' type.
vendor/tesseract/tesseract-core.wasm.js(214,296): error TS2339: Property 'Bf' does not exist on type 'O'.
vendor/tesseract/tesseract-core.wasm.js(215,34): error TS7006: Parameter 'a' implicitly has an 'any' type.
vendor/tesseract/tesseract-core.wasm.js(215,36): error TS7006: Parameter 'c' implicitly has an 'any' type.
vendor/tesseract/tesseract-core.wasm.js(215,38): error TS7006: Parameter 'd' implicitly has an 'any' type.
vendor/tesseract/tesseract-core.wasm.js(215,40): error TS7006: Parameter 'e' implicitly has an 'any' type.
vendor/tesseract/tesseract-core.wasm.js(215,42): error TS7006: Parameter 'g' implicitly has an 'any' type.
vendor/tesseract/tesseract-core.wasm.js(215,44): error TS7006: Parameter 'h' implicitly has an 'any' type.
vendor/tesseract/tesseract-core.wasm.js(215,58): error TS2339: Property 'Bf' does not exist on type 'O'.
vendor/tesseract/tesseract-core.wasm.js(216,42): error TS7006: Parameter 'a' implicitly has an 'any' type.
vendor/tesseract/tesseract-core.wasm.js(216,44): error TS7006: Parameter 'c' implicitly has an 'any' type.
vendor/tesseract/tesseract-core.wasm.js(216,46): error TS7006: Parameter 'd' implicitly has an 'any' type.
vendor/tesseract/tesseract-core.wasm.js(216,48): error TS7006: Parameter 'e' implicitly has an 'any' type.
vendor/tesseract/tesseract-core.wasm.js(216,50): error TS7006: Parameter 'g' implicitly has an 'any' type.
vendor/tesseract/tesseract-core.wasm.js(216,64): error TS2339: Property 'Bf' does not exist on type 'O'.
vendor/tesseract/tesseract-core.wasm.js(216,284): error TS7006: Parameter 'a' implicitly has an 'any' type.
vendor/tesseract/tesseract-core.wasm.js(216,298): error TS2339: Property 'Bf' does not exist on type 'O'.
vendor/tesseract/tesseract-core.wasm.js(216,399): error TS2339: Property 'Bf' does not exist on type 'O'.
vendor/tesseract/tesseract-core.wasm.js(216,457): error TS2339: Property 'Bf' does not exist on type 'O'.
vendor/tesseract/tesseract-core.wasm.js(217,37): error TS7006: Parameter 'a' implicitly has an 'any' type.
vendor/tesseract/tesseract-core.wasm.js(217,51): error TS2339: Property 'Bf' does not exist on type 'O'.
vendor/tesseract/tesseract-core.wasm.js(217,138): error TS7006: Parameter 'a' implicitly has an 'any' type.
vendor/tesseract/tesseract-core.wasm.js(217,140): error TS7006: Parameter 'c' implicitly has an 'any' type.
vendor/tesseract/tesseract-core.wasm.js(217,142): error TS7006: Parameter 'd' implicitly has an 'any' type.
vendor/tesseract/tesseract-core.wasm.js(217,144): error TS7006: Parameter 'e' implicitly has an 'any' type.
vendor/tesseract/tesseract-core.wasm.js(217,146): error TS7006: Parameter 'g' implicitly has an 'any' type.
vendor/tesseract/tesseract-core.wasm.js(217,160): error TS2339: Property 'Bf' does not exist on type 'O'.
vendor/tesseract/tesseract-core.wasm.js(218,31): error TS7006: Parameter 'a' implicitly has an 'any' type.
vendor/tesseract/tesseract-core.wasm.js(218,33): error TS7006: Parameter 'c' implicitly has an 'any' type.
vendor/tesseract/tesseract-core.wasm.js(218,35): error TS7006: Parameter 'd' implicitly has an 'any' type.
vendor/tesseract/tesseract-core.wasm.js(218,37): error TS7006: Parameter 'e' implicitly has an 'any' type.
vendor/tesseract/tesseract-core.wasm.js(218,39): error TS7006: Parameter 'g' implicitly has an 'any' type.
vendor/tesseract/tesseract-core.wasm.js(218,53): error TS2339: Property 'Bf' does not exist on type 'O'.
vendor/tesseract/tesseract-core.wasm.js(218,279): error TS7006: Parameter 'a' implicitly has an 'any' type.
vendor/tesseract/tesseract-core.wasm.js(218,281): error TS7006: Parameter 'c' implicitly has an 'any' type.
vendor/tesseract/tesseract-core.wasm.js(218,283): error TS7006: Parameter 'd' implicitly has an 'any' type.
vendor/tesseract/tesseract-core.wasm.js(218,285): error TS7006: Parameter 'e' implicitly has an 'any' type.
vendor/tesseract/tesseract-core.wasm.js(218,299): error TS2339: Property 'Bf' does not exist on type 'O'.
vendor/tesseract/tesseract-core.wasm.js(219,36): error TS7006: Parameter 'a' implicitly has an 'any' type.
vendor/tesseract/tesseract-core.wasm.js(219,38): error TS7006: Parameter 'c' implicitly has an 'any' type.
vendor/tesseract/tesseract-core.wasm.js(219,40): error TS7006: Parameter 'd' implicitly has an 'any' type.
vendor/tesseract/tesseract-core.wasm.js(219,42): error TS7006: Parameter 'e' implicitly has an 'any' type.
vendor/tesseract/tesseract-core.wasm.js(219,56): error TS2339: Property 'Bf' does not exist on type 'O'.
vendor/tesseract/tesseract-core.wasm.js(219,249): error TS2339: Property 'Bf' does not exist on type 'O'.
vendor/tesseract/tesseract-core.wasm.js(219,433): error TS2339: Property 'WritingDirection' does not exist on type '{}'.
vendor/tesseract/tesseract-core.wasm.js(219,497): error TS2339: Property 'Bf' does not exist on type 'Xh'.
vendor/tesseract/tesseract-core.wasm.js(220,13): error TS7006: Parameter 'a' implicitly has an 'any' type.
vendor/tesseract/tesseract-core.wasm.js(220,182): error TS2339: Property 'WordChoiceIterator' does not exist on type '{}'.
vendor/tesseract/tesseract-core.wasm.js(221,54): error TS2339: Property 'Box' does not exist on type '{}'.
vendor/tesseract/tesseract-core.wasm.js(221,119): error TS2339: Property 'Bf' does not exist on type 'P'.
vendor/tesseract/tesseract-core.wasm.js(221,243): error TS2339: Property 'Bf' does not exist on type 'P'.
vendor/tesseract/tesseract-core.wasm.js(221,367): error TS2339: Property 'Bf' does not exist on type 'P'.
vendor/tesseract/tesseract-core.wasm.js(221,491): error TS2339: Property 'Bf' does not exist on type 'P'.
vendor/tesseract/tesseract-core.wasm.js(222,127): error TS2339: Property 'Bf' does not exist on type 'P'.
vendor/tesseract/tesseract-core.wasm.js(222,242): error TS2339: Property 'Bf' does not exist on type 'P'.
vendor/tesseract/tesseract-core.wasm.js(222,258): error TS7006: Parameter 'a' implicitly has an 'any' type.
vendor/tesseract/tesseract-core.wasm.js(222,260): error TS7006: Parameter 'c' implicitly has an 'any' type.
vendor/tesseract/tesseract-core.wasm.js(222,262): error TS7006: Parameter 'd' implicitly has an 'any' type.
vendor/tesseract/tesseract-core.wasm.js(223,3): error TS2339: Property 'TessPDFRenderer' does not exist on type '{}'.
vendor/tesseract/tesseract-core.wasm.js(223,56): error TS7006: Parameter 'a' implicitly has an 'any' type.
vendor/tesseract/tesseract-core.wasm.js(223,159): error TS7006: Parameter 'a' implicitly has an 'any' type.
vendor/tesseract/tesseract-core.wasm.js(223,405): error TS2300: Duplicate identifier 'title'.
vendor/tesseract/tesseract-core.wasm.js(223,423): error TS2300: Duplicate identifier 'title'.
vendor/tesseract/tesseract-core.wasm.js(224,219): error TS2339: Property 'PixaPtr' does not exist on type '{}'.
vendor/tesseract/tesseract-core.wasm.js(224,274): error TS2339: Property 'Bf' does not exist on type 'Zh'.
vendor/tesseract/tesseract-core.wasm.js(224,450): error TS2339: Property 'FloatPtr' does not exist on type '{}'.
vendor/tesseract/tesseract-core.wasm.js(224,506): error TS2339: Property 'Bf' does not exist on type '$h'.
vendor/tesseract/tesseract-core.wasm.js(225,13): error TS7006: Parameter 'a' implicitly has an 'any' type.
vendor/tesseract/tesseract-core.wasm.js(225,182): error TS2339: Property 'ChoiceIterator' does not exist on type '{}'.
vendor/tesseract/tesseract-core.wasm.js(226,59): error TS2339: Property 'PixPtr' does not exist on type '{}'.
vendor/tesseract/tesseract-core.wasm.js(226,113): error TS2339: Property 'Bf' does not exist on type 'bi'.
vendor/tesseract/tesseract-core.wasm.js(226,291): error TS2339: Property 'UNICHARSET' does not exist on type '{}'.
vendor/tesseract/tesseract-core.wasm.js(226,353): error TS7006: Parameter 'a' implicitly has an 'any' type.
vendor/tesseract/tesseract-core.wasm.js(226,367): error TS2339: Property 'Bf' does not exist on type 'ci'.
vendor/tesseract/tesseract-core.wasm.js(227,47): error TS7006: Parameter 'a' implicitly has an 'any' type.
vendor/tesseract/tesseract-core.wasm.js(227,61): error TS2339: Property 'Bf' does not exist on type 'ci'.
vendor/tesseract/tesseract-core.wasm.js(227,180): error TS2339: Property 'Bf' does not exist on type 'ci'.
vendor/tesseract/tesseract-core.wasm.js(227,229): error TS2339: Property 'Bf' does not exist on type 'ci'.
vendor/tesseract/tesseract-core.wasm.js(227,403): error TS2339: Property 'IntPtr' does not exist on type '{}'.
vendor/tesseract/tesseract-core.wasm.js(227,457): error TS2339: Property 'Bf' does not exist on type 'di'.
vendor/tesseract/tesseract-core.wasm.js(228,175): error TS2339: Property 'Orientation' does not exist on type '{}'.
vendor/tesseract/tesseract-core.wasm.js(228,234): error TS2339: Property 'Bf' does not exist on type 'ei'.
vendor/tesseract/tesseract-core.wasm.js(228,407): error TS2339: Property 'OSBestResult' does not exist on type '{}'.
vendor/tesseract/tesseract-core.wasm.js(228,494): error TS2339: Property 'Bf' does not exist on type 'R'.
vendor/tesseract/tesseract-core.wasm.js(229,141): error TS2339: Property 'Bf' does not exist on type 'R'.
vendor/tesseract/tesseract-core.wasm.js(229,283): error TS2339: Property 'Bf' does not exist on type 'R'.
vendor/tesseract/tesseract-core.wasm.js(229,427): error TS2339: Property 'Bf' does not exist on type 'R'.
vendor/tesseract/tesseract-core.wasm.js(230,44): error TS2339: Property 'Bf' does not exist on type 'R'.
vendor/tesseract/tesseract-core.wasm.js(230,209): error TS2339: Property 'Boxa' does not exist on type '{}'.
vendor/tesseract/tesseract-core.wasm.js(230,275): error TS2339: Property 'Bf' does not exist on type 'S'.
vendor/tesseract/tesseract-core.wasm.js(230,404): error TS2339: Property 'Bf' does not exist on type 'S'.
vendor/tesseract/tesseract-core.wasm.js(231,67): error TS2339: Property 'Bf' does not exist on type 'S'.
vendor/tesseract/tesseract-core.wasm.js(231,202): error TS2339: Property 'Bf' does not exist on type 'S'.
vendor/tesseract/tesseract-core.wasm.js(231,316): error TS2339: Property 'Bf' does not exist on type 'S'.
vendor/tesseract/tesseract-core.wasm.js(231,488): error TS2339: Property 'PixColormap' does not exist on type '{}'.
vendor/tesseract/tesseract-core.wasm.js(232,64): error TS2339: Property 'Bf' does not exist on type 'T'.
vendor/tesseract/tesseract-core.wasm.js(232,196): error TS2339: Property 'Bf' does not exist on type 'T'.
vendor/tesseract/tesseract-core.wasm.js(232,329): error TS2339: Property 'Bf' does not exist on type 'T'.
vendor/tesseract/tesseract-core.wasm.js(232,458): error TS2339: Property 'Bf' does not exist on type 'T'.
vendor/tesseract/tesseract-core.wasm.js(233,44): error TS2339: Property 'Bf' does not exist on type 'T'.
vendor/tesseract/tesseract-core.wasm.js(233,208): error TS2339: Property 'Pta' does not exist on type '{}'.
vendor/tesseract/tesseract-core.wasm.js(233,273): error TS2339: Property 'Bf' does not exist on type 'M'.
vendor/tesseract/tesseract-core.wasm.js(233,402): error TS2339: Property 'Bf' does not exist on type 'M'.
vendor/tesseract/tesseract-core.wasm.js(234,67): error TS2339: Property 'Bf' does not exist on type 'M'.
vendor/tesseract/tesseract-core.wasm.js(234,200): error TS2339: Property 'Bf' does not exist on type 'M'.
vendor/tesseract/tesseract-core.wasm.js(234,330): error TS2339: Property 'Bf' does not exist on type 'M'.
vendor/tesseract/tesseract-core.wasm.js(234,442): error TS2339: Property 'Bf' does not exist on type 'M'.
vendor/tesseract/tesseract-core.wasm.js(235,160): error TS2339: Property 'Pix' does not exist on type '{}'.
vendor/tesseract/tesseract-core.wasm.js(235,225): error TS2339: Property 'Bf' does not exist on type 'N'.
vendor/tesseract/tesseract-core.wasm.js(235,349): error TS2339: Property 'Bf' does not exist on type 'N'.
vendor/tesseract/tesseract-core.wasm.js(235,473): error TS2339: Property 'Bf' does not exist on type 'N'.
vendor/tesseract/tesseract-core.wasm.js(236,122): error TS2339: Property 'Bf' does not exist on type 'N'.
vendor/tesseract/tesseract-core.wasm.js(236,250): error TS2339: Property 'Bf' does not exist on type 'N'.
vendor/tesseract/tesseract-core.wasm.js(236,383): error TS2339: Property 'Bf' does not exist on type 'N'.
vendor/tesseract/tesseract-core.wasm.js(236,517): error TS2339: Property 'Bf' does not exist on type 'N'.
vendor/tesseract/tesseract-core.wasm.js(237,126): error TS2339: Property 'Bf' does not exist on type 'N'.
vendor/tesseract/tesseract-core.wasm.js(237,260): error TS2339: Property 'Bf' does not exist on type 'N'.
vendor/tesseract/tesseract-core.wasm.js(237,397): error TS2339: Property 'Bf' does not exist on type 'N'.
vendor/tesseract/tesseract-core.wasm.js(238,65): error TS2339: Property 'Bf' does not exist on type 'N'.
vendor/tesseract/tesseract-core.wasm.js(238,202): error TS2339: Property 'Bf' does not exist on type 'N'.
vendor/tesseract/tesseract-core.wasm.js(238,339): error TS2339: Property 'Bf' does not exist on type 'N'.
vendor/tesseract/tesseract-core.wasm.js(238,450): error TS2339: Property 'Bf' does not exist on type 'N'.
vendor/tesseract/tesseract-core.wasm.js(239,173): error TS2339: Property 'DoublePtr' does not exist on type '{}'.
vendor/tesseract/tesseract-core.wasm.js(239,230): error TS2339: Property 'Bf' does not exist on type 'gi'.
vendor/tesseract/tesseract-core.wasm.js(239,402): error TS2339: Property 'Dawg' does not exist on type '{}'.
vendor/tesseract/tesseract-core.wasm.js(239,454): error TS2339: Property 'Bf' does not exist on type 'hi'.
vendor/tesseract/tesseract-core.wasm.js(240,170): error TS2339: Property 'BoxPtr' does not exist on type '{}'.
vendor/tesseract/tesseract-core.wasm.js(240,224): error TS2339: Property 'Bf' does not exist on type 'fi'.
vendor/tesseract/tesseract-core.wasm.js(240,367): error TS2339: Property 'TessBaseAPI' does not exist on type '{}'.
vendor/tesseract/tesseract-core.wasm.js(241,35): error TS7006: Parameter 'a' implicitly has an 'any' type.
vendor/tesseract/tesseract-core.wasm.js(241,194): error TS7006: Parameter 'a' implicitly has an 'any' type.
vendor/tesseract/tesseract-core.wasm.js(242,36): error TS7006: Parameter 'a' implicitly has an 'any' type.
vendor/tesseract/tesseract-core.wasm.js(242,113): error TS2300: Duplicate identifier 'SetVariable'.
vendor/tesseract/tesseract-core.wasm.js(242,137): error TS2300: Duplicate identifier 'SetVariable'.
vendor/tesseract/tesseract-core.wasm.js(242,158): error TS7006: Parameter 'a' implicitly has an 'any' type.
vendor/tesseract/tesseract-core.wasm.js(242,160): error TS7006: Parameter 'c' implicitly has an 'any' type.
vendor/tesseract/tesseract-core.wasm.js(242,308): error TS7006: Parameter 'a' implicitly has an 'any' type.
vendor/tesseract/tesseract-core.wasm.js(242,310): error TS7006: Parameter 'c' implicitly has an 'any' type.
vendor/tesseract/tesseract-core.wasm.js(243,37): error TS7006: Parameter 'a' implicitly has an 'any' type.
vendor/tesseract/tesseract-core.wasm.js(243,39): error TS7006: Parameter 'c' implicitly has an 'any' type.
vendor/tesseract/tesseract-core.wasm.js(243,184): error TS7006: Parameter 'a' implicitly has an 'any' type.
vendor/tesseract/tesseract-core.wasm.js(243,186): error TS7006: Parameter 'c' implicitly has an 'any' type.
vendor/tesseract/tesseract-core.wasm.js(243,333): error TS7006: Parameter 'a' implicitly has an 'any' type.
vendor/tesseract/tesseract-core.wasm.js(243,335): error TS7006: Parameter 'c' implicitly has an 'any' type.
vendor/tesseract/tesseract-core.wasm.js(244,40): error TS7006: Parameter 'a' implicitly has an 'any' type.
vendor/tesseract/tesseract-core.wasm.js(244,141): error TS7006: Parameter 'a' implicitly has an 'any' type.
vendor/tesseract/tesseract-core.wasm.js(244,143): error TS7006: Parameter 'c' implicitly has an 'any' type.
vendor/tesseract/tesseract-core.wasm.js(244,145): error TS7006: Parameter 'd' implicitly has an 'any' type.
vendor/tesseract/tesseract-core.wasm.js(244,147): error TS7006: Parameter 'e' implicitly has an 'any' type.
vendor/tesseract/tesseract-core.wasm.js(245,197): error TS7006: Parameter 'a' implicitly has an 'any' type.
vendor/tesseract/tesseract-core.wasm.js(245,303): error TS7006: Parameter 'a' implicitly has an 'any' type.
vendor/tesseract/tesseract-core.wasm.js(245,404): error TS7006: Parameter 'a' implicitly has an 'any' type.
vendor/tesseract/tesseract-core.wasm.js(246,36): error TS7006: Parameter 'a' implicitly has an 'any' type.
vendor/tesseract/tesseract-core.wasm.js(246,38): error TS7006: Parameter 'c' implicitly has an 'any' type.
vendor/tesseract/tesseract-core.wasm.js(246,40): error TS7006: Parameter 'd' implicitly has an 'any' type.
vendor/tesseract/tesseract-core.wasm.js(246,42): error TS7006: Parameter 'e' implicitly has an 'any' type.
vendor/tesseract/tesseract-core.wasm.js(246,44): error TS7006: Parameter 'g' implicitly has an 'any' type.
vendor/tesseract/tesseract-core.wasm.js(246,46): error TS7006: Parameter 'h' implicitly has an 'any' type.
vendor/tesseract/tesseract-core.wasm.js(246,48): error TS7006: Parameter 'k' implicitly has an 'any' type.
vendor/tesseract/tesseract-core.wasm.js(247,31): error TS7006: Parameter 'a' implicitly has an 'any' type.
vendor/tesseract/tesseract-core.wasm.js(247,33): error TS7006: Parameter 'c' implicitly has an 'any' type.
vendor/tesseract/tesseract-core.wasm.js(247,35): error TS7006: Parameter 'd' implicitly has an 'any' type.
vendor/tesseract/tesseract-core.wasm.js(247,37): error TS7006: Parameter 'e' implicitly has an 'any' type.
vendor/tesseract/tesseract-core.wasm.js(247,39): error TS7006: Parameter 'g' implicitly has an 'any' type.
vendor/tesseract/tesseract-core.wasm.js(247,391): error TS7006: Parameter 'a' implicitly has an 'any' type.
vendor/tesseract/tesseract-core.wasm.js(248,35): error TS7006: Parameter 'a' implicitly has an 'any' type.
vendor/tesseract/tesseract-core.wasm.js(248,37): error TS7006: Parameter 'c' implicitly has an 'any' type.
vendor/tesseract/tesseract-core.wasm.js(248,39): error TS7006: Parameter 'd' implicitly has an 'any' type.
vendor/tesseract/tesseract-core.wasm.js(248,41): error TS7006: Parameter 'e' implicitly has an 'any' type.
vendor/tesseract/tesseract-core.wasm.js(248,305): error TS7006: Parameter 'a' implicitly has an 'any' type.
vendor/tesseract/tesseract-core.wasm.js(248,355): error TS7006: Parameter 'a' implicitly has an 'any' type.
vendor/tesseract/tesseract-core.wasm.js(249,35): error TS7006: Parameter 'a' implicitly has an 'any' type.
vendor/tesseract/tesseract-core.wasm.js(249,37): error TS7006: Parameter 'c' implicitly has an 'any' type.
vendor/tesseract/tesseract-core.wasm.js(249,39): error TS7006: Parameter 'd' implicitly has an 'any' type.
vendor/tesseract/tesseract-core.wasm.js(249,41): error TS7006: Parameter 'e' implicitly has an 'any' type.
vendor/tesseract/tesseract-core.wasm.js(249,43): error TS7006: Parameter 'g' implicitly has an 'any' type.
vendor/tesseract/tesseract-core.wasm.js(249,271): error TS2304: Cannot find name '_emscripten_bind_TessBaseAPI_GetTextlines_3'.
vendor/tesseract/tesseract-core.wasm.js(249,340): error TS2304: Cannot find name '_emscripten_bind_TessBaseAPI_GetTextlines_4'.
vendor/tesseract/tesseract-core.wasm.js(250,32): error TS7006: Parameter 'a' implicitly has an 'any' type.
vendor/tesseract/tesseract-core.wasm.js(250,34): error TS7006: Parameter 'c' implicitly has an 'any' type.
vendor/tesseract/tesseract-core.wasm.js(250,170): error TS7006: Parameter 'a' implicitly has an 'any' type.
vendor/tesseract/tesseract-core.wasm.js(250,285): error TS7006: Parameter 'a' implicitly has an 'any' type.
vendor/tesseract/tesseract-core.wasm.js(251,41): error TS7006: Parameter 'a' implicitly has an 'any' type.
vendor/tesseract/tesseract-core.wasm.js(251,43): error TS7006: Parameter 'c' implicitly has an 'any' type.
vendor/tesseract/tesseract-core.wasm.js(251,45): error TS7006: Parameter 'd' implicitly has an 'any' type.
vendor/tesseract/tesseract-core.wasm.js(251,47): error TS7006: Parameter 'e' implicitly has an 'any' type.
vendor/tesseract/tesseract-core.wasm.js(251,49): error TS7006: Parameter 'g' implicitly has an 'any' type.
vendor/tesseract/tesseract-core.wasm.js(251,51): error TS7006: Parameter 'h' implicitly has an 'any' type.
vendor/tesseract/tesseract-core.wasm.js(251,53): error TS7006: Parameter 'k' implicitly has an 'any' type.
vendor/tesseract/tesseract-core.wasm.js(251,351): error TS2304: Cannot find name '_emscripten_bind_TessBaseAPI_GetComponentImages_5'.
vendor/tesseract/tesseract-core.wasm.js(251,430): error TS2304: Cannot find name '_emscripten_bind_TessBaseAPI_GetComponentImages_6'.
vendor/tesseract/tesseract-core.wasm.js(252,129): error TS7006: Parameter 'a' implicitly has an 'any' type.
vendor/tesseract/tesseract-core.wasm.js(252,253): error TS7006: Parameter 'a' implicitly has an 'any' type.
vendor/tesseract/tesseract-core.wasm.js(253,35): error TS7006: Parameter 'a' implicitly has an 'any' type.
vendor/tesseract/tesseract-core.wasm.js(253,37): error TS7006: Parameter 'c' implicitly has an 'any' type.
vendor/tesseract/tesseract-core.wasm.js(253,39): error TS7006: Parameter 'd' implicitly has an 'any' type.
vendor/tesseract/tesseract-core.wasm.js(253,41): error TS7006: Parameter 'e' implicitly has an 'any' type.
vendor/tesseract/tesseract-core.wasm.js(254,34): error TS7006: Parameter 'a' implicitly has an 'any' type.
vendor/tesseract/tesseract-core.wasm.js(254,36): error TS7006: Parameter 'c' implicitly has an 'any' type.
vendor/tesseract/tesseract-core.wasm.js(254,38): error TS7006: Parameter 'd' implicitly has an 'any' type.
vendor/tesseract/tesseract-core.wasm.js(254,40): error TS7006: Parameter 'e' implicitly has an 'any' type.
vendor/tesseract/tesseract-core.wasm.js(254,42): error TS7006: Parameter 'g' implicitly has an 'any' type.
vendor/tesseract/tesseract-core.wasm.js(254,44): error TS7006: Parameter 'h' implicitly has an 'any' type.
vendor/tesseract/tesseract-core.wasm.js(255,34): error TS7006: Parameter 'a' implicitly has an 'any' type.
vendor/tesseract/tesseract-core.wasm.js(255,135): error TS7006: Parameter 'a' implicitly has an 'any' type.
vendor/tesseract/tesseract-core.wasm.js(255,236): error TS7006: Parameter 'a' implicitly has an 'any' type.
vendor/tesseract/tesseract-core.wasm.js(255,395): error TS7006: Parameter 'a' implicitly has an 'any' type.
vendor/tesseract/tesseract-core.wasm.js(256,105): error TS7006: Parameter 'a' implicitly has an 'any' type.
vendor/tesseract/tesseract-core.wasm.js(256,107): error TS7006: Parameter 'c' implicitly has an 'any' type.
vendor/tesseract/tesseract-core.wasm.js(256,204): error TS2304: Cannot find name '_emscripten_bind_TessBaseAPI_AdaptToWordStr_2'.
vendor/tesseract/tesseract-core.wasm.js(256,430): error TS7006: Parameter 'a' implicitly has an 'any' type.
vendor/tesseract/tesseract-core.wasm.js(257,39): error TS7006: Parameter 'a' implicitly has an 'any' type.
vendor/tesseract/tesseract-core.wasm.js(257,142): error TS7006: Parameter 'a' implicitly has an 'any' type.
vendor/tesseract/tesseract-core.wasm.js(257,241): error TS7006: Parameter 'a' implicitly has an 'any' type.
vendor/tesseract/tesseract-core.wasm.js(257,339): error TS7006: Parameter 'a' implicitly has an 'any' type.
vendor/tesseract/tesseract-core.wasm.js(258,187): error TS2339: Property 'OSResults' does not exist on type '{}'.
vendor/tesseract/tesseract-core.wasm.js(259,278): error TS2339: Property 'Pixa' does not exist on type '{}'.
vendor/tesseract/tesseract-core.wasm.js(259,344): error TS2339: Property 'Bf' does not exist on type 'Z'.
vendor/tesseract/tesseract-core.wasm.js(259,473): error TS2339: Property 'Bf' does not exist on type 'Z'.
vendor/tesseract/tesseract-core.wasm.js(260,132): error TS2339: Property 'Bf' does not exist on type 'Z'.
vendor/tesseract/tesseract-core.wasm.js(260,267): error TS2339: Property 'Bf' does not exist on type 'Z'.
vendor/tesseract/tesseract-core.wasm.js(260,402): error TS2339: Property 'Bf' does not exist on type 'Z'.
vendor/tesseract/tesseract-core.wasm.js(260,516): error TS2339: Property 'Bf' does not exist on type 'Z'.
vendor/tesseract/tesseract-core.wasm.js(261,26): error TS7005: Variable 'b' implicitly has an 'any' type.
vendor/tesseract/tesseract-core.wasm.js(261,43): error TS7005: Variable 'b' implicitly has an 'any' type.
vendor/tesseract/tesseract-core.wasm.js(261,59): error TS7005: Variable 'b' implicitly has an 'any' type.
vendor/tesseract/tesseract-core.wasm.js(261,79): error TS7005: Variable 'b' implicitly has an 'any' type.
vendor/tesseract/tesseract-core.wasm.js(261,95): error TS7005: Variable 'b' implicitly has an 'any' type.
vendor/tesseract/tesseract-core.wasm.js(261,113): error TS7005: Variable 'b' implicitly has an 'any' type.
vendor/tesseract/tesseract-core.wasm.js(261,139): error TS7005: Variable 'b' implicitly has an 'any' type.
vendor/tesseract/tesseract-core.wasm.js(261,160): error TS7005: Variable 'b' implicitly has an 'any' type.
vendor/tesseract/tesseract-core.wasm.js(261,195): error TS7005: Variable 'b' implicitly has an 'any' type.
vendor/tesseract/tesseract-core.wasm.js(261,214): error TS7005: Variable 'b' implicitly has an 'any' type.
vendor/tesseract/tesseract-core.wasm.js(261,231): error TS7005: Variable 'b' implicitly has an 'any' type.
vendor/tesseract/tesseract-core.wasm.js(261,270): error TS7005: Variable 'b' implicitly has an 'any' type.
vendor/tesseract/tesseract-core.wasm.js(261,309): error TS7005: Variable 'b' implicitly has an 'any' type.
vendor/tesseract/tesseract-core.wasm.js(261,348): error TS7005: Variable 'b' implicitly has an 'any' type.
vendor/tesseract/tesseract-core.wasm.js(261,366): error TS7005: Variable 'b' implicitly has an 'any' type.
vendor/tesseract/tesseract-core.wasm.js(261,389): error TS7005: Variable 'b' implicitly has an 'any' type.
vendor/tesseract/tesseract-core.wasm.js(261,412): error TS7005: Variable 'b' implicitly has an 'any' type.
vendor/tesseract/tesseract-core.wasm.js(261,435): error TS7005: Variable 'b' implicitly has an 'any' type.
vendor/tesseract/tesseract-core.wasm.js(261,454): error TS7005: Variable 'b' implicitly has an 'any' type.
vendor/tesseract/tesseract-core.wasm.js(261,480): error TS7005: Variable 'b' implicitly has an 'any' type.
vendor/tesseract/tesseract-core.wasm.js(261,496): error TS7005: Variable 'b' implicitly has an 'any' type.
vendor/tesseract/tesseract-core.wasm.js(262,6): error TS7005: Variable 'b' implicitly has an 'any' type.
vendor/tesseract/tesseract-core.wasm.js(262,29): error TS7005: Variable 'b' implicitly has an 'any' type.
vendor/tesseract/tesseract-core.wasm.js(262,53): error TS7005: Variable 'b' implicitly has an 'any' type.
vendor/tesseract/tesseract-core.wasm.js(262,77): error TS7005: Variable 'b' implicitly has an 'any' type.
vendor/tesseract/tesseract-core.wasm.js(262,101): error TS7005: Variable 'b' implicitly has an 'any' type.
vendor/tesseract/tesseract-core.wasm.js(262,121): error TS7005: Variable 'b' implicitly has an 'any' type.
vendor/tesseract/tesseract-core.wasm.js(262,141): error TS7005: Variable 'b' implicitly has an 'any' type.
vendor/tesseract/tesseract-core.wasm.js(262,157): error TS7005: Variable 'b' implicitly has an 'any' type.
vendor/tesseract/tesseract-core.wasm.js(262,173): error TS7005: Variable 'b' implicitly has an 'any' type.
vendor/tesseract/tesseract-core.wasm.js(262,192): error TS7005: Variable 'b' implicitly has an 'any' type.
vendor/tesseract/tesseract-core.wasm.js(262,217): error TS7005: Variable 'b' implicitly has an 'any' type.
vendor/tesseract/tesseract-core.wasm.js(262,242): error TS7005: Variable 'b' implicitly has an 'any' type.
vendor/tesseract/tesseract-core.wasm.js(262,257): error TS7005: Variable 'b' implicitly has an 'any' type.
vendor/tesseract/tesseract-core.wasm.js(262,286): error TS7005: Variable 'b' implicitly has an 'any' type.
vendor/tesseract/tesseract-core.wasm.js(262,312): error TS7005: Variable 'b' implicitly has an 'any' type.
vendor/tesseract/tesseract-core.wasm.js(262,340): error TS7005: Variable 'b' implicitly has an 'any' type.
vendor/tesseract/tesseract-core.wasm.js(262,367): error TS7005: Variable 'b' implicitly has an 'any' type.
vendor/tesseract/tesseract-core.wasm.js(262,403): error TS7005: Variable 'b' implicitly has an 'any' type.
vendor/tesseract/tesseract-core.wasm.js(262,439): error TS7005: Variable 'b' implicitly has an 'any' type.
vendor/tesseract/tesseract-core.wasm.js(262,475): error TS7005: Variable 'b' implicitly has an 'any' type.
vendor/tesseract/tesseract-core.wasm.js(263,1): error TS7005: Variable 'b' implicitly has an 'any' type.
vendor/tesseract/tesseract-core.wasm.js(263,31): error TS7005: Variable 'b' implicitly has an 'any' type.
vendor/tesseract/tesseract-core.wasm.js(263,60): error TS7005: Variable 'b' implicitly has an 'any' type.
vendor/tesseract/tesseract-core.wasm.js(263,89): error TS7005: Variable 'b' implicitly has an 'any' type.
vendor/tesseract/tesseract-core.wasm.js(263,109): error TS7005: Variable 'b' implicitly has an 'any' type.
vendor/tesseract/tesseract-core.wasm.js(263,129): error TS7005: Variable 'b' implicitly has an 'any' type.
vendor/tesseract/tesseract-core.wasm.js(263,150): error TS7005: Variable 'b' implicitly has an 'any' type.
vendor/tesseract/tesseract-core.wasm.js(263,166): error TS7005: Variable 'b' implicitly has an 'any' type.
vendor/tesseract/tesseract-core.wasm.js(263,191): error TS7005: Variable 'b' implicitly has an 'any' type.
vendor/tesseract/tesseract-core.wasm.js(263,225): error TS7005: Variable 'b' implicitly has an 'any' type.
vendor/tesseract/tesseract-core.wasm.js(263,249): error TS7005: Variable 'b' implicitly has an 'any' type.
vendor/tesseract/tesseract-core.wasm.js(263,272): error TS7005: Variable 'b' implicitly has an 'any' type.
vendor/tesseract/tesseract-core.wasm.js(263,295): error TS7005: Variable 'b' implicitly has an 'any' type.
vendor/tesseract/tesseract-core.wasm.js(263,318): error TS7005: Variable 'b' implicitly has an 'any' type.
vendor/tesseract/tesseract-core.wasm.js(263,341): error TS7005: Variable 'b' implicitly has an 'any' type.
vendor/tesseract/tesseract-core.wasm.js(263,364): error TS7005: Variable 'b' implicitly has an 'any' type.
vendor/tesseract/tesseract-core.wasm.js(263,391): error TS7005: Variable 'b' implicitly has an 'any' type.
vendor/tesseract/tesseract-core.wasm.js(263,411): error TS7005: Variable 'b' implicitly has an 'any' type.
vendor/tesseract/tesseract-core.wasm.js(264,32): error TS7006: Parameter 'a' implicitly has an 'any' type.
vendor/tesseract/tesseract-core.wasm.js(264,51): error TS2339: Property 'Bf' does not exist on type 'Rh'.
vendor/tesseract/tesseract-core.wasm.js(264,98): error TS7006: Parameter 'a' implicitly has an 'any' type.
vendor/tesseract/tesseract-core.wasm.js(264,116): error TS2339: Property 'Bf' does not exist on type 'di'.
vendor/tesseract/tesseract-core.wasm.js(264,167): error TS7006: Parameter 'a' implicitly has an 'any' type.
vendor/tesseract/tesseract-core.wasm.js(264,185): error TS2339: Property 'Bf' does not exist on type '$h'.
vendor/tesseract/tesseract-core.wasm.js(264,238): error TS7006: Parameter 'a' implicitly has an 'any' type.
vendor/tesseract/tesseract-core.wasm.js(264,256): error TS2339: Property 'Bf' does not exist on type 'gi'.
vendor/tesseract/tesseract-core.wasm.js(264,339): error TS7006: Parameter 'a' implicitly has an 'any' type.
vendor/tesseract/tesseract-core.wasm.js(264,357): error TS2339: Property 'Bf' does not exist on type 'bi'.
vendor/tesseract/tesseract-core.wasm.js(264,427): error TS7006: Parameter 'a' implicitly has an 'any' type.
vendor/tesseract/tesseract-core.wasm.js(264,429): error TS7006: Parameter 'c' implicitly has an 'any' type.
vendor/tesseract/tesseract-core.wasm.js(264,465): error TS7053: Element implicitly has an 'any' type because expression of type 'any' can't be used to index type '{}'.
vendor/tesseract/tesseract-core.wasm.js(265,28): error TS7006: Parameter 'a' implicitly has an 'any' type.
vendor/tesseract/tesseract-core.wasm.js(265,81): error TS7006: Parameter 'a' implicitly has an 'any' type.
vendor/tesseract/tesseract-core.wasm.js(265,134): error TS7006: Parameter 'a' implicitly has an 'any' type.
vendor/tesseract/tesseract-core.wasm.js(265,187): error TS7006: Parameter 'a' implicitly has an 'any' type.
vendor/tesseract/tesseract-core.wasm.js(265,197): error TS7053: Element implicitly has an 'any' type because expression of type 'any' can't be used to index type '{}'.
vendor/tesseract/tesseract-core.wasm.js(265,278): error TS7053: Element implicitly has an 'any' type because expression of type 'string' can't be used to index type '{}'.
  No index signature with a parameter of type 'string' was found on type '{}'.
vendor/tesseract/tesseract-core.wasm.js(265,283): error TS7053: Element implicitly has an 'any' type because expression of type 'string' can't be used to index type '{}'.
  No index signature with a parameter of type 'string' was found on type '{}'.
vendor/tesseract/tesseract-core.wasm.js(265,371): error TS7053: Element implicitly has an 'any' type because expression of type 'string' can't be used to index type '{}'.
  No index signature with a parameter of type 'string' was found on type '{}'.
vendor/tesseract/tesseract-core.wasm.js(265,376): error TS7053: Element implicitly has an 'any' type because expression of type 'string' can't be used to index type '{}'.
  No index signature with a parameter of type 'string' was found on type '{}'.
vendor/tesseract/tesseract-core.wasm.js(265,401): error TS7053: Element implicitly has an 'any' type because expression of type 'string' can't be used to index type '{}'.
  No index signature with a parameter of type 'string' was found on type '{}'.
vendor/tesseract/tesseract-core.wasm.js(266,37): error TS7006: Parameter 'a' implicitly has an 'any' type.
vendor/tesseract/tesseract-core.wasm.js(266,170): error TS7006: Parameter 'a' implicitly has an 'any' type.
vendor/tesseract/tesseract-core.wasm.js(266,255): error TS2740: Type '{}' is missing the following properties from type 'ii': hg, wrap, bool, i32, and 4 more.
vendor/tesseract/tesseract-core.wasm.js(266,267): error TS2339: Property 'has_baseline' does not exist on type 'ii'.
vendor/tesseract/tesseract-core.wasm.js(267,249): error TS2740: Type '{}' is missing the following properties from type 'ii': hg, wrap, bool, i32, and 4 more.
vendor/tesseract/tesseract-core.wasm.js(267,261): error TS2339: Property 'font_name' does not exist on type 'ii'.
vendor/tesseract/tesseract-core.wasm.js(267,285): error TS2339: Property 'pointerHelper' does not exist on type '{}'.
vendor/tesseract/tesseract-core.wasm.js(270,24): error TS2339: Property 'ready' does not exist on type '{}'.
vendor/tesseract/tesseract-core.wasm.js(277,17): error TS2304: Cannot find name 'define'.
vendor/tesseract/tesseract-core.wasm.js(277,42): error TS2304: Cannot find name 'define'.
vendor/tesseract/tesseract-core.wasm.js(278,3): error TS2304: Cannot find name 'define'.
